player_id,year,player_name,role,nationality,base_price_lakh,final_price_lakh,team,career_runs_before,career_balls_before,career_innings_before,career_hundreds_before,career_fifties_before,career_fours_before,career_sixes_before,career_batting_sr_before,last_season_runs,last_season_balls,last_season_sr,last_season_fifties,last_season_hundreds,recent3_runs,recent3_fifties,recent3_hundreds,recent3_sr,batting_seasons_before,career_wickets_before,career_balls_bowled_before,career_runs_conceded_before,career_3w_before,career_4w_before,career_5w_before,career_economy_before,last_season_wickets,last_season_economy,last_season_balls_bowled,recent3_wickets,recent3_balls_bowled,recent3_economy,bowling_seasons_before,previous_auction_price,previous_auction_count,has_batting_history,has_bowling_history,predicted_price_lakh,error_lakh,absolute_error_lakh,price_range
P0001,2008,Virat Kohli,Batsman,Indian,,30.0,RCB,0,0,0,0,0,0,0,0.0,0,0,0.0,0,0,0,0,0,0.0,0,0,0,0,0,0,0,0.0,0,0.0,0,0,0,0.0,0,0.0,0.0,0,0,109.70681158718025,79.70681158718025,79.70681158718025,< ₹1 Cr
P0001,2010,Virat Kohli,Batsman,Indian,,40.0,RCB,411,376,25,0,1,40,12,109.30851063829788,246,219,112.32876712328768,1,0,411,1,0,109.30851063829788,2,2,82,107,0,0,0,7.829268292682928,0,7.666666666666666,36,2,82,7.829268292682928,2,30.0,1.0,1,1,131.0211470708803,91.02114707088029,91.02114707088029,< ₹1 Cr
P0002,2008,Rohit Sharma,Batsman,Indian,,148.0,DCH,0,0,0,0,0,0,0,0.0,0,0,0.0,0,0,0,0,0,0.0,0,0,0,0,0,0,0,0.0,0,0.0,0,0,0,0.0,0,0.0,0.0,0,0,109.70681158718025,-38.293188412819745,38.293188412819745,₹1–2 Cr
P0002,2011,Rohit Sharma,,Indian,90.0,855.0,MI,1170,890,44,0,8,96,51,131.46067415730337,404,302,133.7748344370861,3,0,1170,8,0,131.46067415730337,3,14,276,339,1,1,0,7.369565217391304,2,8.052631578947368,114,14,276,7.369565217391304,3,148.0,1.0,1,1,817.6747502775004,-37.32524972249962,37.32524972249962,₹5–10 Cr
P0003,2008,Shikhar Dhawan,Batsman,Indian,,200.0,DC,0,0,0,0,0,0,0,0.0,0,0,0.0,0,0,0,0,0,0.0,0,0,0,0,0,0,0,0.0,0,0.0,0,0,0,0.0,0,0.0,0.0,0,0,109.70681158718025,-90.29318841281975,90.29318841281975,₹2–5 Cr
P0003,2010,Shikhar Dhawan,Batsman,Indian,,25.0,DC,380,340,18,0,4,38,8,111.76470588235294,40,45,88.88888888888889,0,0,380,4,0,111.76470588235294,2,0,0,0,0,0,0,0.0,0,0.0,0,0,0,0.0,0,200.0,1.0,1,0,90.12135340332655,65.12135340332655,65.12135340332655,< ₹1 Cr
P0003,2011,Shikhar Dhawan,,Indian,90.0,135.0,DCH,571,510,28,0,6,61,11,111.9607843137255,191,170,112.3529411764706,2,0,571,6,0,111.9607843137255,3,0,0,0,0,0,0,0.0,0,0.0,0,0,0,0.0,0,25.0,2.0,1,0,168.24224610410653,33.24224610410653,33.24224610410653,₹1–2 Cr
P0003,2018,Shikhar Dhawan,Batsman,Indian,,520.0,SRH,3561,2922,126,0,28,401,71,121.86858316221767,479,376,127.39361702127661,3,0,1333,10,0,122.1814848762603,10,4,48,66,0,0,0,8.25,3,9.166666666666666,36,4,48,8.25,2,135.0,3.0,1,1,564.7411757455507,44.74117574555066,44.74117574555066,₹5–10 Cr
P0003,2022,Shikhar Dhawan,Batsman,Indian,,825.0,PBKS,5784,4567,191,2,44,654,124,126.6476899496387,587,471,124.6284501061571,3,0,1726,12,2,134.63338533541344,14,4,48,66,0,0,0,8.25,3,9.166666666666666,36,4,48,8.25,2,520.0,4.0,1,1,687.7726084656084,-137.2273915343916,137.2273915343916,₹5–10 Cr
P0004,2011,David Warner,,Overseas,22.5,337.5,DC,445,323,18,1,2,43,19,137.77089783281733,282,191,147.64397905759162,1,1,445,2,1,137.77089783281733,2,0,0,0,0,0,0,0.0,0,0.0,0,0,0,0.0,0,0.0,0.0,1,0,356.2855465590304,18.785546559030422,18.785546559030422,₹2–5 Cr
P0004,2014,David Warner,Batsman,Overseas,,550.0,SRH,1435,1078,55,2,10,146,58,133.11688311688312,410,323,126.93498452012383,4,0,990,8,1,131.12582781456953,5,0,0,0,0,0,0,0.0,0,0.0,0,0,0,0.0,0,337.5,1.0,1,0,533.3641985329486,-16.63580146705135,16.63580146705135,₹5–10 Cr
P0004,2022,David Warner,Batsman,Overseas,,625.0,DC,5449,3893,150,4,50,525,201,139.969175443103,195,181,107.73480662983425,2,0,1435,14,1,134.23760523854068,12,0,1,2,0,0,0,12.0,0,12.0,1,0,1,12.0,1,550.0,2.0,1,1,590.3542182627598,-34.64578173724021,34.64578173724021,₹5–10 Cr
P0005,2008,Suresh Raina,Batsman,Indian,,125.0,CSK,0,0,0,0,0,0,0,0.0,0,0,0.0,0,0,0,0,0,0.0,0,0,0,0,0,0,0,0.0,0,0.0,0,0,0,0.0,0,0.0,0.0,0,0,109.70681158718025,-15.293188412819745,15.293188412819745,₹1–2 Cr
P0008,2008,AB de Villiers,Batsman,Overseas,,100.0,DC,0,0,0,0,0,0,0,0.0,0,0,0.0,0,0,0,0,0,0.0,0,0,0,0,0,0,0,0.0,0,0.0,0,0,0,0.0,0,0.0,0.0,0,0,193.840539245101,93.84053924510101,93.84053924510101,₹1–2 Cr
P0008,2011,AB de Villiers,,Overseas,180.0,450.0,DC,671,572,26,1,3,51,13,117.3076923076923,111,119,93.27731092436974,0,0,671,3,1,117.3076923076923,3,0,0,0,0,0,0,0.0,0,0.0,0,0,0,0.0,0,100.0,1.0,1,0,363.7017358202527,-86.29826417974732,86.29826417974732,₹2–5 Cr
P0009,2010,Ajinkya Rahane,Batsman,Indian,,25.0,MI,148,140,9,0,2,13,3,105.71428571428572,144,123,117.07317073170731,2,0,148,2,0,105.71428571428572,2,1,6,5,0,0,0,5.0,1,5.0,6,1,6,5.0,1,0.0,0.0,1,1,76.32302234780406,51.323022347804056,51.323022347804056,< ₹1 Cr
P0009,2018,Ajinkya Rahane,Batsman,Indian,,400.0,RR,3057,2535,105,1,25,320,60,120.59171597633136,382,323,118.26625386996905,2,0,1402,12,0,125.73991031390135,9,1,6,5,0,0,0,5.0,1,5.0,6,1,6,5.0,1,25.0,1.0,1,1,467.31208856883865,67.31208856883865,67.31208856883865,₹2–5 Cr
P0009,2022,Ajinkya Rahane,Batsman,Indian,,100.0,KKR,3941,3248,141,2,28,417,76,121.33620689655173,8,8,100.0,0,0,514,2,1,128.5,13,1,6,5,0,0,0,5.0,1,5.0,6,1,6,5.0,1,400.0,2.0,1,1,158.58521369946752,58.585213699467516,58.585213699467516,₹1–2 Cr
P0009,2023,Ajinkya Rahane,Batsman,Indian,50.0,50.0,CSK,4074,3376,148,2,28,431,80,120.67535545023698,133,128,103.90625,0,0,254,1,0,104.5267489711934,14,1,6,5,0,0,0,5.0,1,5.0,6,1,6,5.0,1,100.0,3.0,1,1,126.16903019991919,76.16903019991919,76.16903019991919,< ₹1 Cr
P0010,2008,Chris Gayle,Batsman,Overseas,,125.0,KKR,0,0,0,0,0,0,0,0.0,0,0,0.0,0,0,0,0,0,0.0,0,0,0,0,0,0,0,0.0,0,0.0,0,0,0,0.0,0,0.0,0.0,0,0,193.840539245101,68.84053924510101,68.84053924510101,₹1–2 Cr
P0010,2009,Chris Gayle,Batsman,Overseas,,40.0,KKR,0,0,0,0,0,0,0,0.0,0,0,0.0,0,0,0,0,0,0.0,0,0,0,0,0,0,0,0.0,0,0.0,0,0,0,0.0,0,125.0,1.0,0,0,156.62043216416785,116.62043216416785,116.62043216416785,< ₹1 Cr
P0012,2008,Dinesh Karthik,Wicket-Keeper,Indian,,100.0,DC,0,0,0,0,0,0,0,0.0,0,0,0.0,0,0,0,0,0,0.0,0,0,0,0,0,0,0,0.0,0,0.0,0,0,0,0.0,0,0.0,0.0,0,0,90.85676286851051,-9.143237131489485,9.143237131489485,₹1–2 Cr
P0012,2011,Dinesh Karthik,,Indian,45.0,405.0,DC,711,561,35,0,3,59,19,126.7379679144385,278,237,117.29957805907173,1,0,711,3,0,126.7379679144385,3,0,0,0,0,0,0,0.0,0,0.0,0,0,0,0.0,0,100.0,1.0,1,0,407.4384192993042,2.4384192993042006,2.4384192993042006,₹2–5 Cr
P0012,2014,Dinesh Karthik,Wicket-Keeper,Indian,,1250.0,DC,1741,1405,81,0,6,175,42,123.91459074733095,510,411,124.08759124087592,2,0,1030,3,0,122.03791469194314,6,0,0,0,0,0,0,0.0,0,0.0,0,0,0,0.0,0,405.0,2.0,1,0,899.0628090428094,-350.93719095719064,350.93719095719064,₹10+ Cr
P0012,2015,Dinesh Karthik,Wicket-Keeper,Indian,,1050.0,RCB,2066,1663,95,0,9,203,53,124.23331328923632,325,258,125.96899224806202,3,0,1073,5,0,121.65532879818595,7,0,0,0,0,0,0,0.0,0,0.0,0,0,0,0.0,0,1250.0,3.0,1,0,980.4449444629438,-69.5550555370562,69.5550555370562,₹10+ Cr
P0012,2016,Dinesh Karthik,Wicket-Keeper,Indian,,230.0,GL,2207,1780,106,0,9,218,57,123.9887640449438,141,117,120.51282051282051,0,0,976,5,0,124.17302798982189,8,0,0,0,0,0,0,0.0,0,0.0,0,0,0,0.0,0,1050.0,4.0,1,0,583.3511232233026,353.3511232233026,353.3511232233026,₹2–5 Cr
P0012,2018,Dinesh Karthik,Wicket-Keeper,Indian,,740.0,KKR,2903,2305,134,0,14,286,71,125.94360086767895,361,259,139.3822393822394,2,0,837,5,0,130.37383177570095,10,0,0,0,0,0,0,0.0,0,0.0,0,0,0,0.0,0,230.0,5.0,1,0,670.6263530774788,-69.37364692252117,69.37364692252117,₹5–10 Cr
P0012,2022,Dinesh Karthik,Wicket-Keeper,Indian,,550.0,RCB,4046,3119,191,0,19,399,112,129.72106444373196,223,170,131.1764705882353,0,0,645,3,0,135.22012578616352,14,0,0,0,0,0,0,0.0,0,0.0,0,0,0,0.0,0,740.0,6.0,1,0,517.5838392857142,-32.41616071428575,32.41616071428575,₹5–10 Cr
P0013,2014,Faf Du Plessis,Batsman,Overseas,,475.0,CSK,398,304,12,0,3,29,17,130.92105263157893,398,304,130.92105263157893,3,0,398,3,0,130.92105263157893,1,0,6,16,0,0,0,16.0,0,16.0,6,0,6,16.0,1,0.0,0.0,1,1,437.68972054079194,-37.31027945920806,37.31027945920806,₹2–5 Cr
P0013,2018,Faf Du Plessis,Batsman,Overseas,,160.0,CSK,1295,1012,46,0,8,110,38,127.96442687747036,8,7,114.28571428571428,0,0,594,3,0,125.5813953488372,5,0,6,16,0,0,0,16.0,0,16.0,6,0,6,16.0,1,475.0,1.0,1,1,281.26576713683914,121.26576713683914,121.26576713683914,₹1–2 Cr
P0013,2022,Faf Du Plessis,Batsman,Overseas,,700.0,RCB,2935,2239,93,0,22,265,96,131.08530594015187,633,458,138.20960698689956,6,0,1478,13,0,134.60837887067396,9,0,6,16,0,0,0,16.0,0,16.0,6,0,6,16.0,1,160.0,2.0,1,1,630.5387812881562,-69.4612187118438,69.4612187118438,₹5–10 Cr
P0014,2016,Sanju Samson,Wicket-Keeper,Indian,,420.0,DC,749,614,34,0,4,60,30,121.9869706840391,204,163,125.15337423312884,1,0,749,4,0,121.9869706840391,3,0,0,0,0,0,0,0.0,0,0.0,0,0,0,0.0,0,0.0,0.0,1,0,372.37471371070427,-47.62528628929573,47.62528628929573,₹2–5 Cr
P0014,2018,Sanju Samson,Wicket-Keeper,Indian,,800.0,RR,1426,1146,62,1,7,112,57,124.43280977312392,386,273,141.3919413919414,2,1,881,4,1,126.76258992805755,5,0,0,0,0,0,0,0.0,0,0.0,0,0,0,0.0,0,420.0,1.0,1,0,831.4136936859435,31.413693685943485,31.413693685943485,₹5–10 Cr
P0017,2008,Gautam Gambhir,Batsman,Indian,,275.0,DC,0,0,0,0,0,0,0,0.0,0,0,0.0,0,0,0,0,0,0.0,0,0,0,0,0,0,0,0.0,0,0.0,0,0,0,0.0,0,0.0,0.0,0,0,109.70681158718025,-165.29318841281975,165.29318841281975,₹2–5 Cr
P0017,2011,Gautam Gambhir,,Indian,135.0,1490.0,KKR,1097,874,39,0,8,132,12,125.51487414187643,277,217,127.64976958525345,2,0,1097,8,0,125.51487414187643,3,0,0,0,0,0,0,0.0,0,0.0,0,0,0,0.0,0,275.0,1.0,1,0,892.7711830808079,-597.2288169191921,597.2288169191921,₹10+ Cr
P0017,2018,Gautam Gambhir,Batsman,Indian,,280.0,DC,4132,3316,146,0,35,484,58,124.60796139927623,498,389,128.02056555269922,4,0,1326,12,0,123.00556586270872,10,0,0,0,0,0,0,0.0,0,0.0,0,0,0,0.0,0,1490.0,2.0,1,0,691.6624742849745,411.66247428497445,411.66247428497445,₹2–5 Cr
P0018,2016,Jos Buttler,Wicket-Keeper,Overseas,,380.0,MI,0,0,0,0,0,0,0,0.0,0,0,0.0,0,0,0,0,0,0.0,0,0,0,0,0,0,0,0.0,0,0.0,0,0,0,0.0,0,0.0,0.0,0,0,119.9781973269935,-260.0218026730065,260.0218026730065,₹2–5 Cr
P0018,2018,Jos Buttler,Wicket-Keeper,Overseas,,440.0,RR,527,361,24,0,1,50,26,145.98337950138506,272,177,153.6723163841808,1,0,527,1,0,145.98337950138506,2,0,0,0,0,0,0,0.0,0,0.0,0,0,0,0.0,0,380.0,1.0,1,0,439.7399642716309,-0.2600357283690755,0.2600357283690755,₹2–5 Cr
P0019,2008,Manish Pandey,Batsman,Indian,,12.5,MI,0,0,0,0,0,0,0,0.0,0,0,0.0,0,0,0,0,0,0.0,0,0,0,0,0,0,0,0.0,0,0.0,0,0,0,0.0,0,0.0,0.0,0,0,109.70681158718025,97.20681158718025,97.20681158718025,< ₹1 Cr
P0019,2009,Manish Pandey,Batsman,Indian,,25.0,RCB,3,9,2,0,0,0,0,33.33333333333333,3,9,33.33333333333333,0,0,3,0,0,33.33333333333333,1,0,0,0,0,0,0,0.0,0,0.0,0,0,0,0.0,0,12.5,1.0,1,0,80.89922281640293,55.899222816402926,55.899222816402926,< ₹1 Cr
P0019,2014,Manish Pandey,Batsman,Indian,,170.0,KKR,945,829,44,1,3,95,26,113.99276236429432,136,137,99.27007299270073,1,0,525,3,0,110.29411764705883,6,0,0,0,0,0,0,0.0,0,0.0,0,0,0,0.0,0,25.0,2.0,1,0,153.01961329186858,-16.98038670813142,16.98038670813142,₹1–2 Cr
P0019,2018,Manish Pandey,Batsman,Indian,,1100.0,SRH,2215,1844,94,1,9,197,64,120.11930585683297,396,308,128.57142857142858,2,0,869,4,0,128.74074074074073,10,0,0,0,0,0,0,0.0,0,0.0,0,0,0,0.0,0,170.0,3.0,1,0,764.9046954850705,-335.09530451492947,335.09530451492947,₹10+ Cr
P0019,2022,Manish Pandey,Batsman,Indian,,460.0,LSG,3560,2922,141,1,21,309,103,121.83436002737851,292,236,123.72881355932203,3,0,1061,9,0,127.52403846153845,14,0,0,0,0,0,0,0.0,0,0.0,0,0,0,0.0,0,1100.0,4.0,1,0,666.4630136067635,206.46301360676352,206.46301360676352,₹2–5 Cr
P0019,2023,Manish Pandey,Batsman,Indian,100.0,240.0,DC,3648,3002,147,1,21,318,105,121.51898734177216,88,80,110.00000000000001,0,0,805,6,0,124.03697996918336,15,0,0,0,0,0,0,0.0,0,0.0,0,0,0,0.0,0,460.0,5.0,1,0,275.4440814424179,35.44408144241788,35.44408144241788,₹2–5 Cr
P0020,2008,Shane Watson,All-Rounder,Overseas,,62.5,RR,0,0,0,0,0,0,0,0.0,0,0,0.0,0,0,0,0,0,0.0,0,0,0,0,0,0,0,0.0,0,0.0,0,0,0,0.0,0,0.0,0.0,0,0,268.5313619705029,206.03136197050293,206.03136197050293,< ₹1 Cr
P0020,2016,Shane Watson,All-Rounder,Overseas,,950.0,RCB,2372,1679,76,2,14,237,109,141.2745681953544,347,257,135.0194552529183,1,1,1130,5,2,135.65426170468186,7,61,1361,1701,6,0,0,7.498897869213813,6,9.275862068965516,174,26,550,7.9854545454545445,7,62.5,1.0,1,1,782.9747310606058,-167.0252689393942,167.0252689393942,₹5–10 Cr
P0020,2018,Shane Watson,All-Rounder,Overseas,,400.0,CSK,2622,1891,98,2,14,257,122,138.65679534637758,71,78,91.02564102564102,0,0,597,1,1,127.29211087420043,9,86,1861,2431,7,1,0,7.83772165502418,5,9.130434782608695,161,31,674,8.893175074183976,9,950.0,2.0,1,1,495.13104250563777,95.13104250563777,95.13104250563777,₹2–5 Cr
P0021,2018,Shubman Gill,Batsman,Indian,,180.0,KKR,0,0,0,0,0,0,0,0.0,0,0,0.0,0,0,0,0,0,0.0,0,0,0,0,0,0,0,0.0,0,0.0,0,0,0,0.0,0,0.0,0.0,0,0,109.70681158718025,-70.29318841281975,70.29318841281975,₹1–2 Cr
P0022,2015,Shreyas Iyer,Batsman,Indian,,260.0,DC,0,0,0,0,0,0,0,0.0,0,0,0.0,0,0,0,0,0,0.0,0,0,0,0,0,0,0,0.0,0,0.0,0,0,0,0.0,0,0.0,0.0,0,0,109.70681158718025,-150.29318841281975,150.29318841281975,₹2–5 Cr
P0022,2022,Shreyas Iyer,Batsman,Indian,,1225.0,KKR,2375,1916,86,0,16,196,88,123.9561586638831,175,171,102.3391812865497,0,0,1157,6,0,118.30265848670756,7,0,0,0,0,0,0,0.0,0,0.0,0,0,0,0.0,0,260.0,1.0,1,0,802.6763337125839,-422.32366628741613,422.32366628741613,₹10+ Cr
P0023,2016,Rishabh Pant,Wicket-Keeper,Indian,,190.0,DC,0,0,0,0,0,0,0,0.0,0,0,0.0,0,0,0,0,0,0.0,0,0,0,0,0,0,0,0.0,0,0.0,0,0,0,0.0,0,0.0,0.0,0,0,90.85676286851051,-99.14323713148949,99.14323713148949,₹1–2 Cr
P0025,2013,Quinton De Kock,Wicket-Keeper,Overseas,,15.0,SRH,0,0,0,0,0,0,0,0.0,0,0,0.0,0,0,0,0,0,0.0,0,0,0,0,0,0,0,0.0,0,0.0,0,0,0,0.0,0,0.0,0.0,0,0,119.9781973269935,104.9781973269935,104.9781973269935,< ₹1 Cr
P0025,2014,Quinton De Kock,Wicket-Keeper,Overseas,,350.0,DC,6,15,3,0,0,1,0,40.0,6,15,40.0,0,0,6,0,0,40.0,1,0,0,0,0,0,0,0.0,0,0.0,0,0,0,0.0,0,15.0,1.0,1,0,161.78131903114146,-188.21868096885854,188.21868096885854,₹2–5 Cr
P0025,2018,Quinton De Kock,Wicket-Keeper,Overseas,,280.0,RCB,726,549,26,1,5,90,21,132.24043715846994,445,327,136.085626911315,3,1,720,5,1,134.8314606741573,4,0,0,0,0,0,0,0.0,0,0.0,0,0,0,0.0,0,350.0,2.0,1,0,419.55441725957206,139.55441725957206,139.55441725957206,₹2–5 Cr
P0025,2022,Quinton De Kock,Wicket-Keeper,Overseas,,675.0,LSG,2256,1723,77,1,16,230,83,130.93441671503192,297,256,116.015625,2,0,1329,10,0,131.32411067193678,8,0,0,0,0,0,0,0.0,0,0.0,0,0,0,0.0,0,280.0,3.0,1,0,608.5186002886003,-66.48139971139972,66.48139971139972,₹5–10 Cr
P0025,2026,Quinton de Kock,Unknown,Overseas,,100.0,MI,3309,2469,115,2,24,325,134,134.02187120291615,152,117,129.9145299145299,1,0,545,5,0,134.5679012345679,12,0,0,0,0,0,0,0.0,0,0.0,0,0,0,0.0,0,675.0,4.0,1,0,225.96373603085337,125.96373603085337,125.96373603085337,₹1–2 Cr
P0026,2008,Ravindra Jadeja,All-Rounder,Indian,,175.0,RR,0,0,0,0,0,0,0,0.0,0,0,0.0,0,0,0,0,0,0.0,0,0,0,0,0,0,0,0.0,0,0.0,0,0,0,0.0,0,0.0,0.0,0,0,112.9879307388618,-62.012069261138194,62.012069261138194,₹1–2 Cr
P0026,2009,Ravindra Jadeja,All-Rounder,Indian,,40.0,RR,135,103,9,0,0,11,6,131.06796116504856,135,103,131.06796116504856,0,0,135,0,0,131.06796116504856,1,0,13,21,0,0,0,9.692307692307693,0,9.692307692307693,13,0,13,9.692307692307693,1,175.0,1.0,1,1,106.2206490628121,66.2206490628121,66.2206490628121,< ₹1 Cr
P0026,2011,Ravindra Jadeja,,Indian,90.0,427.5,KTK,430,369,22,0,0,32,12,116.53116531165311,295,266,110.90225563909775,0,0,430,0,0,116.53116531165311,2,6,153,172,1,0,0,6.745098039215686,6,6.4714285714285715,140,6,153,6.745098039215686,2,40.0,2.0,1,1,319.7653075809481,-107.7346924190519,107.7346924190519,₹2–5 Cr
P0026,2012,Ravindra Jadeja,,Indian,50.0,978.0,CSK,713,597,34,0,0,52,26,119.43048576214406,283,228,124.12280701754386,0,0,713,0,0,119.43048576214406,3,14,405,477,1,0,0,7.066666666666666,8,7.261904761904761,252,14,405,7.066666666666666,3,427.5,3.0,1,1,723.6216004736009,-254.3783995263991,254.3783995263991,₹5–10 Cr
P0027,2008,Yusuf Pathan,All-Rounder,Indian,,215.0,RR,0,0,0,0,0,0,0,0.0,0,0,0.0,0,0,0,0,0,0.0,0,0,0,0,0,0,0,0.0,0,0.0,0,0,0,0.0,0,0.0,0.0,0,0,112.9879307388618,-102.0120692611382,102.0120692611382,₹2–5 Cr
P0027,2011,Yusuf Pathan,,Indian,90.0,945.0,KKR,1011,627,42,1,6,89,61,161.244019138756,333,201,165.67164179104478,1,1,1011,6,1,161.244019138756,3,20,583,719,2,0,0,7.399656946826759,5,7.235294117647058,204,20,583,7.399656946826759,3,215.0,1.0,1,1,950.2728528138525,5.2728528138525235,5.2728528138525235,₹5–10 Cr
P0027,2014,Yusuf Pathan,All-Rounder,Indian,,325.0,KKR,1820,1237,85,1,7,153,95,147.1301535974131,332,240,138.33333333333334,1,0,809,1,0,132.62295081967213,6,37,1003,1212,3,0,0,7.25024925224327,1,8.11111111111111,54,17,420,7.042857142857143,6,945.0,2.0,1,1,489.43836453823934,164.43836453823934,164.43836453823934,₹2–5 Cr
P0027,2018,Yusuf Pathan,All-Rounder,Indian,,190.0,SRH,2904,1996,133,1,13,239,146,145.49098196392785,143,115,124.34782608695652,1,0,816,5,0,137.37373737373736,10,41,1129,1393,3,0,0,7.403011514614703,1,10.25,24,4,120,8.55,10,325.0,3.0,1,1,337.65834785009446,147.65834785009446,147.65834785009446,₹1–2 Cr
P0028,2018,David Miller,Batsman,Overseas,,300.0,PBKS,1563,1105,64,1,8,104,78,141.44796380090497,83,80,103.75000000000001,0,0,601,2,0,125.99580712788261,6,0,0,0,0,0,0,0.0,0,0.0,0,0,0,0.0,0,0.0,0.0,1,0,287.4353250242167,-12.564674975783305,12.564674975783305,₹2–5 Cr
P0028,2020,David Miller,Batsman,Overseas,,75.0,RR,1850,1333,77,1,9,126,87,138.78469617404352,213,164,129.8780487804878,1,0,370,1,0,120.12987012987013,8,0,0,0,0,0,0,0.0,0,0.0,0,0,0,0.0,0,300.0,1.0,1,0,223.54305187350516,148.54305187350516,148.54305187350516,< ₹1 Cr
P0028,2022,David Miller,Batsman,Overseas,,300.0,GT,1974,1446,85,1,10,137,90,136.51452282157678,124,113,109.73451327433628,1,0,411,2,0,120.52785923753666,9,0,0,0,0,0,0,0.0,0,0.0,0,0,0,0.0,0,75.0,2.0,1,0,239.29166580476934,-60.70833419523066,60.70833419523066,₹2–5 Cr
P0028,2026,David Miller,Unknown,Overseas,,200.0,DC,3077,2220,133,1,13,220,138,138.6036036036036,153,120,127.49999999999999,0,0,622,1,0,142.33409610983983,13,0,0,0,0,0,0,0.0,0,0.0,0,0,0,0.0,0,300.0,3.0,1,0,263.4059840439003,63.405984043900276,63.405984043900276,₹2–5 Cr
P0029,2016,Ishan Kishan,Wicket-Keeper,Indian,,35.0,GL,0,0,0,0,0,0,0,0.0,0,0,0.0,0,0,0,0,0,0.0,0,0,0,0,0,0,0,0.0,0,0.0,0,0,0,0.0,0,0.0,0.0,0,0,90.85676286851051,55.856762868510515,55.856762868510515,< ₹1 Cr
P0029,2018,Ishan Kishan,Wicket-Keeper,Indian,,620.0,MI,319,247,15,0,1,34,13,129.1497975708502,277,206,134.46601941747574,1,0,319,1,0,129.1497975708502,2,0,0,0,0,0,0,0.0,0,0.0,0,0,0,0.0,0,35.0,1.0,1,0,356.9791031263107,-263.0208968736893,263.0208968736893,₹5–10 Cr
P0029,2022,Ishan Kishan,Wicket-Keeper,Indian,,1525.0,MI,1452,1065,56,0,9,121,74,136.33802816901408,241,180,133.88888888888889,2,0,858,6,0,135.33123028391168,6,0,0,0,0,0,0,0.0,0,0.0,0,0,0,0.0,0,620.0,2.0,1,0,1042.26948039923,-482.7305196007701,482.7305196007701,₹10+ Cr
P0030,2008,Wriddhiman Saha,Wicket-Keeper,Indian,,10.0,KKR,0,0,0,0,0,0,0,0.0,0,0,0.0,0,0,0,0,0,0.0,0,0,0,0,0,0,0,0.0,0,0.0,0,0,0,0.0,0,0.0,0.0,0,0,90.85676286851051,80.85676286851051,80.85676286851051,< ₹1 Cr
P0030,2011,Wriddhiman Saha,,Indian,45.0,45.0,CSK,298,213,23,0,1,24,12,139.90610328638496,67,53,126.41509433962264,0,0,298,1,0,139.90610328638496,3,0,0,0,0,0,0,0.0,0,0.0,0,0,0,0.0,0,10.0,1.0,1,0,173.56336255427576,128.56336255427576,128.56336255427576,< ₹1 Cr
P0030,2014,Wriddhiman Saha,Wicket-Keeper,Indian,,220.0,PBKS,442,346,29,0,1,32,20,127.7456647398844,70,56,125.0,0,0,144,0,0,108.27067669172932,6,0,0,0,0,0,0,0.0,0,0.0,0,0,0,0.0,0,45.0,2.0,1,0,161.1319984868832,-58.86800151311681,58.86800151311681,₹2–5 Cr
P0030,2018,Wriddhiman Saha,Wicket-Keeper,Indian,,500.0,SRH,1557,1191,78,1,6,130,57,130.73047858942067,234,187,125.13368983957218,1,0,753,3,0,126.34228187919463,10,0,0,0,0,0,0,0.0,0,0.0,0,0,0,0.0,0,220.0,3.0,1,0,446.33360833895546,-53.66639166104454,53.66639166104454,₹5–10 Cr
P0030,2019,Wriddhiman Saha,Wicket-Keeper,Indian,,120.0,SRH,1679,1293,88,1,6,147,58,129.85305491105956,122,102,119.6078431372549,0,0,626,3,0,124.9500998003992,11,0,0,0,0,0,0,0.0,0,0.0,0,0,0,0.0,0,500.0,4.0,1,0,235.33974220492314,115.33974220492314,115.33974220492314,₹1–2 Cr
P0030,2022,Wriddhiman Saha,Wicket-Keeper,Indian,,190.0,GT,2110,1639,106,1,8,191,69,128.73703477730322,131,140,93.57142857142857,0,0,431,2,0,124.5664739884393,14,0,0,0,0,0,0,0.0,0,0.0,0,0,0,0.0,0,120.0,5.0,1,0,155.41451008486294,-34.58548991513706,34.58548991513706,₹1–2 Cr
P0031,2008,Brendon McCullum,Wicket-Keeper,Overseas,,30.0,KKR,0,0,0,0,0,0,0,0.0,0,0,0.0,0,0,0,0,0,0.0,0,0,0,0,0,0,0,0.0,0,0.0,0,0,0,0.0,0,0.0,0.0,0,0,119.9781973269935,89.9781973269935,89.9781973269935,< ₹1 Cr
P0031,2011,Brendon McCullum,,Overseas,45.0,213.75,KTK,587,441,22,1,3,54,29,133.10657596371883,114,110,103.63636363636364,1,0,587,3,1,133.10657596371883,3,0,0,0,0,0,0,0.0,0,0.0,0,0,0,0.0,0,30.0,1.0,1,0,251.22289023039667,37.47289023039667,37.47289023039667,₹2–5 Cr
P0031,2012,Brendon McCullum,,Overseas,200.0,450.0,KKR,944,716,35,1,4,89,45,131.84357541899442,357,275,129.8181818181818,1,0,756,4,0,121.15384615384615,4,0,0,0,0,0,0,0.0,0,0.0,0,0,0,0.0,0,213.75,2.0,1,0,419.74613523394544,-30.253864766054562,30.253864766054562,₹2–5 Cr
P0031,2014,Brendon McCullum,Wicket-Keeper,Overseas,,325.0,CSK,1239,1006,48,1,5,127,48,123.1610337972167,6,7,85.71428571428571,0,0,652,2,0,115.39823008849557,6,0,0,0,0,0,0,0.0,0,0.0,0,0,0,0.0,0,450.0,3.0,1,0,284.66725203556564,-40.33274796443436,40.33274796443436,₹2–5 Cr
P0031,2018,Brendon McCullum,Batsman,Overseas,,360.0,RCB,2753,2098,103,2,13,277,124,131.22020972354625,319,217,147.00460829493088,2,0,1109,5,1,146.1133069828722,10,0,0,0,0,0,0,0.0,0,0.0,0,0,0,0.0,0,325.0,4.0,1,0,528.1398221685721,168.1398221685721,168.1398221685721,₹2–5 Cr
P0032,2015,Nitish Rana,All-Rounder,Indian,,10.0,MI,0,0,0,0,0,0,0,0.0,0,0,0.0,0,0,0,0,0,0.0,0,0,0,0,0,0,0,0.0,0,0.0,0,0,0,0.0,0,0.0,0.0,0,0,112.9879307388618,102.9879307388618,102.9879307388618,< ₹1 Cr
P0032,2018,Nitish Rana,All-Rounder,Indian,,340.0,KKR,437,339,15,0,4,31,25,128.90855457227138,333,264,126.13636363636364,3,0,437,4,0,128.90855457227138,2,0,6,3,0,0,0,3.0,0,3.0,6,0,6,3.0,1,10.0,1.0,1,1,329.2175248348644,-10.782475165135622,10.782475165135622,₹2–5 Cr
P0032,2022,Nitish Rana,All-Rounder,Indian,,800.0,KKR,1820,1374,71,0,13,161,89,132.45997088791847,383,314,121.97452229299364,2,0,1079,8,0,134.3711083437111,6,7,115,154,0,0,0,8.034782608695652,0,6.0,12,3,72,8.916666666666668,5,340.0,2.0,1,1,753.4365983229735,-46.56340167702649,46.56340167702649,₹5–10 Cr
P0033,2008,Parthiv Patel,Wicket-Keeper,Indian,,80.0,CSK,0,0,0,0,0,0,0,0.0,0,0,0.0,0,0,0,0,0,0.0,0,0,0,0,0,0,0,0.0,0,0.0,0,0,0,0.0,0,0.0,0.0,0,0,90.85676286851051,10.856762868510515,10.856762868510515,< ₹1 Cr
P0033,2011,Parthiv Patel,,Indian,45.0,130.5,KTK,516,502,26,0,3,67,7,102.78884462151395,72,79,91.13924050632912,1,0,516,3,0,102.78884462151395,3,0,0,0,0,0,0,0.0,0,0.0,0,0,0,0.0,0,80.0,1.0,1,0,135.8939018436973,5.393901843697307,5.393901843697307,₹1–2 Cr
P0033,2012,Parthiv Patel,,Indian,100.0,325.0,DCH,718,685,39,0,3,92,9,104.81751824817518,202,183,110.38251366120218,0,0,416,1,0,107.21649484536083,4,0,0,0,0,0,0,0.0,0,0.0,0,0,0,0.0,0,130.5,2.0,1,0,162.87880668563696,-162.12119331436304,162.12119331436304,₹2–5 Cr
P0033,2014,Parthiv Patel,Wicket-Keeper,Indian,,140.0,RCB,1206,1105,64,0,4,148,17,109.14027149321267,294,255,115.29411764705881,1,0,690,1,0,114.4278606965174,6,0,0,0,0,0,0,0.0,0,0.0,0,0,0,0.0,0,325.0,3.0,1,0,296.3244611147154,156.3244611147154,156.3244611147154,₹1–2 Cr
P0033,2018,Parthiv Patel,Wicket-Keeper,Indian,,170.0,RCB,2322,1981,116,0,10,297,35,117.21352852094901,395,293,134.8122866894198,2,0,911,5,0,131.83791606367583,10,0,0,0,0,0,0,0.0,0,0.0,0,0,0,0.0,0,140.0,4.0,1,0,451.1723628131127,281.1723628131127,281.1723628131127,₹1–2 Cr
P0034,2013,Glenn Maxwell,All-Rounder,Overseas,,750.0,MI,6,11,2,0,0,0,0,54.54545454545454,6,11,54.54545454545454,0,0,6,0,0,54.54545454545454,1,1,18,22,0,0,0,7.333333333333334,1,7.333333333333334,18,1,18,7.333333333333334,1,0.0,0.0,1,1,392.9522348586461,-357.0477651413539,357.0477651413539,₹5–10 Cr
P0034,2014,Glenn Maxwell,All-Rounder,Overseas,,600.0,PBKS,42,38,5,0,0,1,4,110.5263157894737,36,27,133.33333333333331,0,0,42,0,0,110.5263157894737,2,1,30,45,0,0,0,9.0,0,11.5,12,1,30,9.0,2,750.0,1.0,1,1,378.26153210742814,-221.73846789257186,221.73846789257186,₹5–10 Cr
P0034,2018,Glenn Maxwell,All-Rounder,Overseas,,900.0,DC,1228,747,55,0,6,95,82,164.3908969210174,310,179,173.18435754189946,0,0,634,2,0,152.7710843373494,6,11,324,479,0,0,0,8.87037037037037,7,6.578947368421053,114,9,228,7.947368421052631,6,600.0,2.0,1,1,1037.9833140516894,137.98331405168938,137.98331405168938,₹5–10 Cr
P0034,2020,Glenn Maxwell,All-Rounder,Overseas,,1075.0,PBKS,1397,867,67,0,6,109,91,161.13033448673585,169,120,140.83333333333334,0,0,658,2,0,155.55555555555557,7,16,420,611,0,0,0,8.728571428571428,5,8.25,96,12,264,7.65909090909091,7,900.0,3.0,1,1,1073.6480472074227,-1.3519527925773218,1.3519527925773218,₹10+ Cr
P0034,2021,Glenn Maxwell,All-Rounder,Overseas,200.0,1400.0,RCB,1505,973,78,0,6,118,91,154.67625899280574,108,106,101.88679245283019,0,0,587,0,0,144.93827160493825,8,19,546,780,0,0,0,8.571428571428571,3,8.047619047619047,126,15,336,7.607142857142857,8,1075.0,4.0,1,1,1222.7177467899965,-177.28225321000355,177.28225321000355,₹10+ Cr
P0035,2010,Mayank Agarwal,Batsman,Indian,,20.0,RCB,0,0,0,0,0,0,0,0.0,0,0,0.0,0,0,0,0,0,0.0,0,0,0,0,0,0,0,0.0,0,0.0,0,0,0,0.0,0,0.0,0.0,0,0,109.70681158718025,89.70681158718025,89.70681158718025,< ₹1 Cr
P0035,2014,Mayank Agarwal,Batsman,Indian,,160.0,DC,433,340,24,0,1,41,22,127.35294117647058,67,62,108.06451612903226,0,0,433,1,0,127.35294117647058,3,0,0,0,0,0,0,0.0,0,0.0,0,0,0,0.0,0,20.0,1.0,1,0,149.8340415200026,-10.165958479997414,10.165958479997414,₹1–2 Cr
P0035,2018,Mayank Agarwal,Batsman,Indian,,100.0,PBKS,814,660,48,0,3,82,33,123.33333333333334,26,27,96.29629629629629,0,0,266,2,0,116.15720524017468,7,0,0,0,0,0,0,0.0,0,0.0,0,0,0,0.0,0,160.0,2.0,1,0,108.86841852066887,8.868418520668868,8.868418520668868,₹1–2 Cr
P0035,2023,Mayank Agarwal,Batsman,Indian,100.0,825.0,SRH,2327,1733,107,1,12,226,91,134.27582227351414,196,160,122.50000000000001,1,0,1061,7,1,142.41610738255034,12,0,0,0,0,0,0,0.0,0,0.0,0,0,0,0.0,0,100.0,3.0,1,0,659.0331024015832,-165.96689759841684,165.96689759841684,₹5–10 Cr
P0036,2008,Yuvraj Singh,All-Rounder,Indian,,125.0,PBKS,0,0,0,0,0,0,0,0.0,0,0,0.0,0,0,0,0,0,0.0,0,0,0,0,0,0,0,0.0,0,0.0,0,0,0,0.0,0,0.0,0.0,0,0,112.9879307388618,-12.012069261138194,12.012069261138194,₹1–2 Cr
P0036,2011,Yuvraj Singh,,Indian,45.0,720.0,PWI,894,677,42,0,3,69,49,132.05317577548007,255,199,128.14070351758795,0,0,894,3,0,132.05317577548007,3,14,312,377,2,0,0,7.25,5,6.608695652173913,138,14,312,7.25,3,125.0,1.0,1,1,759.0781079244828,39.078107924482765,39.078107924482765,₹5–10 Cr
P0036,2014,Yuvraj Singh,All-Rounder,Indian,,1400.0,RCB,1475,1128,68,0,5,107,82,130.76241134751774,238,190,125.26315789473684,0,0,836,2,0,128.6153846153846,5,29,618,721,2,1,0,7.0,6,6.90909090909091,132,20,444,6.702702702702702,5,720.0,2.0,1,1,979.3626898749392,-420.6373101250608,420.6373101250608,₹10+ Cr
P0036,2015,Yuvraj Singh,Batsman,Indian,,1600.0,DC,1851,1406,82,0,8,129,110,131.65007112375534,376,278,135.25179856115108,3,0,957,5,0,131.27572016460906,6,34,754,908,2,2,0,7.225464190981432,5,8.25,136,20,442,7.20814479638009,6,1400.0,3.0,1,1,1252.1133693667434,-347.8866306332566,347.8866306332566,₹10+ Cr
P0036,2016,Yuvraj Singh,All-Rounder,Indian,,700.0,SRH,2099,1616,95,0,10,152,120,129.88861386138615,248,210,118.0952380952381,2,0,862,5,0,127.13864306784662,7,35,808,980,2,2,0,7.2772277227722775,1,8.0,54,12,322,7.658385093167702,7,1600.0,4.0,1,1,856.6039771108519,156.60397711085193,156.60397711085193,₹5–10 Cr
P0036,2018,Yuvraj Singh,All-Rounder,Indian,,200.0,PBKS,2587,1972,116,0,12,204,141,131.1866125760649,252,177,142.3728813559322,2,0,736,4,0,130.03533568904592,9,36,857,1054,2,2,0,7.379229871645275,1,11.0,12,2,103,8.504854368932039,9,700.0,5.0,1,1,404.22849464886957,204.22849464886957,204.22849464886957,₹2–5 Cr
P0036,2019,Yuvraj Singh,All-Rounder,Indian,,100.0,MI,2652,2045,122,0,12,210,143,129.68215158924207,65,73,89.04109589041096,0,0,553,2,0,128.9044289044289,10,36,869,1077,2,2,0,7.436133486766398,0,11.5,12,1,61,9.540983606557377,10,200.0,6.0,1,1,183.5406879645643,83.54068796456431,83.54068796456431,₹1–2 Cr
P0037,2015,Hardik Pandya,All-Rounder,Indian,,10.0,MI,0,0,0,0,0,0,0,0.0,0,0,0.0,0,0,0,0,0,0.0,0,0,0,0,0,0,0,0.0,0,0.0,0,0,0,0.0,0,0.0,0.0,0,0,112.9879307388618,102.9879307388618,102.9879307388618,< ₹1 Cr
P0038,2008,Virender Sehwag,Batsman,Indian,,125.0,DC,0,0,0,0,0,0,0,0.0,0,0,0.0,0,0,0,0,0,0.0,0,0,0,0,0,0,0,0.0,0,0.0,0,0,0,0.0,0,0.0,0.0,0,0,109.70681158718025,-15.293188412819745,15.293188412819745,₹1–2 Cr
P0038,2014,Virender Sehwag,Batsman,Indian,,320.0,PBKS,2174,1356,79,1,15,266,85,160.32448377581122,295,233,126.60944206008584,1,0,1214,8,1,155.64102564102564,6,6,136,235,0,0,0,10.367647058823529,0,9.0,6,3,64,7.21875,5,125.0,1.0,1,1,704.3969684019677,384.3969684019677,384.3969684019677,₹2–5 Cr
P0039,2012,Andre Russell,,Overseas,25.0,225.0,DC,0,0,0,0,0,0,0,0.0,0,0,0.0,0,0,0,0,0,0.0,0,0,0,0,0,0,0,0.0,0,0.0,0,0,0,0.0,0,0.0,0.0,0,0,156.87334560267294,-68.12665439732706,68.12665439732706,₹2–5 Cr
P0039,2014,Andre Russell,All-Rounder,Overseas,,60.0,KKR,58,40,4,0,0,3,3,145.0,11,14,78.57142857142857,0,0,58,0,0,145.0,2,1,138,229,0,0,0,9.956521739130435,0,9.714285714285715,42,1,138,9.956521739130435,2,225.0,1.0,1,1,200.83398993297666,140.83398993297666,140.83398993297666,< ₹1 Cr
P0040,2014,Murali Vijay,Batsman,Indian,,500.0,DC,1600,1251,63,2,7,140,66,127.89768185451638,312,286,109.09090909090908,2,0,1082,5,1,121.30044843049328,5,0,0,0,0,0,0,0.0,0,0.0,0,0,0,0.0,0,0.0,0.0,1,0,604.0995600834349,104.09956008343488,104.09956008343488,₹5–10 Cr
P0040,2015,Murali Vijay,Batsman,Indian,,300.0,PBKS,1807,1443,74,2,8,160,71,125.22522522522523,207,192,107.8125,1,0,855,3,1,114.76510067114094,6,0,6,13,0,0,0,13.0,0,13.0,6,0,6,13.0,1,500.0,1.0,1,1,495.4630388500385,195.46303885003852,195.46303885003852,₹2–5 Cr
P0040,2018,Murali Vijay,Batsman,Indian,,200.0,CSK,2511,2035,99,2,13,237,89,123.39066339066338,453,364,124.45054945054946,5,0,911,6,0,116.19897959183673,8,0,36,49,0,0,0,8.166666666666668,0,8.0,6,0,36,8.166666666666668,3,300.0,2.0,1,1,473.2725211593961,273.2725211593961,273.2725211593961,₹2–5 Cr
P0042,2011,Steven Smith,,Overseas,90.0,90.0,KTK,0,0,0,0,0,0,0,0.0,0,0,0.0,0,0,0,0,0,0.0,0,0,0,0,0,0,0,0.0,0,0.0,0,0,0,0.0,0,0.0,0.0,0,0,156.87334560267294,66.87334560267294,66.87334560267294,< ₹1 Cr
P0042,2014,Steven Smith,All-Rounder,Overseas,,400.0,RR,521,399,21,0,0,39,18,130.5764411027569,159,132,120.45454545454545,0,0,521,0,0,130.5764411027569,2,0,2,5,0,0,0,15.0,0,15.0,2,0,2,15.0,1,90.0,1.0,1,1,468.1460241047588,68.1460241047588,68.1460241047588,₹2–5 Cr
P0042,2021,Steven Smith,Batsman,Overseas,200.0,200.0,DC,2333,1805,86,1,11,212,58,129.25207756232686,311,237,131.22362869198312,3,0,1102,9,0,122.58064516129032,8,0,2,5,0,0,0,15.0,0,15.0,2,0,2,15.0,1,400.0,2.0,1,1,352.5064886964887,152.5064886964887,152.5064886964887,₹2–5 Cr
P0043,2008,Shaun Marsh,Batsman,Overseas,,60.0,PBKS,0,0,0,0,0,0,0,0.0,0,0,0.0,0,0,0,0,0,0.0,0,0,0,0,0,0,0,0.0,0,0.0,0,0,0,0.0,0,0.0,0.0,0,0,193.840539245101,133.840539245101,133.840539245101,< ₹1 Cr
P0043,2011,Shaun Marsh,,Overseas,180.0,180.0,PBKS,763,555,15,1,7,73,32,137.47747747747746,147,114,128.94736842105263,2,0,763,7,1,137.47747747747746,2,0,0,0,0,0,0,0.0,0,0.0,0,0,0,0.0,0,60.0,1.0,1,0,268.8857320809147,88.88573208091469,88.88573208091469,₹1–2 Cr
P0043,2014,Shaun Marsh,Batsman,Overseas,,220.0,PBKS,1903,1428,49,1,16,203,63,133.26330532212884,300,249,120.48192771084338,3,0,1140,9,0,130.58419243986253,5,0,0,0,0,0,0,0.0,0,0.0,0,0,0,0.0,0,180.0,2.0,1,0,352.9923266779515,132.9923266779515,132.9923266779515,₹2–5 Cr
P0044,2008,Jacques Kallis,All-Rounder,Overseas,,125.0,RCB,0,0,0,0,0,0,0,0.0,0,0,0.0,0,0,0,0,0,0.0,0,0,0,0,0,0,0,0.0,0,0.0,0,0,0,0.0,0,0.0,0.0,0,0,268.5313619705029,143.53136197050293,143.53136197050293,₹1–2 Cr
P0044,2011,Jacques Kallis,,Overseas,180.0,495.0,RCB,1132,1009,42,0,10,127,21,112.19028741328047,572,494,115.78947368421053,6,0,1132,10,0,112.19028741328047,3,23,824,1140,0,0,0,8.300970873786408,13,8.350877192982455,342,23,824,8.300970873786408,3,125.0,1.0,1,1,500.3742144753394,5.374214475339386,5.374214475339386,₹2–5 Cr
P0044,2014,Jacques Kallis,All-Rounder,Overseas,,550.0,KKR,2276,2093,88,0,16,242,40,108.74343048256092,311,322,96.58385093167702,0,0,1144,6,0,105.53505535055349,6,61,1610,2107,2,0,0,7.852173913043478,16,7.433962264150943,318,38,786,7.381679389312977,6,495.0,2.0,1,1,585.20155502368,35.201555023680044,35.201555023680044,₹5–10 Cr
P0045,2009,Dwayne Smith,All-Rounder,Overseas,,48.0,DCH,45,40,3,0,0,5,1,112.5,45,40,112.5,0,0,45,0,0,112.5,1,5,66,83,1,0,0,7.545454545454545,5,7.545454545454545,66,5,66,7.545454545454545,1,0.0,0.0,1,1,201.21289079385127,153.21289079385127,153.21289079385127,< ₹1 Cr
P0045,2014,Dwayne Smith,Batsman,Overseas,,450.0,CSK,857,636,33,0,5,76,43,134.74842767295598,418,341,122.58064516129032,4,0,597,5,0,128.66379310344826,5,11,281,397,1,0,0,8.476868327402135,2,11.799999999999999,30,5,131,8.702290076335878,5,48.0,1.0,1,1,421.5899375239626,-28.41006247603741,28.41006247603741,₹2–5 Cr
P0045,2016,Dwayne Smith,All-Rounder,Overseas,,230.0,GL,1822,1387,65,0,12,178,93,131.36265320836338,399,335,119.1044776119403,2,0,1383,11,0,126.64835164835165,7,16,353,509,1,0,0,8.65155807365439,1,8.5,12,7,102,10.058823529411764,7,450.0,2.0,1,1,435.69815079365077,205.69815079365077,205.69815079365077,₹2–5 Cr
P0046,2008,Sachin Tendulkar,Batsman,Indian,,125.0,MI,0,0,0,0,0,0,0,0.0,0,0,0.0,0,0,0,0,0,0.0,0,0,0,0,0,0,0,0.0,0,0.0,0,0,0,0.0,0,0.0,0.0,0,0,109.70681158718025,-15.293188412819745,15.293188412819745,₹1–2 Cr
P0047,2022,Nicholas Pooran,Wicket-Keeper,Overseas,,1075.0,SRH,606,391,30,0,2,35,44,154.98721227621485,85,76,111.8421052631579,0,0,606,2,0,154.98721227621485,3,0,0,0,0,0,0,0.0,0,0.0,0,0,0,0.0,0,0.0,0.0,1,0,904.263346857145,-170.73665314285495,170.73665314285495,₹10+ Cr
P0047,2023,Nicholas Pooran,Wicket-Keeper,Overseas,200.0,1600.0,LSG,912,603,43,0,4,51,65,151.24378109452735,306,212,144.33962264150944,2,0,744,4,0,150.0,4,0,0,0,0,0,0,0.0,0,0.0,0,0,0,0.0,0,1075.0,1.0,1,0,1348.0362499075002,-251.96375009249982,251.96375009249982,₹10+ Cr
P0049,2008,Rahul Dravid,Batsman,Indian,,125.0,RCB,0,0,0,0,0,0,0,0.0,0,0,0.0,0,0,0,0,0,0.0,0,0,0,0,0,0,0,0.0,0,0.0,0,0,0,0.0,0,0.0,0.0,0,0,109.70681158718025,-15.293188412819745,15.293188412819745,₹1–2 Cr
P0049,2011,Rahul Dravid,,Indian,180.0,225.0,RR,898,731,37,0,4,97,17,122.84541723666212,256,199,128.643216080402,1,0,898,4,0,122.84541723666212,3,0,0,0,0,0,0,0.0,0,0.0,0,0,0,0.0,0,125.0,1.0,1,0,470.1978319458321,245.1978319458321,245.1978319458321,₹2–5 Cr
P0051,2015,Kane Williamson,All-Rounder,Overseas,,60.0,SRH,0,0,0,0,0,0,0,0.0,0,0,0.0,0,0,0,0,0,0.0,0,0,0,0,0,0,0,0.0,0,0.0,0,0,0,0.0,0,0.0,0.0,0,0,268.5313619705029,208.53136197050293,208.53136197050293,< ₹1 Cr
P0051,2018,Kane Williamson,Batsman,Overseas,,300.0,SRH,411,318,15,0,3,35,11,129.24528301886792,256,169,151.4792899408284,2,0,411,3,0,129.24528301886792,3,0,6,7,0,0,0,7.0,0,7.0,6,0,6,7.0,1,60.0,1.0,1,1,256.9683669414387,-43.03163305856128,43.03163305856128,₹2–5 Cr
P0051,2023,Kane Williamson,Batsman,Overseas,200.0,200.0,GT,2101,1667,74,0,18,181,64,126.03479304139171,216,231,93.5064935064935,1,0,799,6,0,113.65576102418207,8,0,18,31,0,0,0,10.333333333333334,0,12.0,12,0,18,10.333333333333334,2,300.0,2.0,1,1,268.25131706818246,68.25131706818246,68.25131706818246,₹2–5 Cr
P0052,2011,Aaron Finch,,Overseas,45.0,135.0,DC,21,21,1,0,0,0,1,100.0,21,21,100.0,0,0,21,0,0,100.0,1,0,7,5,0,0,0,4.285714285714286,0,4.285714285714286,7,0,7,4.285714285714286,1,0.0,0.0,1,1,166.0794963329672,31.07949633296721,31.07949633296721,₹1–2 Cr
P0052,2014,Aaron Finch,Batsman,Overseas,,400.0,SRH,579,454,23,0,4,65,20,127.5330396475771,456,336,135.71428571428572,4,0,558,4,0,128.86836027713628,4,1,43,67,0,0,0,9.348837209302326,1,12.25,24,1,43,9.348837209302326,3,135.0,1.0,1,1,362.62540935636946,-37.37459064363054,37.37459064363054,₹2–5 Cr
P0052,2015,Aaron Finch,Batsman,Overseas,,320.0,MI,888,717,36,0,6,96,29,123.84937238493723,309,263,117.49049429657794,2,0,820,6,0,126.15384615384615,5,1,43,67,0,0,0,9.348837209302326,1,12.25,24,1,43,9.348837209302326,3,400.0,2.0,1,1,343.6880103136244,23.688010313624375,23.688010313624375,₹2–5 Cr
P0052,2016,Aaron Finch,Batsman,Overseas,,100.0,GL,911,750,39,0,6,100,29,121.46666666666665,23,33,69.6969696969697,0,0,788,6,0,124.68354430379746,6,1,43,67,0,0,0,9.348837209302326,1,12.25,24,1,43,9.348837209302326,3,320.0,3.0,1,1,230.74214003766946,130.74214003766946,130.74214003766946,₹1–2 Cr
P0052,2018,Aaron Finch,Batsman,Overseas,,620.0,PBKS,1603,1229,64,0,13,170,59,130.43124491456467,299,180,166.11111111111111,2,0,715,7,0,139.6484375,8,1,43,67,0,0,0,9.348837209302326,1,12.25,24,1,43,9.348837209302326,3,100.0,4.0,1,1,506.7537605635103,-113.2462394364897,113.2462394364897,₹5–10 Cr
P0052,2020,Aaron Finch,Batsman,Overseas,,440.0,RCB,1737,1329,73,0,13,176,67,130.6997742663657,134,100,134.0,0,0,826,7,0,142.65975820379967,9,1,43,67,0,0,0,9.348837209302326,1,12.25,24,1,43,9.348837209302326,3,620.0,5.0,1,1,407.14883850686766,-32.85116149313234,32.85116149313234,₹2–5 Cr
P0053,2008,Adam Gilchrist,Wicket-Keeper,Overseas,,125.0,DCH,0,0,0,0,0,0,0,0.0,0,0,0.0,0,0,0,0,0,0.0,0,0,0,0,0,0,0,0.0,0,0.0,0,0,0,0.0,0,0.0,0.0,0,0,119.9781973269935,-5.021802673006505,5.021802673006505,₹1–2 Cr
P0053,2011,Adam Gilchrist,,Overseas,135.0,405.0,DCH,1220,828,46,1,7,136,64,147.34299516908214,289,185,156.21621621621622,1,0,1220,7,1,147.34299516908214,3,0,0,0,0,0,0,0.0,0,0.0,0,0,0,0.0,0,125.0,1.0,1,0,548.6744441438187,143.67444414381873,143.67444414381873,₹2–5 Cr
P0054,2014,Jean-Paul Duminy,Batsman,Overseas,,220.0,DC,978,820,38,0,8,61,35,119.26829268292683,244,190,128.42105263157896,2,0,606,3,0,122.42424242424241,4,10,318,377,0,0,0,7.113207547169812,1,8.666666666666666,72,6,213,8.0,4,0.0,0.0,1,1,252.52267847857976,32.52267847857976,32.52267847857976,₹2–5 Cr
P0054,2018,Jean-Paul Duminy,All-Rounder,Overseas,,100.0,MI,1993,1596,73,0,14,123,78,124.87468671679198,191,156,122.43589743589745,0,0,1015,6,0,130.79896907216494,7,23,660,798,0,1,0,7.254545454545454,2,7.857142857142858,42,13,342,7.385964912280701,7,220.0,1.0,1,1,420.35934713737237,320.35934713737237,320.35934713737237,₹1–2 Cr
P0055,2015,Marcus Stoinis,All-Rounder,Overseas,,25.0,DC,0,0,0,0,0,0,0,0.0,0,0,0.0,0,0,0,0,0,0.0,0,0,0,0,0,0,0,0.0,0,0.0,0,0,0,0.0,0,0.0,0.0,0,0,268.5313619705029,243.53136197050293,243.53136197050293,< ₹1 Cr
P0055,2016,Marcus Stoinis,All-Rounder,Overseas,,55.0,PBKS,0,0,0,0,0,0,0,0.0,0,0,0.0,0,0,0,0,0,0.0,0,0,0,0,0,0,0,0.0,0,0.0,0,0,0,0.0,0,25.0,1.0,0,0,182.1775769130481,127.17757691304811,127.17757691304811,< ₹1 Cr
P0055,2018,Marcus Stoinis,All-Rounder,Overseas,,620.0,PBKS,163,132,8,0,1,14,4,123.48484848484848,17,24,70.83333333333334,0,0,163,1,0,123.48484848484848,2,10,201,304,1,1,0,9.074626865671641,2,10.476190476190476,63,10,201,9.074626865671641,2,55.0,2.0,1,1,371.280135221876,-248.71986477812402,248.71986477812402,₹5–10 Cr
P0055,2020,Marcus Stoinis,All-Rounder,Overseas,,480.0,DC,473,364,25,0,1,34,18,129.94505494505495,211,156,135.25641025641028,0,0,327,0,0,127.734375,4,15,367,569,1,1,0,9.302452316076295,2,8.7,100,7,229,9.825327510917031,4,620.0,3.0,1,1,362.7200299556419,-117.2799700443581,117.2799700443581,₹2–5 Cr
P0056,2008,Michael Hussey,All-Rounder,Overseas,,125.0,CSK,0,0,0,0,0,0,0,0.0,0,0,0.0,0,0,0,0,0,0.0,0,0,0,0,0,0,0,0.0,0,0.0,0,0,0,0.0,0,0.0,0.0,0,0,268.5313619705029,143.53136197050293,143.53136197050293,₹1–2 Cr
P0056,2011,Michael Hussey,,Overseas,180.0,180.0,CSK,205,144,6,1,0,14,11,142.36111111111111,37,44,84.0909090909091,0,0,205,0,1,142.36111111111111,2,0,0,0,0,0,0,0.0,0,0.0,0,0,0,0.0,0,125.0,1.0,1,0,160.94703154624284,-19.05296845375716,19.05296845375716,₹1–2 Cr
P0056,2014,Michael Hussey,Batsman,Overseas,,500.0,MI,1691,1360,45,1,12,176,42,124.33823529411765,733,566,129.5053003533569,6,0,1486,12,0,122.20394736842107,5,0,0,0,0,0,0,0.0,0,0.0,0,0,0,0.0,0,180.0,2.0,1,0,482.63542309542294,-17.364576904577063,17.364576904577063,₹5–10 Cr
P0056,2015,Michael Hussey,Batsman,Overseas,,150.0,CSK,1900,1542,54,1,14,193,49,123.21660181582361,209,182,114.83516483516483,2,0,1203,10,0,122.25609756097562,6,0,0,0,0,0,0,0.0,0,0.0,0,0,0,0.0,0,500.0,3.0,1,0,309.48529340235365,159.48529340235365,159.48529340235365,₹1–2 Cr
P0058,2018,Prithvi Shaw,Batsman,Indian,,120.0,DC,0,0,0,0,0,0,0,0.0,0,0,0.0,0,0,0,0,0,0.0,0,0,0,0,0,0,0,0.0,0,0.0,0,0,0,0.0,0,0.0,0.0,0,0,109.70681158718025,-10.293188412819745,10.293188412819745,₹1–2 Cr
P0058,2026,Prithvi Shaw,Unknown,Indian,,75.0,DC,1892,1283,79,0,14,238,61,147.4668745128605,198,121,163.63636363636365,1,0,587,4,0,150.12787723785166,7,0,0,0,0,0,0,0.0,0,0.0,0,0,0,0.0,0,120.0,1.0,1,0,262.91933778876,187.91933778876,187.91933778876,< ₹1 Cr
P0059,2019,Shivam Dube,All-Rounder,Indian,,500.0,RCB,0,0,0,0,0,0,0,0.0,0,0,0.0,0,0,0,0,0,0.0,0,0,0,0,0,0,0,0.0,0,0.0,0,0,0,0.0,0,0.0,0.0,0,0,112.9879307388618,-387.0120692611382,387.0120692611382,₹5–10 Cr
P0059,2021,Shivam Dube,All-Rounder,Indian,50.0,400.0,RR,169,138,13,0,0,6,12,122.46376811594205,129,105,122.85714285714286,0,0,169,0,0,122.46376811594205,2,4,64,81,0,0,0,7.59375,4,8.11111111111111,54,4,64,7.59375,2,500.0,1.0,1,1,298.41291821643426,-101.58708178356574,101.58708178356574,₹2–5 Cr
P0059,2022,Shivam Dube,All-Rounder,Indian,,400.0,CSK,399,331,22,0,1,24,22,120.54380664652568,230,193,119.17098445595855,1,0,399,1,0,120.54380664652568,3,4,94,130,0,0,0,8.297872340425533,0,9.8,30,4,94,8.297872340425533,3,400.0,2.0,1,1,317.3802839024181,-82.61971609758189,82.61971609758189,₹2–5 Cr
P0060,2018,Abhishek Sharma,All-Rounder,Indian,,55.0,DC,0,0,0,0,0,0,0,0.0,0,0,0.0,0,0,0,0,0,0.0,0,0,0,0,0,0,0,0.0,0,0.0,0,0,0,0.0,0,0.0,0.0,0,0,112.9879307388618,57.987930738861806,57.987930738861806,< ₹1 Cr
P0060,2022,Abhishek Sharma,All-Rounder,Indian,,650.0,SRH,241,173,20,0,0,17,12,139.3063583815029,98,75,130.66666666666666,0,0,178,0,0,127.14285714285714,4,7,132,176,0,0,0,8.0,4,6.4,60,7,132,8.0,3,55.0,1.0,1,1,331.11322340337773,-318.88677659662227,318.88677659662227,₹5–10 Cr
P0061,2019,Devdutt Padikkal,Batsman,Indian,,20.0,RCB,0,0,0,0,0,0,0,0.0,0,0,0.0,0,0,0,0,0,0.0,0,0,0,0,0,0,0,0.0,0,0.0,0,0,0,0.0,0,0.0,0.0,0,0,109.70681158718025,89.70681158718025,89.70681158718025,< ₹1 Cr
P0061,2022,Devdutt Padikkal,Batsman,Indian,,775.0,RR,884,707,29,1,6,95,22,125.03536067892504,411,328,125.30487804878048,1,1,884,6,1,125.03536067892504,2,0,0,0,0,0,0,0.0,0,0.0,0,0,0,0.0,0,20.0,1.0,1,0,668.4522340899841,-106.54776591001587,106.54776591001587,₹5–10 Cr
P0062,2008,Mahela Jayawardene,Batsman,Overseas,,525.0,DC,0,0,0,0,0,0,0,0.0,0,0,0.0,0,0,0,0,0,0.0,0,0,0,0,0,0,0,0.0,0,0.0,0,0,0,0.0,0,0.0,0.0,0,0,193.840539245101,-331.159460754899,331.159460754899,₹5–10 Cr
P0062,2011,Mahela Jayawardene,,Overseas,90.0,630.0,PBKS,837,594,35,1,2,87,25,140.9090909090909,439,298,147.31543624161074,1,1,837,2,1,140.9090909090909,3,0,0,0,0,0,0,0.0,0,0.0,0,0,0,0.0,0,525.0,1.0,1,0,605.0075467772967,-24.99245322270326,24.99245322270326,₹5–10 Cr
P0062,2012,Mahela Jayawardene,,Overseas,150.0,700.0,DC,1136,851,48,1,5,122,30,133.4900117508813,299,257,116.34241245136188,3,0,957,5,1,132.91666666666666,4,0,0,0,0,0,0,0.0,0,0.0,0,0,0,0.0,0,630.0,2.0,1,0,571.7155257335256,-128.28447426647438,128.28447426647438,₹5–10 Cr
P0063,2022,B Sai Sudharsan,All-Rounder,Indian,,20.0,GT,0,0,0,0,0,0,0,0.0,0,0,0.0,0,0,0,0,0,0.0,0,0,0,0,0,0,0,0.0,0,0.0,0,0,0,0.0,0,0.0,0.0,0,0,112.9879307388618,92.9879307388618,92.9879307388618,< ₹1 Cr
P0064,2012,Sunil Narine,,Overseas,25.0,350.0,KKR,0,0,0,0,0,0,0,0.0,0,0,0.0,0,0,0,0,0,0.0,0,0,0,0,0,0,0,0.0,0,0.0,0,0,0,0.0,0,0.0,0.0,0,0,156.87334560267294,-193.12665439732706,193.12665439732706,₹2–5 Cr
P0066,2018,Mandeep Singh,All-Rounder,Indian,,140.0,RCB,1112,920,58,0,5,134,18,120.8695652173913,188,177,106.21468926553672,1,0,369,2,0,121.78217821782178,7,0,0,0,0,0,0,0.0,0,0.0,0,0,0,0.0,0,0.0,0.0,1,0,181.19553051853597,41.195530518535975,41.195530518535975,₹1–2 Cr
P0066,2022,Mandeep Singh,Batsman,Indian,,110.0,DC,1674,1349,91,0,6,172,37,124.09191994069681,15,14,107.14285714285714,0,0,310,1,0,127.57201646090535,11,0,12,26,0,0,0,13.0,0,13.0,12,0,12,13.0,1,140.0,1.0,1,1,133.2554091666273,23.255409166627288,23.255409166627288,₹1–2 Cr
P0066,2023,Mandeep Singh,Batsman,Indian,50.0,50.0,KKR,1692,1372,94,0,6,176,37,123.32361516034986,18,23,78.26086956521739,0,0,163,1,0,111.64383561643835,12,0,12,26,0,0,0,13.0,0,13.0,12,0,12,13.0,1,110.0,2.0,1,1,117.20333179331932,67.20333179331932,67.20333179331932,< ₹1 Cr
P0067,2009,Manoj Tiwary,Batsman,Indian,,20.0,KKR,104,85,7,0,0,16,0,122.3529411764706,104,85,122.3529411764706,0,0,104,0,0,122.3529411764706,1,0,0,0,0,0,0,0.0,0,0.0,0,0,0,0.0,0,0.0,0.0,1,0,78.27699368901834,58.27699368901834,58.27699368901834,< ₹1 Cr
P0067,2011,Manoj Tiwary,,Indian,45.0,213.75,KKR,350,284,19,0,2,40,5,123.2394366197183,237,186,127.41935483870968,2,0,350,2,0,123.2394366197183,3,1,12,22,0,0,0,11.0,1,11.0,6,1,12,11.0,2,20.0,1.0,1,1,202.3054510807118,-11.444548919288195,11.444548919288195,₹2–5 Cr
P0067,2014,Manoj Tiwary,Batsman,Indian,,280.0,DC,1115,995,56,0,4,99,23,112.0603015075377,146,140,104.28571428571429,0,0,765,2,0,107.59493670886076,6,1,24,45,0,0,0,11.25,0,11.5,12,1,24,11.25,3,213.75,2.0,1,1,234.60675889772193,-45.39324110227807,45.39324110227807,₹2–5 Cr
P0067,2017,Manoj Tiwary,Batsman,Indian,,50.0,RPS,1324,1169,66,0,5,121,28,113.25919589392643,57,56,101.78571428571428,0,0,355,1,0,113.05732484076434,8,1,36,73,0,0,0,12.166666666666666,0,14.0,12,1,30,12.400000000000002,4,280.0,3.0,1,1,138.95011890195724,88.95011890195724,88.95011890195724,< ₹1 Cr
P0067,2018,Manoj Tiwary,Batsman,Indian,,100.0,PBKS,1648,1405,79,0,7,152,39,117.29537366548041,324,236,137.28813559322032,2,0,533,3,0,130.0,9,1,36,73,0,0,0,12.166666666666666,0,14.0,12,1,30,12.400000000000002,4,50.0,4.0,1,1,235.62162881732007,135.62162881732007,135.62162881732007,₹1–2 Cr
P0068,2014,Karun Nair,Batsman,Indian,,75.0,RR,9,12,2,0,0,0,0,75.0,9,12,75.0,0,0,9,0,0,75.0,1,0,0,0,0,0,0,0.0,0,0.0,0,0,0,0.0,0,0.0,0.0,1,0,75.87493558543623,0.8749355854362335,0.8749355854362335,< ₹1 Cr
P0068,2016,Karun Nair,Batsman,Indian,,400.0,DC,520,389,25,0,4,56,14,133.67609254498717,181,145,124.82758620689656,1,0,520,4,0,133.67609254498717,3,0,0,0,0,0,0,0.0,0,0.0,0,0,0,0.0,0,75.0,1.0,1,0,282.4413720562015,-117.55862794379851,117.55862794379851,₹2–5 Cr
P0068,2018,Karun Nair,Batsman,Indian,,560.0,PBKS,1158,912,50,0,8,135,26,126.9736842105263,281,226,124.33628318584071,1,0,819,5,0,122.60479041916167,5,0,0,0,0,0,0,0.0,0,0.0,0,0,0,0.0,0,400.0,2.0,1,0,505.1051998556996,-54.894800144300405,54.894800144300405,₹5–10 Cr
P0068,2021,Karun Nair,Batsman,Indian,50.0,50.0,KKR,1480,1153,66,0,10,160,39,128.36079791847354,16,14,114.28571428571428,0,0,322,2,0,133.60995850622405,8,0,0,0,0,0,0,0.0,0,0.0,0,0,0,0.0,0,560.0,3.0,1,0,117.55483153561111,67.55483153561111,67.55483153561111,< ₹1 Cr
P0068,2022,Karun Nair,Batsman,Indian,,140.0,RR,1480,1153,66,0,10,160,39,128.36079791847354,16,14,114.28571428571428,0,0,322,2,0,133.60995850622405,8,0,0,0,0,0,0,0.0,0,0.0,0,0,0,0.0,0,50.0,4.0,1,0,107.58574957649725,-32.41425042350275,32.41425042350275,₹1–2 Cr
P0069,2008,Kumar Sangakkara,Wicket-Keeper,Overseas,,125.0,PBKS,0,0,0,0,0,0,0,0.0,0,0,0.0,0,0,0,0,0,0.0,0,0,0,0,0,0,0,0.0,0,0.0,0,0,0,0.0,0,0.0,0.0,0,0,119.9781973269935,-5.021802673006505,5.021802673006505,₹1–2 Cr
P0069,2011,Kumar Sangakkara,,Overseas,45.0,315.0,DCH,1009,779,34,0,8,117,18,129.5250320924262,357,257,138.91050583657588,2,0,1009,8,0,129.5250320924262,3,0,0,0,0,0,0,0.0,0,0.0,0,0,0,0.0,0,125.0,1.0,1,0,444.5758826543826,129.5758826543826,129.5758826543826,₹2–5 Cr
P0070,2019,Jonny Bairstow,Wicket-Keeper,Overseas,,220.0,SRH,0,0,0,0,0,0,0,0.0,0,0,0.0,0,0,0,0,0,0.0,0,0,0,0,0,0,0,0.0,0,0.0,0,0,0,0.0,0,0.0,0.0,0,0,119.9781973269935,-100.0218026730065,100.0218026730065,₹2–5 Cr
P0070,2022,Jonny Bairstow,Wicket-Keeper,Overseas,,675.0,PBKS,1038,730,28,1,7,99,46,142.1917808219178,248,175,141.7142857142857,2,0,1038,7,1,142.1917808219178,3,0,0,0,0,0,0,0.0,0,0.0,0,0,0,0.0,0,220.0,1.0,1,0,650.1357957736703,-24.86420422632966,24.86420422632966,₹5–10 Cr
P0071,2019,Riyan Parag,All-Rounder,Indian,,20.0,RR,0,0,0,0,0,0,0,0.0,0,0,0.0,0,0,0,0,0,0.0,0,0,0,0,0,0,0,0.0,0,0.0,0,0,0,0.0,0,0.0,0.0,0,0,112.9879307388618,92.9879307388618,92.9879307388618,< ₹1 Cr
P0071,2022,Riyan Parag,All-Rounder,Indian,,380.0,RR,339,286,23,0,1,29,12,118.53146853146855,93,83,112.04819277108433,0,0,339,1,0,118.53146853146855,3,3,133,221,0,0,0,9.969924812030076,1,11.837837837837839,37,3,133,9.969924812030076,3,20.0,1.0,1,1,215.6352140187726,-164.3647859812274,164.3647859812274,₹2–5 Cr
P0072,2009,Dwayne Bravo,All-Rounder,Overseas,,40.0,MI,178,134,7,0,1,19,5,132.8358208955224,178,134,132.8358208955224,1,0,178,1,0,132.8358208955224,1,11,171,232,1,0,0,8.140350877192983,11,8.140350877192983,171,11,171,8.140350877192983,1,0.0,0.0,1,1,184.03905380889586,144.03905380889586,144.03905380889586,< ₹1 Cr
P0072,2011,Dwayne Bravo,,Overseas,90.0,90.0,CSK,457,390,25,0,3,37,17,117.17948717948718,61,53,115.09433962264151,0,0,457,3,0,117.17948717948718,3,26,527,719,2,0,0,8.18595825426945,4,8.713375796178344,157,26,527,8.18595825426945,3,40.0,1.0,1,1,188.3301424719833,98.3301424719833,98.3301424719833,< ₹1 Cr
P0072,2018,Dwayne Bravo,All-Rounder,Overseas,,640.0,CSK,1262,999,81,0,4,102,48,126.32632632632632,99,82,120.73170731707317,0,0,302,1,0,129.6137339055794,9,122,2018,2755,8,2,0,8.191278493557979,17,8.821428571428573,336,75,1025,8.294634146341462,8,90.0,2.0,1,1,550.4290583695187,-89.57094163048134,89.57094163048134,₹5–10 Cr
P0072,2022,Dwayne Bravo,All-Rounder,Overseas,,440.0,CSK,1537,1180,104,0,5,119,65,130.25423728813558,47,18,261.11111111111114,0,0,134,0,0,148.88888888888889,13,167,2914,4061,12,2,0,8.361702127659575,14,7.811881188118813,202,31,575,8.06608695652174,12,640.0,3.0,1,1,504.6558694710965,64.65586947109648,64.65586947109648,₹2–5 Cr
P0073,2009,Naman Ojha,Wicket-Keeper,Indian,,50.0,RR,0,0,0,0,0,0,0,0.0,0,0,0.0,0,0,0,0,0,0.0,0,0,0,0,0,0,0,0.0,0,0.0,0,0,0,0.0,0,0.0,0.0,0,0,90.85676286851051,40.856762868510515,40.856762868510515,< ₹1 Cr
P0073,2010,Naman Ojha,Wicket-Keeper,Indian,,30.0,DC,168,144,8,0,2,11,11,116.66666666666667,168,144,116.66666666666667,2,0,168,2,0,116.66666666666667,1,0,0,0,0,0,0,0.0,0,0.0,0,0,0,0.0,0,50.0,1.0,1,0,99.5268979919026,69.5268979919026,69.5268979919026,< ₹1 Cr
P0073,2011,Naman Ojha,,Indian,45.0,121.5,DC,545,429,22,0,4,53,26,127.03962703962704,377,285,132.28070175438594,2,0,545,4,0,127.03962703962704,2,0,0,0,0,0,0,0.0,0,0.0,0,0,0,0.0,0,30.0,2.0,1,0,293.20815902314,171.70815902314,171.70815902314,₹1–2 Cr
P0073,2014,Naman Ojha,Wicket-Keeper,Indian,,50.0,SRH,969,824,54,0,5,86,50,117.59708737864078,9,10,90.0,0,0,424,1,0,107.34177215189872,5,0,0,0,0,0,0,0.0,0,0.0,0,0,0,0.0,0,121.5,3.0,1,0,107.08204834269795,57.082048342697945,57.082048342697945,< ₹1 Cr
P0073,2018,Naman Ojha,Wicket-Keeper,Indian,,140.0,DC,1553,1309,93,0,6,121,79,118.6401833460657,79,65,121.53846153846153,0,0,352,0,0,108.64197530864197,9,0,0,0,0,0,0,0.0,0,0.0,0,0,0,0.0,0,50.0,4.0,1,0,134.20278641888223,-5.797213581117774,5.797213581117774,₹1–2 Cr
P0076,2008,Saurabh Tiwary,Batsman,Indian,,20.0,DCH,0,0,0,0,0,0,0,0.0,0,0,0.0,0,0,0,0,0,0.0,0,0,0,0,0,0,0,0.0,0,0.0,0,0,0,0.0,0,0.0,0.0,0,0,109.70681158718025,89.70681158718025,89.70681158718025,< ₹1 Cr
P0076,2009,Saurabh Tiwary,Batsman,Indian,,20.0,MI,26,20,2,0,0,3,1,130.0,26,20,130.0,0,0,26,0,0,130.0,1,0,0,0,0,0,0,0.0,0,0.0,0,0,0,0.0,0,20.0,1.0,1,0,64.88054170888579,44.88054170888579,44.88054170888579,< ₹1 Cr
P0076,2010,Saurabh Tiwary,Batsman,Indian,,35.0,MI,39,32,5,0,0,3,1,121.875,13,12,108.33333333333333,0,0,39,0,0,121.875,2,0,0,0,0,0,0,0.0,0,0.0,0,0,0,0.0,0,20.0,2.0,1,0,61.53156941476418,26.531569414764178,26.531569414764178,< ₹1 Cr
P0076,2011,Saurabh Tiwary,,Indian,180.0,675.0,MI,458,341,20,0,3,32,19,134.3108504398827,419,309,135.59870550161813,3,0,458,3,0,134.3108504398827,3,0,0,0,0,0,0,0.0,0,0.0,0,0,0,0.0,0,35.0,3.0,1,0,416.33319686700617,-258.66680313299383,258.66680313299383,₹5–10 Cr
P0076,2014,Saurabh Tiwary,Batsman,Indian,,70.0,DC,945,805,50,0,4,58,36,117.3913043478261,109,106,102.8301886792453,1,0,487,1,0,104.95689655172413,6,0,0,0,0,0,0,0.0,0,0.0,0,0,0,0.0,0,675.0,4.0,1,0,120.44215848575293,50.44215848575293,50.44215848575293,< ₹1 Cr
P0076,2017,Saurabh Tiwary,Batsman,Indian,,30.0,MI,1224,1024,63,0,6,84,45,119.53125,170,141,120.56737588652481,2,0,388,3,0,119.38461538461537,8,0,0,0,0,0,0,0.0,0,0.0,0,0,0,0.0,0,70.0,5.0,1,0,110.43916126987749,80.43916126987749,80.43916126987749,< ₹1 Cr
P0076,2018,Saurabh Tiwary,Batsman,Indian,,80.0,MI,1276,1067,64,0,7,93,45,119.58762886597938,52,43,120.93023255813952,1,0,331,3,0,126.33587786259541,9,0,0,0,0,0,0,0.0,0,0.0,0,0,0,0.0,0,30.0,6.0,1,0,104.1146556181763,24.1146556181763,24.1146556181763,< ₹1 Cr
P0076,2020,Saurabh Tiwary,Batsman,Indian,,50.0,MI,1276,1067,64,0,7,93,45,119.58762886597938,52,43,120.93023255813952,1,0,331,3,0,126.33587786259541,9,0,0,0,0,0,0,0.0,0,0.0,0,0,0,0.0,0,80.0,7.0,1,0,104.2265017115807,54.226501711580696,54.226501711580696,< ₹1 Cr
P0078,2019,Heinrich Klaasen,Wicket-Keeper,Overseas,,50.0,RCB,57,47,4,0,0,5,1,121.27659574468086,57,47,121.27659574468086,0,0,57,0,0,121.27659574468086,1,0,0,0,0,0,0,0.0,0,0.0,0,0,0,0.0,0,0.0,0.0,1,0,124.29938539438197,74.29938539438197,74.29938539438197,< ₹1 Cr
P0078,2023,Heinrich Klaasen,Wicket-Keeper,Overseas,100.0,525.0,SRH,66,57,6,0,0,5,1,115.78947368421053,9,10,90.0,0,0,66,0,0,115.78947368421053,2,0,0,0,0,0,0,0.0,0,0.0,0,0,0,0.0,0,50.0,1.0,1,0,158.86468610921472,-366.13531389078526,366.13531389078526,₹5–10 Cr
P0079,2021,Venkatesh Iyer,Bowler,Indian,20.0,20.0,KKR,0,0,0,0,0,0,0,0.0,0,0,0.0,0,0,0,0,0,0.0,0,0,0,0,0,0,0,0.0,0,0.0,0,0,0,0.0,0,0.0,0.0,0,0,118.97564863234453,98.97564863234453,98.97564863234453,< ₹1 Cr
P0079,2026,Venkatesh Iyer,Unknown,Indian,,700.0,RCB,1468,1069,56,1,12,136,65,137.3246024321796,142,102,139.2156862745098,1,0,916,7,1,149.67320261437908,5,3,81,143,0,0,0,10.592592592592593,0,28.0,6,3,81,10.592592592592593,3,20.0,1.0,1,1,609.8367628420058,-90.16323715799422,90.16323715799422,₹5–10 Cr
P0080,2008,Subramaniam Badrinath,Batsman,Indian,,40.0,CSK,0,0,0,0,0,0,0,0.0,0,0,0.0,0,0,0,0,0,0.0,0,0,0,0,0,0,0,0.0,0,0.0,0,0,0,0.0,0,0.0,0.0,0,0,109.70681158718025,69.70681158718025,69.70681158718025,< ₹1 Cr
P0080,2011,Subramaniam Badrinath,,Indian,90.0,360.0,CSK,725,597,37,0,5,82,17,121.44053601340032,356,303,117.49174917491749,2,0,725,5,0,121.44053601340032,3,0,0,0,0,0,0,0.0,0,0.0,0,0,0,0.0,0,40.0,1.0,1,0,379.6961176362481,19.69611763624812,19.69611763624812,₹2–5 Cr
P0080,2015,Subramaniam Badrinath,Batsman,Indian,,30.0,RCB,1441,1212,65,0,11,154,28,118.8943894389439,124,121,102.4793388429752,0,0,716,6,0,116.42276422764229,6,0,0,0,0,0,0,0.0,0,0.0,0,0,0,0.0,0,360.0,2.0,1,0,165.38070208206707,135.38070208206707,135.38070208206707,< ₹1 Cr
P0081,2022,Aiden Markram,Batsman,Overseas,,260.0,SRH,146,119,6,0,0,12,4,122.6890756302521,146,119,122.6890756302521,0,0,146,0,0,122.6890756302521,1,0,24,23,0,0,0,5.75,0,5.75,24,0,24,5.75,1,0.0,0.0,1,1,207.49538047094467,-52.50461952905533,52.50461952905533,₹2–5 Cr
P0082,2010,Eoin Morgan,Batsman,Overseas,,99.0,RCB,0,0,0,0,0,0,0,0.0,0,0,0.0,0,0,0,0,0,0.0,0,0,0,0,0,0,0,0.0,0,0.0,0,0,0,0.0,0,0.0,0.0,0,0,193.840539245101,94.84053924510101,94.84053924510101,< ₹1 Cr
P0082,2011,Eoin Morgan,,Overseas,90.0,157.5,KKR,35,30,4,0,0,2,1,116.66666666666667,35,30,116.66666666666667,0,0,35,0,0,116.66666666666667,1,0,0,0,0,0,0,0.0,0,0.0,0,0,0,0.0,0,99.0,1.0,1,0,144.8166476430401,-12.683352356959887,12.683352356959887,₹1–2 Cr
P0082,2015,Eoin Morgan,Batsman,Overseas,,150.0,SRH,479,387,26,0,2,47,17,123.77260981912144,307,240,127.91666666666666,1,0,479,2,0,123.77260981912144,3,0,0,0,0,0,0,0.0,0,0.0,0,0,0,0.0,0,157.5,2.0,1,0,254.05115699650966,104.05115699650966,104.05115699650966,₹1–2 Cr
P0082,2017,Eoin Morgan,Batsman,Overseas,,200.0,PBKS,789,643,41,0,4,66,32,122.70606531881805,123,105,117.14285714285715,1,0,617,3,0,124.39516129032258,5,0,0,0,0,0,0,0.0,0,0.0,0,0,0,0.0,0,150.0,3.0,1,0,231.93547560277676,31.935475602776762,31.935475602776762,₹2–5 Cr
P0082,2020,Eoin Morgan,Batsman,Overseas,,525.0,KKR,854,705,45,0,4,72,34,121.13475177304964,65,62,104.83870967741935,0,0,375,2,0,117.9245283018868,6,0,0,0,0,0,0,0.0,0,0.0,0,0,0,0.0,0,200.0,4.0,1,0,268.65033735902836,-256.34966264097164,256.34966264097164,₹5–10 Cr
P0084,2019,Prabhsimran Singh,Wicket-Keeper,Indian,,480.0,PBKS,0,0,0,0,0,0,0,0.0,0,0,0.0,0,0,0,0,0,0.0,0,0,0,0,0,0,0,0.0,0,0.0,0,0,0,0.0,0,0.0,0.0,0,0,90.85676286851051,-389.1432371314895,389.1432371314895,₹2–5 Cr
P0084,2020,Prabhsimran Singh,Wicket-Keeper,Indian,,55.0,PBKS,16,17,1,0,0,1,1,94.11764705882352,16,17,94.11764705882352,0,0,16,0,0,94.11764705882352,1,0,0,0,0,0,0,0.0,0,0.0,0,0,0,0.0,0,480.0,1.0,1,0,94.59467598974592,39.59467598974592,39.59467598974592,< ₹1 Cr
P0084,2022,Prabhsimran Singh,Wicket-Keeper,Indian,,60.0,PBKS,50,55,5,0,0,4,2,90.9090909090909,19,23,82.6086956521739,0,0,50,0,0,90.9090909090909,3,0,0,0,0,0,0,0.0,0,0.0,0,0,0,0.0,0,55.0,2.0,1,0,68.5982228711089,8.598222871108902,8.598222871108902,< ₹1 Cr
P0085,2008,Sourav Ganguly,Batsman,Indian,,125.0,KKR,0,0,0,0,0,0,0,0.0,0,0,0.0,0,0,0,0,0,0.0,0,0,0,0,0,0,0,0.0,0,0.0,0,0,0,0.0,0,0.0,0.0,0,0,109.70681158718025,-15.293188412819745,15.293188412819745,₹1–2 Cr
P0086,2011,Chris Lynn,,Overseas,9.0,9.0,DCH,0,0,0,0,0,0,0,0.0,0,0,0.0,0,0,0,0,0,0.0,0,0,0,0,0,0,0,0.0,0,0.0,0,0,0,0.0,0,0.0,0.0,0,0,156.87334560267294,147.87334560267294,147.87334560267294,< ₹1 Cr
P0086,2014,Chris Lynn,Batsman,Overseas,,130.0,KKR,6,9,1,0,0,1,0,66.66666666666666,6,9,66.66666666666666,0,0,6,0,0,66.66666666666666,1,0,0,0,0,0,0,0.0,0,0.0,0,0,0,0.0,0,9.0,1.0,1,0,183.50543367141822,53.50543367141822,53.50543367141822,₹1–2 Cr
P0086,2018,Chris Lynn,Batsman,Overseas,,960.0,KKR,384,243,12,0,3,31,23,158.02469135802468,295,163,180.98159509202455,3,0,378,3,0,161.53846153846155,4,0,0,0,0,0,0,0.0,0,0.0,0,0,0,0.0,0,130.0,2.0,1,0,749.7068875318695,-210.29311246813052,210.29311246813052,₹5–10 Cr
P0086,2020,Chris Lynn,Batsman,Overseas,,200.0,MI,1280,910,41,0,10,128,63,140.65934065934067,405,290,139.6551724137931,4,0,1191,10,0,143.49397590361446,6,0,0,0,0,0,0,0.0,0,0.0,0,0,0,0.0,0,960.0,3.0,1,0,465.55954277204245,265.55954277204245,265.55954277204245,₹2–5 Cr
P0088,2011,Mitchell Marsh,,Overseas,22.5,130.5,PWI,28,30,2,0,0,1,1,93.33333333333333,28,30,93.33333333333333,0,0,28,0,0,93.33333333333333,1,2,60,88,0,0,0,8.799999999999999,2,8.799999999999999,60,2,60,8.799999999999999,1,0.0,0.0,1,1,145.4955230914459,14.995523091445904,14.995523091445904,₹1–2 Cr
P0088,2016,Mitchell Marsh,All-Rounder,Overseas,,480.0,RPS,218,185,13,0,0,9,14,117.83783783783784,140,106,132.0754716981132,0,0,218,0,0,117.83783783783784,3,16,261,369,0,1,0,8.482758620689655,7,9.413793103448276,116,16,261,8.482758620689655,3,130.5,1.0,1,1,334.9114746090254,-145.0885253909746,145.0885253909746,₹2–5 Cr
P0088,2020,Mitchell Marsh,All-Rounder,Overseas,,200.0,SRH,225,196,14,0,0,9,14,114.79591836734696,7,11,63.63636363636363,0,0,197,0,0,118.67469879518073,4,20,315,414,0,1,0,7.885714285714286,4,5.0,54,18,255,7.670588235294117,4,480.0,2.0,1,1,286.48384204815545,86.48384204815545,86.48384204815545,₹2–5 Cr
P0088,2022,Mitchell Marsh,All-Rounder,Overseas,,650.0,DC,225,197,15,0,0,9,14,114.21319796954315,0,1,0.0,0,0,147,0,0,124.57627118644068,5,20,319,420,0,1,0,7.899686520376175,0,9.0,4,11,174,8.03448275862069,5,200.0,3.0,1,1,376.4388484745988,-273.5611515254012,273.5611515254012,₹5–10 Cr
P0089,2014,Vijay Shankar,All-Rounder,Indian,,10.0,CSK,0,0,0,0,0,0,0,0.0,0,0,0.0,0,0,0,0,0,0.0,0,0,0,0,0,0,0,0.0,0,0.0,0,0,0,0.0,0,0.0,0.0,0,0,112.9879307388618,102.9879307388618,102.9879307388618,< ₹1 Cr
P0089,2016,Vijay Shankar,All-Rounder,Indian,,35.0,SRH,0,0,0,0,0,0,0,0.0,0,0,0.0,0,0,0,0,0,0.0,0,0,6,19,0,0,0,19.0,0,19.0,6,0,6,19.0,1,10.0,1.0,0,1,101.32151450318207,66.32151450318207,66.32151450318207,< ₹1 Cr
P0089,2018,Vijay Shankar,All-Rounder,Indian,,320.0,DC,101,75,4,0,1,12,1,134.66666666666666,101,75,134.66666666666666,1,0,101,1,0,134.66666666666666,1,0,6,19,0,0,0,19.0,0,19.0,6,0,6,19.0,1,35.0,2.0,1,1,200.1861349205401,-119.8138650794599,119.8138650794599,₹2–5 Cr
P0089,2022,Vijay Shankar,All-Rounder,Indian,,140.0,GT,712,564,37,0,3,45,28,126.24113475177306,58,52,111.53846153846155,0,0,399,1,0,117.00879765395895,5,9,229,329,0,0,0,8.620087336244541,3,9.09090909090909,66,8,193,7.834196891191709,5,320.0,3.0,1,1,181.53618752047734,41.53618752047734,41.53618752047734,₹1–2 Cr
P0091,2018,Moeen Ali,All-Rounder,Overseas,,170.0,RCB,0,0,0,0,0,0,0,0.0,0,0,0.0,0,0,0,0,0,0.0,0,0,0,0,0,0,0,0.0,0,0.0,0,0,0,0.0,0,0.0,0.0,0,0,268.5313619705029,98.53136197050293,98.53136197050293,₹1–2 Cr
P0091,2021,Moeen Ali,All-Rounder,Overseas,200.0,700.0,CSK,309,195,17,0,3,21,23,158.46153846153845,12,16,75.0,0,0,309,3,0,158.46153846153845,3,10,259,308,0,0,0,7.135135135135135,1,8.399999999999999,30,10,259,7.135135135135135,3,170.0,1.0,1,1,549.5804767211522,-150.4195232788478,150.4195232788478,₹5–10 Cr
P0092,2008,Tillakaratne Dilshan,Batsman,Overseas,,40.0,DC,0,0,0,0,0,0,0,0.0,0,0,0.0,0,0,0,0,0,0.0,0,0,0,0,0,0,0,0.0,0,0.0,0,0,0,0.0,0,0.0,0.0,0,0,193.840539245101,153.840539245101,153.840539245101,< ₹1 Cr
P0092,2011,Tillakaratne Dilshan,,Overseas,180.0,292.5,RCB,566,473,26,0,4,62,16,119.66173361522199,44,53,83.01886792452831,0,0,566,4,0,119.66173361522199,3,4,151,171,0,0,0,6.794701986754967,3,8.571428571428571,49,4,151,6.794701986754967,3,40.0,1.0,1,1,245.1653905704974,-47.33460942950259,47.33460942950259,₹2–5 Cr
P0093,2015,Travis Head,Batsman,Overseas,,30.0,DC,0,0,0,0,0,0,0,0.0,0,0,0.0,0,0,0,0,0,0.0,0,0,0,0,0,0,0,0.0,0,0.0,0,0,0,0.0,0,0.0,0.0,0,0,193.840539245101,163.840539245101,163.840539245101,< ₹1 Cr
P0093,2016,Travis Head,Batsman,Overseas,,50.0,RCB,0,0,0,0,0,0,0,0.0,0,0,0.0,0,0,0,0,0,0.0,0,0,0,0,0,0,0,0.0,0,0.0,0,0,0,0.0,0,30.0,1.0,0,0,157.90528423419502,107.90528423419502,107.90528423419502,< ₹1 Cr
P0094,2008,Irfan Pathan,All-Rounder,Indian,,350.0,PBKS,0,0,0,0,0,0,0,0.0,0,0,0.0,0,0,0,0,0,0.0,0,0,0,0,0,0,0,0.0,0,0.0,0,0,0,0.0,0,0.0,0.0,0,0,112.9879307388618,-237.0120692611382,237.0120692611382,₹2–5 Cr
P0094,2011,Irfan Pathan,,Indian,180.0,810.0,DC,603,460,35,0,1,47,22,131.08695652173913,276,186,148.38709677419354,1,0,603,1,0,131.08695652173913,3,47,898,1166,3,0,0,7.79064587973274,15,9.194244604316546,278,47,898,7.79064587973274,3,350.0,1.0,1,1,690.3828849406767,-119.61711505932328,119.61711505932328,₹5–10 Cr
P0094,2014,Irfan Pathan,All-Rounder,Indian,,240.0,SRH,1071,876,72,0,1,82,37,122.26027397260273,142,152,93.42105263157895,0,0,468,0,0,112.5,6,76,1841,2357,4,0,0,7.681694731124389,10,7.441558441558441,308,29,943,7.577942735949098,6,810.0,2.0,1,1,332.7559507009873,92.75595070098728,92.75595070098728,₹2–5 Cr
P0094,2015,Irfan Pathan,All-Rounder,Indian,,150.0,CSK,1126,930,78,0,1,87,37,121.07526881720429,55,54,101.85185185185186,0,0,373,0,0,112.34939759036145,7,80,1983,2562,4,0,0,7.751891074130105,4,8.661971830985916,142,22,810,7.792592592592593,7,240.0,3.0,1,1,175.28919087449395,25.289190874493954,25.289190874493954,₹1–2 Cr
P0094,2016,Irfan Pathan,All-Rounder,Indian,,100.0,RPS,1126,930,78,0,1,87,37,121.07526881720429,55,54,101.85185185185186,0,0,373,0,0,112.34939759036145,7,80,1983,2562,4,0,0,7.751891074130105,4,8.661971830985916,142,22,810,7.792592592592593,7,150.0,4.0,1,1,157.3618961335957,57.36189613359571,57.36189613359571,₹1–2 Cr
P0096,2021,Rajat Patidar,Batsman,Indian,20.0,20.0,RCB,0,0,0,0,0,0,0,0.0,0,0,0.0,0,0,0,0,0,0.0,0,0,0,0,0,0,0,0.0,0,0.0,0,0,0,0.0,0,0.0,0.0,0,0,109.70681158718025,89.70681158718025,89.70681158718025,< ₹1 Cr
P0097,2008,Matthew Hayden,Batsman,Overseas,,125.0,CSK,0,0,0,0,0,0,0,0.0,0,0,0.0,0,0,0,0,0,0.0,0,0,0,0,0,0,0,0.0,0,0.0,0,0,0,0.0,0,0.0,0.0,0,0,193.840539245101,68.84053924510101,68.84053924510101,₹1–2 Cr
P0098,2017,Rinku Singh,Batsman,Indian,,10.0,PBKS,0,0,0,0,0,0,0,0.0,0,0,0.0,0,0,0,0,0,0.0,0,0,0,0,0,0,0,0.0,0,0.0,0,0,0,0.0,0,0.0,0.0,0,0,109.70681158718025,99.70681158718025,99.70681158718025,< ₹1 Cr
P0098,2018,Rinku Singh,Batsman,Indian,,80.0,KKR,0,0,0,0,0,0,0,0.0,0,0,0.0,0,0,0,0,0,0.0,0,0,0,0,0,0,0,0.0,0,0.0,0,0,0,0.0,0,10.0,1.0,0,0,107.84426791741262,27.844267917412623,27.844267917412623,< ₹1 Cr
P0098,2022,Rinku Singh,Batsman,Indian,,55.0,KKR,77,76,8,0,0,6,2,101.3157894736842,11,11,100.0,0,0,77,0,0,101.3157894736842,3,0,0,0,0,0,0,0.0,0,0.0,0,0,0,0.0,0,80.0,2.0,1,0,75.00803808447559,20.008038084475587,20.008038084475587,< ₹1 Cr
P0099,2018,Manan Vohra,Batsman,Indian,,110.0,RCB,957,721,41,0,3,95,35,132.73231622746187,229,159,144.0251572327044,1,0,472,2,0,127.22371967654986,5,0,0,0,0,0,0,0.0,0,0.0,0,0,0,0.0,0,0.0,0.0,1,0,191.1081216737732,81.10812167377321,81.10812167377321,₹1–2 Cr
P0099,2019,Manan Vohra,Batsman,Indian,,20.0,RR,1012,768,45,0,3,97,39,131.77083333333331,55,47,117.02127659574468,0,0,445,2,0,132.0474777448071,6,0,0,0,0,0,0,0.0,0,0.0,0,0,0,0.0,0,110.0,1.0,1,0,107.00365896268274,87.00365896268274,87.00365896268274,< ₹1 Cr
P0099,2022,Manan Vohra,Batsman,Indian,,20.0,LSG,1054,807,49,0,3,102,41,130.6071871127633,42,39,107.6923076923077,0,0,326,1,0,133.0612244897959,7,0,0,0,0,0,0,0.0,0,0.0,0,0,0,0.0,0,20.0,2.0,1,0,98.42109921222044,78.42109921222044,78.42109921222044,< ₹1 Cr
P0100,2022,Devon Conway,Batsman,Overseas,,100.0,CSK,0,0,0,0,0,0,0,0.0,0,0,0.0,0,0,0,0,0,0.0,0,0,0,0,0,0,0,0.0,0,0.0,0,0,0,0.0,0,0.0,0.0,0,0,193.840539245101,93.84053924510101,93.84053924510101,₹1–2 Cr
P0103,2019,Liam Livingstone,All-Rounder,Overseas,,50.0,RR,0,0,0,0,0,0,0,0.0,0,0,0.0,0,0,0,0,0,0.0,0,0,0,0,0,0,0,0.0,0,0.0,0,0,0,0.0,0,0.0,0.0,0,0,268.5313619705029,218.53136197050293,218.53136197050293,< ₹1 Cr
P0103,2021,Liam Livingstone,Batsman,Overseas,75.0,75.0,RR,70,48,4,0,0,6,5,145.83333333333331,70,48,145.83333333333331,0,0,70,0,0,145.83333333333331,1,0,6,13,0,0,0,13.0,0,13.0,6,0,6,13.0,1,50.0,1.0,1,1,336.454999772362,261.454999772362,261.454999772362,< ₹1 Cr
P0103,2022,Liam Livingstone,All-Rounder,Overseas,,1150.0,PBKS,112,89,9,0,0,9,6,125.84269662921348,42,41,102.4390243902439,0,0,112,0,0,125.84269662921348,2,0,6,13,0,0,0,13.0,0,13.0,6,0,6,13.0,1,75.0,2.0,1,1,559.1711415523741,-590.8288584476259,590.8288584476259,₹10+ Cr
P0103,2026,Liam Livingstone,Unknown,Overseas,,1300.0,SRH,1051,662,47,0,7,70,75,158.76132930513594,112,84,133.33333333333331,1,0,502,3,0,150.75075075075074,6,13,312,469,1,0,0,9.01923076923077,2,8.444444444444445,54,7,168,9.071428571428571,5,1150.0,3.0,1,1,1050.3656264810068,-249.63437351899324,249.63437351899324,₹10+ Cr
P0104,2008,Ross Taylor,Batsman,Overseas,,50.0,RCB,0,0,0,0,0,0,0,0.0,0,0,0.0,0,0,0,0,0,0.0,0,0,0,0,0,0,0,0.0,0,0.0,0,0,0,0.0,0,0.0,0.0,0,0,193.840539245101,143.840539245101,143.840539245101,< ₹1 Cr
P0104,2011,Ross Taylor,,Overseas,135.0,427.5,RCB,517,364,22,0,2,35,31,142.03296703296704,88,75,117.33333333333333,0,0,517,2,0,142.03296703296704,3,0,6,13,0,0,0,13.0,0,13.0,6,0,6,13.0,1,50.0,1.0,1,1,396.450087235604,-31.049912764396026,31.049912764396026,₹2–5 Cr
P0104,2014,Ross Taylor,Batsman,Overseas,,200.0,DC,958,763,50,0,3,60,46,125.5570117955439,63,76,82.89473684210526,0,0,441,1,0,110.5263157894737,6,0,12,24,0,0,0,12.0,0,11.0,6,0,12,12.0,2,427.5,2.0,1,1,283.15445101230665,83.15445101230665,83.15445101230665,₹2–5 Cr
P0105,2009,Kevin Pietersen,Batsman,Overseas,,744.0,RCB,0,0,0,0,0,0,0,0.0,0,0,0.0,0,0,0,0,0,0.0,0,0,0,0,0,0,0,0.0,0,0.0,0,0,0,0.0,0,0.0,0.0,0,0,193.840539245101,-550.159460754899,550.159460754899,₹5–10 Cr
P0105,2011,Kevin Pietersen,,Overseas,180.0,247.5,DCH,329,242,13,0,2,31,10,135.9504132231405,236,157,150.31847133757964,2,0,329,2,0,135.9504132231405,2,7,138,162,0,0,0,7.043478260869566,3,7.700000000000001,60,7,138,7.043478260869566,2,744.0,1.0,1,1,221.8400269268992,-25.659973073100787,25.659973073100787,₹2–5 Cr
P0105,2014,Kevin Pietersen,Batsman,Overseas,,900.0,DC,634,449,21,1,3,53,30,141.20267260579064,305,207,147.34299516908214,1,1,634,3,1,141.20267260579064,3,7,174,215,0,0,0,7.413793103448276,0,8.833333333333334,36,7,174,7.413793103448276,3,247.5,2.0,1,1,625.2974708171251,-274.70252918287485,274.70252918287485,₹5–10 Cr
P0105,2015,Kevin Pietersen,Batsman,Overseas,,200.0,SRH,928,682,32,1,4,87,37,136.07038123167155,294,233,126.1802575107296,1,0,835,4,1,139.86599664991627,4,7,174,215,0,0,0,7.413793103448276,0,8.833333333333334,36,7,174,7.413793103448276,3,900.0,3.0,1,1,378.51155318845827,178.51155318845827,178.51155318845827,₹2–5 Cr
P0105,2016,Kevin Pietersen,Batsman,Overseas,,350.0,RPS,928,682,32,1,4,87,37,136.07038123167155,294,233,126.1802575107296,1,0,835,4,1,139.86599664991627,4,7,174,215,0,0,0,7.413793103448276,0,8.833333333333334,36,7,174,7.413793103448276,3,200.0,4.0,1,1,367.3757327626078,17.37573276260781,17.37573276260781,₹2–5 Cr
P0106,2011,Moises Henriques,,Overseas,22.5,22.5,MI,49,45,4,0,0,4,1,108.88888888888889,11,5,220.00000000000003,0,0,49,0,0,108.88888888888889,2,3,97,142,0,0,0,8.783505154639174,1,8.75,24,3,97,8.783505154639174,2,0.0,0.0,1,1,169.0276466092131,146.5276466092131,146.5276466092131,< ₹1 Cr
P0106,2013,Moises Henriques,All-Rounder,Overseas,,225.0,RCB,49,45,4,0,0,4,1,108.88888888888889,11,5,220.00000000000003,0,0,49,0,0,108.88888888888889,2,3,97,142,0,0,0,8.783505154639174,1,8.75,24,3,97,8.783505154639174,2,22.5,1.0,1,1,214.38046191766333,-10.619538082336675,10.619538082336675,₹2–5 Cr
P0106,2014,Moises Henriques,All-Rounder,Overseas,,100.0,SRH,214,170,13,0,0,24,4,125.88235294117646,165,125,132.0,0,0,214,0,0,125.88235294117646,3,10,224,327,0,0,0,8.758928571428571,7,8.740157480314961,127,10,224,8.758928571428571,3,225.0,2.0,1,1,205.5216929696083,105.5216929696083,105.5216929696083,₹1–2 Cr
P0106,2019,Moises Henriques,All-Rounder,Overseas,,100.0,PBKS,969,756,50,0,5,87,27,128.1746031746032,277,203,136.45320197044336,3,0,746,5,0,130.41958041958043,7,38,890,1244,1,0,0,8.386516853932584,1,10.333333333333334,144,24,606,8.128712871287128,7,100.0,3.0,1,1,320.8842233051341,220.88422330513413,220.88422330513413,₹1–2 Cr
P0106,2021,Moises Henriques,All-Rounder,Overseas,100.0,400.0,PBKS,969,756,50,0,5,87,27,128.1746031746032,277,203,136.45320197044336,3,0,746,5,0,130.41958041958043,7,38,890,1244,1,0,0,8.386516853932584,1,10.333333333333334,144,24,606,8.128712871287128,7,100.0,4.0,1,1,332.055188252224,-67.94481174777599,67.94481174777599,₹2–5 Cr
P0107,2019,Sam Curran,All-Rounder,Overseas,,720.0,PBKS,0,0,0,0,0,0,0,0.0,0,0,0.0,0,0,0,0,0,0.0,0,0,0,0,0,0,0,0.0,0,0.0,0,0,0,0.0,0,0.0,0.0,0,0,268.5313619705029,-451.4686380294971,451.4686380294971,₹5–10 Cr
P0107,2020,Sam Curran,All-Rounder,Overseas,,550.0,CSK,95,55,8,0,1,13,3,172.72727272727272,95,55,172.72727272727272,1,0,95,1,0,172.72727272727272,1,10,198,323,1,1,0,9.787878787878787,10,9.787878787878787,198,10,198,9.787878787878787,1,720.0,1.0,1,1,588.1295073965921,38.12950739659209,38.12950739659209,₹5–10 Cr
P0107,2023,Sam Curran,All-Rounder,Overseas,200.0,1850.0,PBKS,337,225,23,0,2,30,18,149.7777777777778,56,29,193.10344827586206,0,0,337,2,0,149.7777777777778,3,32,648,995,4,1,0,9.212962962962964,9,9.93939393939394,198,32,648,9.212962962962964,3,550.0,2.0,1,1,1119.9492238489745,-730.0507761510255,730.0507761510255,₹10+ Cr
P0110,2008,Andrew Symonds,All-Rounder,Overseas,,650.0,DCH,0,0,0,0,0,0,0,0.0,0,0,0.0,0,0,0,0,0,0.0,0,0,0,0,0,0,0,0.0,0,0.0,0,0,0,0.0,0,0.0,0.0,0,0,268.5313619705029,-381.4686380294971,381.4686380294971,₹5–10 Cr
P0110,2011,Andrew Symonds,,Overseas,45.0,360.0,DCH,839,612,27,1,5,65,38,137.09150326797385,429,341,125.80645161290323,4,0,839,5,1,137.09150326797385,3,19,503,633,1,0,0,7.550695825049702,12,7.018867924528301,318,19,503,7.550695825049702,3,650.0,1.0,1,1,582.9921118326117,222.99211183261173,222.99211183261173,₹2–5 Cr
P0111,2008,Albie Morkel,All-Rounder,Overseas,,30.0,CSK,0,0,0,0,0,0,0,0.0,0,0,0.0,0,0,0,0,0,0.0,0,0,0,0,0,0,0,0.0,0,0.0,0,0,0,0.0,0,0.0,0.0,0,0,268.5313619705029,238.53136197050293,238.53136197050293,< ₹1 Cr
P0111,2014,Albie Morkel,All-Rounder,Overseas,,240.0,RCB,827,571,58,0,2,51,48,144.8336252189142,46,37,124.32432432432432,0,0,291,0,0,140.57971014492753,6,76,1525,2058,4,1,0,8.097049180327868,7,6.625,144,35,711,7.814345991561181,6,30.0,1.0,1,1,306.5344484992316,66.53444849923159,66.53444849923159,₹2–5 Cr
P0111,2015,Albie Morkel,All-Rounder,Overseas,,30.0,DC,872,612,63,0,2,52,51,142.48366013071896,45,41,109.75609756097562,0,0,198,0,0,135.6164383561644,7,80,1621,2184,4,1,0,8.083898827884022,4,7.875,96,24,537,7.486033519553072,7,240.0,2.0,1,1,214.06909731906504,184.06909731906504,184.06909731906504,< ₹1 Cr
P0112,2022,Ayush Badoni,All-Rounder,Indian,,20.0,LSG,0,0,0,0,0,0,0,0.0,0,0,0.0,0,0,0,0,0,0.0,0,0,0,0,0,0,0,0.0,0,0.0,0,0,0,0.0,0,0.0,0.0,0,0,112.9879307388618,92.9879307388618,92.9879307388618,< ₹1 Cr
P0113,2008,Cameron White,All-Rounder,Overseas,,75.0,RCB,0,0,0,0,0,0,0,0.0,0,0,0.0,0,0,0,0,0,0.0,0,0,0,0,0,0,0,0.0,0,0.0,0,0,0,0.0,0,0.0,0.0,0,0,268.5313619705029,193.53136197050293,193.53136197050293,< ₹1 Cr
P0113,2011,Cameron White,,Overseas,135.0,495.0,RCB,162,135,13,0,0,11,7,120.0,48,33,145.45454545454547,0,0,162,0,0,120.0,2,0,12,43,0,0,0,21.5,0,19.0,6,0,12,21.5,2,75.0,1.0,1,1,393.6167845387927,-101.38321546120733,101.38321546120733,₹2–5 Cr
P0114,2023,Ben Stokes,All-Rounder,Overseas,200.0,1625.0,CSK,920,684,41,2,2,79,32,134.5029239766082,0,3,0.0,0,0,408,1,1,135.09933774834437,5,28,683,974,3,0,0,8.556368960468522,0,12.0,6,8,197,10.81218274111675,5,0.0,0.0,1,1,717.7014571982298,-907.2985428017702,907.2985428017702,₹10+ Cr
P0115,2008,Herschelle Gibbs,Batsman,Overseas,,75.0,DCH,0,0,0,0,0,0,0,0.0,0,0,0.0,0,0,0,0,0,0.0,0,0,0,0,0,0,0,0.0,0,0.0,0,0,0,0.0,0,0.0,0.0,0,0,193.840539245101,118.84053924510101,118.84053924510101,< ₹1 Cr
P0115,2012,Herschelle Gibbs,,Overseas,25.0,25.0,MI,805,719,33,0,5,75,29,111.96105702364395,267,235,113.61702127659574,1,0,805,5,0,111.96105702364395,3,0,0,0,0,0,0,0.0,0,0.0,0,0,0,0.0,0,75.0,1.0,1,0,189.838900426613,164.838900426613,164.838900426613,< ₹1 Cr
P0116,2016,Stuart Binny,All-Rounder,Indian,,200.0,RCB,625,489,44,0,0,48,22,127.8118609406953,74,66,112.12121212121211,0,0,490,0,0,126.94300518134716,6,16,402,497,0,0,0,7.417910447761194,4,7.368421052631579,114,13,312,7.038461538461538,6,0.0,0.0,1,1,198.16321527712094,-1.8367847228790595,1.8367847228790595,₹2–5 Cr
P0116,2018,Stuart Binny,All-Rounder,Indian,,50.0,RR,766,604,56,0,0,59,29,126.82119205298012,78,76,102.63157894736842,0,0,215,0,0,118.78453038674033,8,21,540,681,0,0,0,7.566666666666666,4,8.333333333333332,36,9,252,7.714285714285715,8,200.0,1.0,1,1,132.68438011233334,82.68438011233334,82.68438011233334,< ₹1 Cr
P0117,2022,Tim David,All-Rounder,Overseas,,825.0,MI,1,3,1,0,0,0,0,33.33333333333333,1,3,33.33333333333333,0,0,1,0,0,33.33333333333333,1,0,0,0,0,0,0,0.0,0,0.0,0,0,0,0.0,0,0.0,0.0,1,0,382.826854436713,-442.173145563287,442.173145563287,₹5–10 Cr
P0119,2008,Harbhajan Singh,Bowler,Indian,,175.0,MI,0,0,0,0,0,0,0,0.0,0,0,0.0,0,0,0,0,0,0.0,0,0,0,0,0,0,0,0.0,0,0.0,0,0,0,0.0,0,0.0,0.0,0,0,118.97564863234453,-56.02435136765547,56.02435136765547,₹1–2 Cr
P0119,2018,Harbhajan Singh,Bowler,Indian,,200.0,CSK,799,561,82,0,1,76,41,142.42424242424244,16,16,100.0,0,0,225,1,0,130.0578034682081,10,127,2919,3385,7,1,1,6.957862281603289,8,6.487804878048781,246,35,882,7.510204081632653,10,175.0,1.0,1,1,268.74736159736347,68.74736159736347,68.74736159736347,₹2–5 Cr
P0119,2021,Harbhajan Singh,Bowler,Indian,200.0,200.0,KKR,829,600,86,0,1,79,42,138.16666666666666,1,3,33.33333333333333,0,0,46,0,0,83.63636363636363,12,150,3374,3967,9,1,1,7.054534676941316,16,7.090909090909092,264,31,701,7.258202567760343,12,200.0,2.0,1,1,295.13855461386714,95.13855461386714,95.13855461386714,₹2–5 Cr
P0121,2011,Shakib Al Hasan,,Overseas,90.0,191.25,KKR,0,0,0,0,0,0,0,0.0,0,0,0.0,0,0,0,0,0,0.0,0,0,0,0,0,0,0,0.0,0,0.0,0,0,0,0.0,0,0.0,0.0,0,0,156.87334560267294,-34.37665439732706,34.37665439732706,₹1–2 Cr
P0121,2014,Shakib Al Hasan,All-Rounder,Overseas,,280.0,KKR,120,96,10,0,0,10,3,125.0,91,74,122.97297297297298,0,0,120,0,0,125.0,2,23,333,370,2,0,0,6.666666666666667,12,6.5,180,23,333,6.666666666666667,2,191.25,1.0,1,1,296.0815242097671,16.08152420976711,16.08152420976711,₹2–5 Cr
P0121,2018,Shakib Al Hasan,All-Rounder,Overseas,,200.0,SRH,498,382,32,0,2,44,15,130.36649214659687,1,1,100.0,0,0,151,1,0,112.68656716417911,6,43,921,1101,2,0,0,7.172638436482085,0,10.333333333333334,18,9,288,8.270833333333334,6,280.0,2.0,1,1,282.94117202098306,82.94117202098306,82.94117202098306,₹2–5 Cr
P0121,2021,Shakib Al Hasan,All-Rounder,Overseas,200.0,300.0,KKR,746,589,46,0,2,70,20,126.6553480475382,9,10,90.0,0,0,249,0,0,119.71153846153845,8,59,1328,1652,2,0,0,7.4638554216867465,2,8.769230769230768,65,16,425,8.216470588235294,8,200.0,3.0,1,1,246.5764456545114,-53.42355434548861,53.42355434548861,₹2–5 Cr
P0121,2023,Shakib Al Hasan,All-Rounder,Overseas,150.0,150.0,KKR,793,637,52,0,2,73,21,124.48979591836735,47,48,97.91666666666666,0,0,295,0,0,115.68627450980394,9,63,1484,1839,2,0,0,7.435309973045822,4,7.192307692307692,156,20,563,7.865008880994671,9,300.0,4.0,1,1,228.00698020699784,78.00698020699784,78.00698020699784,₹1–2 Cr
P0122,2017,Shashank Singh,All-Rounder,Indian,,10.0,DC,0,0,0,0,0,0,0,0.0,0,0,0.0,0,0,0,0,0,0.0,0,0,0,0,0,0,0,0.0,0,0.0,0,0,0,0.0,0,0.0,0.0,0,0,112.9879307388618,102.9879307388618,102.9879307388618,< ₹1 Cr
P0122,2019,Shashank Singh,All-Rounder,Indian,,30.0,RR,0,0,0,0,0,0,0,0.0,0,0,0.0,0,0,0,0,0,0.0,0,0,0,0,0,0,0,0.0,0,0.0,0,0,0,0.0,0,10.0,1.0,0,0,112.09424071081477,82.09424071081477,82.09424071081477,< ₹1 Cr
P0122,2022,Shashank Singh,All-Rounder,Indian,,20.0,SRH,0,0,0,0,0,0,0,0.0,0,0,0.0,0,0,0,0,0,0.0,0,0,0,0,0,0,0,0.0,0,0.0,0,0,0,0.0,0,30.0,2.0,0,0,103.71016373605475,83.71016373605475,83.71016373605475,< ₹1 Cr
P0123,2008,Sanath Jayasuriya,All-Rounder,Overseas,,575.0,MI,0,0,0,0,0,0,0,0.0,0,0,0.0,0,0,0,0,0,0.0,0,0,0,0,0,0,0,0.0,0,0.0,0,0,0,0.0,0,0.0,0.0,0,0,268.5313619705029,-306.4686380294971,306.4686380294971,₹5–10 Cr
P0124,2020,Abdul Samad,All-Rounder,Indian,,20.0,SRH,0,0,0,0,0,0,0,0.0,0,0,0.0,0,0,0,0,0,0.0,0,0,0,0,0,0,0,0.0,0,0.0,0,0,0,0.0,0,0.0,0.0,0,0,112.9879307388618,92.9879307388618,92.9879307388618,< ₹1 Cr
P0125,2008,Graeme Smith,Batsman,Overseas,,125.0,RR,0,0,0,0,0,0,0,0.0,0,0,0.0,0,0,0,0,0,0.0,0,0,0,0,0,0,0,0.0,0,0.0,0,0,0,0.0,0,0.0,0.0,0,0,193.840539245101,68.84053924510101,68.84053924510101,₹1–2 Cr
P0125,2011,Graeme Smith,,Overseas,90.0,225.0,PWI,697,617,25,0,4,88,9,112.96596434359805,44,39,112.82051282051282,0,0,697,4,0,112.96596434359805,3,0,0,0,0,0,0,0.0,0,0.0,0,0,0,0.0,0,125.0,1.0,1,0,220.63914009733432,-4.3608599026656805,4.3608599026656805,₹2–5 Cr
P0127,2011,Angelo Mathews,,Overseas,45.0,427.5,KKR,249,197,11,0,1,20,8,126.3959390862944,233,184,126.63043478260869,1,0,249,1,0,126.3959390862944,2,8,239,345,0,1,0,8.661087866108787,8,8.373333333333335,225,8,239,8.661087866108787,2,0.0,0.0,1,1,307.5133364750762,-119.98666352492381,119.98666352492381,₹2–5 Cr
P0127,2015,Angelo Mathews,All-Rounder,Overseas,,750.0,DC,548,444,29,0,1,30,22,123.42342342342343,172,139,123.74100719424462,0,0,532,1,0,123.4338747099768,4,20,581,777,1,1,0,8.024096385542169,5,7.741935483870968,186,20,567,7.894179894179894,4,427.5,1.0,1,1,501.44372676316783,-248.55627323683217,248.55627323683217,₹5–10 Cr
P0127,2017,Angelo Mathews,All-Rounder,Overseas,,200.0,DC,692,548,39,0,1,42,28,126.27737226277371,144,104,138.46153846153845,0,0,443,0,0,126.21082621082623,5,27,761,1023,1,1,0,8.065703022339028,7,8.2,180,19,522,7.793103448275863,5,750.0,2.0,1,1,327.97518236072494,127.97518236072494,127.97518236072494,₹2–5 Cr
P0129,2023,Cameron Green,All-Rounder,Overseas,200.0,1750.0,MI,0,0,0,0,0,0,0,0.0,0,0,0.0,0,0,0,0,0,0.0,0,0,0,0,0,0,0,0.0,0,0.0,0,0,0,0.0,0,0.0,0.0,0,0,268.5313619705029,-1481.468638029497,1481.468638029497,₹10+ Cr
P0129,2026,Cameron Green,Unknown,Overseas,,2520.0,KKR,707,460,28,1,2,62,32,153.69565217391303,255,178,143.25842696629215,0,0,707,2,1,153.69565217391303,2,16,439,664,0,0,0,9.075170842824601,10,8.616113744075829,211,16,439,9.075170842824601,2,1750.0,1.0,1,1,1498.3382954221709,-1021.6617045778291,1021.6617045778291,₹10+ Cr
P0133,2009,Abhishek Nayar,All-Rounder,Indian,,50.0,MI,206,138,10,0,0,16,9,149.27536231884056,206,138,149.27536231884056,0,0,206,0,0,149.27536231884056,1,1,42,68,0,0,0,9.714285714285715,1,9.714285714285715,42,1,42,9.714285714285715,1,0.0,0.0,1,1,185.07423285673516,135.07423285673516,135.07423285673516,< ₹1 Cr
P0133,2011,Abhishek Nayar,,Indian,90.0,337.5,PBKS,457,341,24,0,0,34,18,134.01759530791787,58,51,113.72549019607843,0,0,457,0,0,134.01759530791787,3,5,114,152,1,0,0,8.0,4,7.0,72,5,114,8.0,2,50.0,1.0,1,1,226.69931420070338,-110.80068579929662,110.80068579929662,₹2–5 Cr
P0133,2013,Abhishek Nayar,All-Rounder,Indian,,506.25,PWI,563,457,37,0,0,45,19,123.19474835886214,45,49,91.83673469387756,0,0,164,0,0,98.20359281437125,5,7,181,263,1,0,0,8.718232044198896,0,16.0,6,6,139,8.417266187050359,4,337.5,2.0,1,1,272.67676336794057,-233.57323663205943,233.57323663205943,₹5–10 Cr
P0133,2014,Abhishek Nayar,All-Rounder,Indian,,100.0,RR,629,530,46,0,0,50,19,118.67924528301887,66,73,90.41095890410958,0,0,172,0,0,91.005291005291,6,9,229,322,1,0,0,8.436681222707424,2,7.375,48,4,115,8.869565217391305,5,506.25,3.0,1,1,140.97064495962172,40.97064495962172,40.97064495962172,₹1–2 Cr
P0134,2009,George Bailey,Batsman,Overseas,,24.0,CSK,0,0,0,0,0,0,0,0.0,0,0,0.0,0,0,0,0,0,0.0,0,0,0,0,0,0,0,0.0,0,0.0,0,0,0,0.0,0,0.0,0.0,0,0,193.840539245101,169.840539245101,169.840539245101,< ₹1 Cr
P0134,2011,George Bailey,,Overseas,22.5,22.5,CSK,63,66,3,0,0,9,0,95.45454545454545,18,27,66.66666666666666,0,0,63,0,0,95.45454545454545,2,0,0,0,0,0,0,0.0,0,0.0,0,0,0,0.0,0,24.0,1.0,1,0,167.95021305642268,145.45021305642268,145.45021305642268,< ₹1 Cr
P0134,2014,George Bailey,Batsman,Overseas,,325.0,PBKS,63,66,3,0,0,9,0,95.45454545454545,18,27,66.66666666666666,0,0,63,0,0,95.45454545454545,2,0,0,0,0,0,0,0.0,0,0.0,0,0,0,0.0,0,22.5,2.0,1,0,195.47436097194546,-129.52563902805454,129.52563902805454,₹2–5 Cr
P0137,2008,Piyush Chawla,Bowler,Indian,,175.0,PBKS,0,0,0,0,0,0,0,0.0,0,0,0.0,0,0,0,0,0,0.0,0,0,0,0,0,0,0,0.0,0,0.0,0,0,0,0.0,0,0.0,0.0,0,0,118.97564863234453,-56.02435136765547,56.02435136765547,₹1–2 Cr
P0137,2011,Piyush Chawla,,Indian,90.0,405.0,PBKS,183,155,21,0,0,20,3,118.06451612903226,62,60,103.33333333333334,0,0,183,0,0,118.06451612903226,3,41,844,1064,4,0,0,7.563981042654028,12,7.489795918367347,294,41,844,7.563981042654028,3,175.0,1.0,1,1,336.9437431446556,-68.05625685534437,68.05625685534437,₹2–5 Cr
P0137,2014,Piyush Chawla,Bowler,Indian,,425.0,KKR,401,355,49,0,0,36,12,112.95774647887325,64,57,112.28070175438596,0,0,218,0,0,109.00000000000001,6,84,1784,2237,6,1,0,7.523542600896862,11,7.165714285714286,350,43,940,7.487234042553191,6,405.0,2.0,1,1,398.6570346730814,-26.342965326918602,26.342965326918602,₹2–5 Cr
P0137,2018,Piyush Chawla,Bowler,Indian,,420.0,KKR,515,453,65,0,0,49,15,113.68653421633555,2,6,33.33333333333333,0,0,83,0,0,105.0632911392405,10,126,2563,3261,8,2,0,7.634022629730784,6,8.95,120,28,542,7.9815498154981555,10,425.0,3.0,1,1,328.7637393970867,-91.23626060291332,91.23626060291332,₹2–5 Cr
P0137,2020,Piyush Chawla,Bowler,Indian,,675.0,CSK,584,524,75,0,0,54,18,111.45038167938932,42,37,113.51351351351352,0,0,71,0,0,92.20779220779221,12,150,3124,4072,10,2,0,7.820742637644046,10,8.96629213483146,267,30,681,8.722466960352422,12,420.0,4.0,1,1,469.9705650680679,-205.0294349319321,205.0294349319321,₹5–10 Cr
P0137,2021,Piyush Chawla,All-Rounder,Indian,50.0,200.0,MI,584,524,75,0,0,54,18,111.45038167938932,42,37,113.51351351351352,0,0,71,0,0,92.20779220779221,12,156,3250,4263,10,2,0,7.870153846153846,6,9.095238095238095,126,30,687,8.751091703056769,13,675.0,5.0,1,1,300.0921523681331,100.0921523681331,100.0921523681331,₹2–5 Cr
P0137,2023,Piyush Chawla,Bowler,Indian,50.0,50.0,MI,584,526,76,0,0,54,18,111.02661596958174,0,2,0.0,0,0,69,0,0,94.52054794520548,13,157,3274,4301,10,2,0,7.882101405009164,1,9.5,24,17,417,9.035971223021583,14,200.0,6.0,1,1,166.8702731920635,116.87027319206351,116.87027319206351,< ₹1 Cr
P0138,2021,Chris Morris,All-Rounder,Overseas,75.0,1600.0,RR,551,349,42,0,2,39,30,157.87965616045844,34,21,161.9047619047619,0,0,112,0,0,133.33333333333331,7,80,1474,1919,7,3,0,7.811397557666215,11,6.631578947368421,190,27,472,8.377118644067796,7,0.0,0.0,1,1,1060.2152079121943,-539.7847920878057,539.7847920878057,₹10+ Cr
P0139,2017,Jason Roy,Batsman,Overseas,,100.0,GL,0,0,0,0,0,0,0,0.0,0,0,0.0,0,0,0,0,0,0.0,0,0,0,0,0,0,0,0.0,0,0.0,0,0,0,0.0,0,0.0,0.0,0,0,193.840539245101,93.84053924510101,93.84053924510101,₹1–2 Cr
P0139,2018,Jason Roy,Batsman,Overseas,,150.0,DC,59,40,3,0,0,9,1,147.5,59,40,147.5,0,0,59,0,0,147.5,1,0,0,0,0,0,0,0.0,0,0.0,0,0,0,0.0,0,100.0,1.0,1,0,189.1427127645667,39.14271276456671,39.14271276456671,₹1–2 Cr
P0139,2020,Jason Roy,Batsman,Overseas,,150.0,DC,179,134,8,0,1,18,8,133.5820895522388,120,94,127.65957446808511,1,0,179,1,0,133.5820895522388,2,0,0,0,0,0,0,0.0,0,0.0,0,0,0,0.0,0,150.0,2.0,1,0,171.63104134974975,21.63104134974975,21.63104134974975,₹1–2 Cr
P0139,2022,Jason Roy,Batsman,Overseas,,200.0,GT,329,255,13,0,2,39,9,129.01960784313727,150,121,123.96694214876034,1,0,329,2,0,129.01960784313727,3,0,0,0,0,0,0,0.0,0,0.0,0,0,0,0.0,0,150.0,3.0,1,0,185.75579326140567,-14.244206738594329,14.244206738594329,₹2–5 Cr
P0141,2009,Jesse Ryder,All-Rounder,Overseas,,77.0,RCB,0,0,0,0,0,0,0,0.0,0,0,0.0,0,0,0,0,0,0.0,0,0,0,0,0,0,0,0.0,0,0.0,0,0,0,0.0,0,0.0,0.0,0,0,268.5313619705029,191.53136197050293,191.53136197050293,< ₹1 Cr
P0141,2011,Jesse Ryder,,Overseas,45.0,67.5,PWI,56,49,5,0,0,9,0,114.28571428571428,56,49,114.28571428571428,0,0,56,0,0,114.28571428571428,1,3,102,115,0,0,0,6.764705882352941,3,6.764705882352941,102,3,102,6.764705882352941,1,77.0,1.0,1,1,151.40795493505124,83.90795493505124,83.90795493505124,< ₹1 Cr
P0141,2013,Jesse Ryder,All-Rounder,Overseas,,195.0,DC,604,458,29,0,4,69,19,131.87772925764193,256,212,120.75471698113208,2,0,604,4,0,131.87772925764193,3,8,236,303,0,0,0,7.703389830508474,1,10.0,42,8,236,7.703389830508474,3,67.5,2.0,1,1,286.6390018324678,91.63900183246778,91.63900183246778,₹1–2 Cr
P0147,2014,Corey Anderson,All-Rounder,Overseas,,450.0,MI,0,0,0,0,0,0,0,0.0,0,0,0.0,0,0,0,0,0,0.0,0,0,0,0,0,0,0,0.0,0,0.0,0,0,0,0.0,0,0.0,0.0,0,0,268.5313619705029,-181.46863802949707,181.46863802949707,₹2–5 Cr
P0147,2017,Corey Anderson,All-Rounder,Overseas,,100.0,DC,379,278,15,0,3,32,21,136.33093525179856,114,97,117.5257731958763,2,0,379,3,0,136.33093525179856,2,5,132,217,0,0,0,9.863636363636363,1,8.25,24,5,132,9.863636363636363,2,450.0,1.0,1,1,227.19540873302384,127.19540873302384,127.19540873302384,₹1–2 Cr
P0148,2009,Ravi Bopara,All-Rounder,Overseas,,216.0,PBKS,0,0,0,0,0,0,0,0.0,0,0,0.0,0,0,0,0,0,0.0,0,0,0,0,0,0,0,0.0,0,0.0,0,0,0,0.0,0,0.0,0.0,0,0,268.5313619705029,52.53136197050293,52.53136197050293,₹2–5 Cr
P0148,2015,Ravi Bopara,All-Rounder,Indian,,100.0,SRH,386,333,14,0,3,33,10,115.91591591591592,248,214,115.88785046728971,2,0,386,3,0,115.91591591591592,2,5,86,132,1,0,0,9.209302325581396,5,9.76923076923077,78,5,86,9.209302325581396,2,216.0,1.0,1,1,211.41905552444678,111.41905552444678,111.41905552444678,₹1–2 Cr
P0149,2012,James Faulkner,,Overseas,50.0,95.0,PBKS,0,0,0,0,0,0,0,0.0,0,0,0.0,0,0,0,0,0,0.0,0,1,12,9,0,0,0,4.5,1,4.5,12,1,12,4.5,1,0.0,0.0,0,1,157.78197524714273,62.781975247142725,62.781975247142725,< ₹1 Cr
P0149,2013,James Faulkner,All-Rounder,Overseas,,300.0,RR,14,13,2,0,0,0,0,107.6923076923077,14,13,107.6923076923077,0,0,14,0,0,107.6923076923077,1,4,60,81,0,0,0,8.100000000000001,3,9.0,48,4,60,8.100000000000001,2,95.0,1.0,1,1,218.17992910900847,-81.82007089099153,81.82007089099153,₹2–5 Cr
P0151,2014,Mithun Manhas,All-Rounder,Indian,,30.0,CSK,479,447,33,0,0,40,9,107.15883668903803,13,17,76.47058823529412,0,0,247,0,0,104.66101694915255,5,0,42,42,0,0,0,6.0,0,6.0,42,0,42,6.0,1,0.0,0.0,1,1,87.78771150411846,57.78771150411846,57.78771150411846,< ₹1 Cr
P0153,2022,Gurkeerat Singh,All-Rounder,Indian,,50.0,GT,511,422,32,0,2,55,11,121.09004739336493,71,80,88.75,0,0,282,2,0,119.4915254237288,6,5,78,97,0,0,0,7.461538461538462,2,7.75,24,5,78,7.461538461538462,2,0.0,0.0,1,1,106.58805841541371,56.58805841541371,56.58805841541371,< ₹1 Cr
P0154,2009,Owais Shah,Batsman,Overseas,,132.0,DC,0,0,0,0,0,0,0,0.0,0,0,0.0,0,0,0,0,0,0.0,0,0,0,0,0,0,0,0.0,0,0.0,0,0,0,0.0,0,0.0,0.0,0,0,193.840539245101,61.84053924510101,61.84053924510101,₹1–2 Cr
P0154,2011,Owais Shah,,Overseas,45.0,90.0,KTK,115,95,5,0,1,7,5,121.05263157894737,115,95,121.05263157894737,1,0,115,1,0,121.05263157894737,1,0,0,0,0,0,0,0.0,0,0.0,0,0,0,0.0,0,132.0,1.0,1,0,139.33668841315156,49.33668841315156,49.33668841315156,< ₹1 Cr
P0156,2016,Sam Billings,Wicket-Keeper,Overseas,,30.0,DC,0,0,0,0,0,0,0,0.0,0,0,0.0,0,0,0,0,0,0.0,0,0,0,0,0,0,0,0.0,0,0.0,0,0,0,0.0,0,0.0,0.0,0,0,119.9781973269935,89.9781973269935,89.9781973269935,< ₹1 Cr
P0156,2018,Sam Billings,Wicket-Keeper,Overseas,,100.0,CSK,226,168,10,0,2,23,5,134.52380952380955,138,104,132.69230769230768,1,0,226,2,0,134.52380952380955,2,0,0,0,0,0,0,0.0,0,0.0,0,0,0,0.0,0,30.0,1.0,1,0,141.93830785289023,41.93830785289023,41.93830785289023,₹1–2 Cr
P0156,2021,Sam Billings,Wicket-Keeper,Overseas,200.0,200.0,DC,334,250,19,0,3,31,10,133.6,0,4,0.0,0,0,246,2,0,132.25806451612902,4,0,0,0,0,0,0,0.0,0,0.0,0,0,0,0.0,0,100.0,2.0,1,0,162.10018714765715,-37.89981285234285,37.89981285234285,₹2–5 Cr
P0156,2022,Sam Billings,Wicket-Keeper,Overseas,,200.0,KKR,334,250,19,0,3,31,10,133.6,0,4,0.0,0,0,246,2,0,132.25806451612902,4,0,0,0,0,0,0,0.0,0,0.0,0,0,0,0.0,0,200.0,3.0,1,0,167.00016873010335,-32.999831269896646,32.999831269896646,₹2–5 Cr
P0158,2011,Rilee Rossouw,,Overseas,9.0,9.0,RCB,0,0,0,0,0,0,0,0.0,0,0,0.0,0,0,0,0,0,0.0,0,0,0,0,0,0,0,0.0,0,0.0,0,0,0,0.0,0,0.0,0.0,0,0,156.87334560267294,147.87334560267294,147.87334560267294,< ₹1 Cr
P0158,2023,Rilee Rossouw,Batsman,Overseas,200.0,459.99999999999994,DC,53,51,5,0,0,3,3,103.921568627451,14,10,140.0,0,0,53,0,0,103.921568627451,2,0,0,0,0,0,0,0.0,0,0.0,0,0,0,0.0,0,9.0,1.0,1,0,203.52460437839133,-256.47539562160864,256.47539562160864,₹2–5 Cr
P0159,2023,Will Jacks,Batsman,Overseas,150.0,320.0,RCB,0,0,0,0,0,0,0,0.0,0,0,0.0,0,0,0,0,0,0.0,0,0,0,0,0,0,0,0.0,0,0.0,0,0,0,0.0,0,0.0,0.0,0,0,193.840539245101,-126.15946075489899,126.15946075489899,₹2–5 Cr
P0161,2013,Daniel Christian,All-Rounder,Overseas,,75.0,RCB,335,277,20,0,0,17,13,120.93862815884478,145,118,122.88135593220339,0,0,335,0,0,120.93862815884478,2,19,436,583,0,0,0,8.022935779816514,8,8.62962962962963,162,19,436,8.022935779816514,2,0.0,0.0,1,1,175.99075140133195,100.99075140133195,100.99075140133195,< ₹1 Cr
P0161,2017,Daniel Christian,All-Rounder,Overseas,,100.0,RPS,341,292,22,0,0,17,13,116.78082191780821,6,15,40.0,0,0,341,0,0,116.78082191780821,3,19,472,638,0,0,0,8.110169491525424,0,9.166666666666666,36,19,472,8.110169491525424,3,75.0,1.0,1,1,210.26642016730216,110.26642016730216,110.26642016730216,₹1–2 Cr
P0161,2018,Daniel Christian,All-Rounder,Overseas,,150.0,DC,420,341,31,0,0,22,18,123.16715542521995,79,49,161.22448979591837,0,0,230,0,0,126.37362637362637,4,30,712,936,0,0,0,7.887640449438203,11,7.45,240,19,438,8.027397260273974,4,100.0,2.0,1,1,255.81550084284808,105.81550084284808,105.81550084284808,₹1–2 Cr
P0161,2021,Daniel Christian,All-Rounder,Overseas,75.0,400.0,RCB,446,374,34,0,0,22,19,119.25133689839573,26,33,78.78787878787878,0,0,111,0,0,114.43298969072164,5,34,783,1037,0,0,0,7.9463601532567045,4,8.535211267605634,71,15,347,7.85014409221902,5,150.0,3.0,1,1,269.4723806506221,-130.52761934937791,130.52761934937791,₹2–5 Cr
P0162,2022,Dewald Brevis,Batsman,Overseas,,300.0,MI,0,0,0,0,0,0,0,0.0,0,0,0.0,0,0,0,0,0,0.0,0,0,0,0,0,0,0,0.0,0,0.0,0,0,0,0.0,0,0.0,0.0,0,0,193.840539245101,-106.15946075489899,106.15946075489899,₹2–5 Cr
P0164,2010,Thisara Perera,All-Rounder,Overseas,,22.5,MI,0,0,0,0,0,0,0,0.0,0,0,0.0,0,0,0,0,0,0.0,0,0,0,0,0,0,0,0.0,0,0.0,0,0,0,0.0,0,0.0,0.0,0,0,268.5313619705029,246.03136197050293,246.03136197050293,< ₹1 Cr
P0164,2012,Thisara Perera,,Overseas,25.0,325.0,MI,23,27,2,0,0,4,0,85.18518518518519,23,27,85.18518518518519,0,0,23,0,0,85.18518518518519,1,2,90,130,0,0,0,8.666666666666666,2,7.928571428571429,84,2,90,8.666666666666666,2,22.5,1.0,1,1,173.4245037985687,-151.5754962014313,151.5754962014313,₹2–5 Cr
P0164,2013,Thisara Perera,All-Rounder,Overseas,,506.25,SRH,27,36,4,0,0,4,0,75.0,4,9,44.44444444444444,0,0,27,0,0,75.0,2,2,105,157,0,0,0,8.971428571428572,0,10.8,15,2,105,8.971428571428572,3,325.0,2.0,1,1,358.44059395869954,-147.80940604130046,147.80940604130046,₹5–10 Cr
P0164,2014,Thisara Perera,All-Rounder,Overseas,,160.0,PBKS,260,199,18,0,0,16,14,130.6532663316583,233,163,142.94478527607362,0,0,260,0,0,130.6532663316583,3,21,463,635,2,0,0,8.228941684665227,19,8.011173184357542,358,21,457,8.087527352297593,4,506.25,3.0,1,1,348.0239830219825,188.02398302198247,188.02398302198247,₹1–2 Cr
P0164,2016,Thisara Perera,All-Rounder,Overseas,,100.0,RPS,272,214,20,0,0,16,15,127.10280373831775,12,15,80.0,0,0,249,0,0,133.15508021390374,4,22,499,690,2,0,0,8.296593186372746,1,9.166666666666666,36,20,409,8.21515892420538,5,160.0,4.0,1,1,204.67292718881762,104.67292718881762,104.67292718881762,₹1–2 Cr
P0166,2026,Rachin Ravindra,Unknown,Overseas,,200.0,KKR,413,287,18,0,2,40,16,143.90243902439025,191,149,128.18791946308724,1,0,413,2,0,143.90243902439025,2,0,12,7,0,0,0,3.5,0,3.5,12,0,12,3.5,1,0.0,0.0,1,1,216.761698556755,16.761698556754993,16.761698556754993,₹2–5 Cr
P0167,2011,Johan Botha,,Overseas,90.0,405.0,RR,47,40,3,0,0,5,0,117.5,47,40,117.5,0,0,47,0,0,117.5,1,3,72,74,0,0,0,6.166666666666666,3,6.166666666666666,72,3,72,6.166666666666666,1,0.0,0.0,1,1,172.813918661875,-232.186081338125,232.186081338125,₹2–5 Cr
P0167,2013,Johan Botha,All-Rounder,Overseas,,337.5,DC,335,292,19,0,1,29,3,114.72602739726028,58,54,107.40740740740742,0,0,335,1,0,114.72602739726028,3,19,534,610,1,0,0,6.853932584269662,9,7.2439024390243905,246,19,534,6.853932584269662,3,405.0,1.0,1,1,293.35011349145594,-44.14988650854406,44.14988650854406,₹2–5 Cr
P0170,2019,Sherfane Rutherford,All-Rounder,Overseas,,200.0,DC,0,0,0,0,0,0,0,0.0,0,0,0.0,0,0,0,0,0,0.0,0,0,0,0,0,0,0,0.0,0,0.0,0,0,0,0.0,0,0.0,0.0,0,0,268.5313619705029,68.53136197050293,68.53136197050293,₹2–5 Cr
P0170,2022,Sherfane Rutherford,All-Rounder,Overseas,,100.0,RCB,73,54,7,0,0,2,7,135.1851851851852,73,54,135.1851851851852,0,0,73,0,0,135.1851851851852,1,1,41,59,0,0,0,8.634146341463413,1,8.634146341463413,41,1,41,8.634146341463413,1,200.0,1.0,1,1,192.53141605406051,92.53141605406051,92.53141605406051,₹1–2 Cr
P0171,2008,Mark Boucher,Wicket-Keeper,Overseas,,75.0,RCB,0,0,0,0,0,0,0,0.0,0,0,0.0,0,0,0,0,0,0.0,0,0,0,0,0,0,0,0.0,0,0.0,0,0,0,0.0,0,0.0,0.0,0,0,119.9781973269935,44.978197326993495,44.978197326993495,< ₹1 Cr
P0174,2011,Cheteshwar Pujara,,Indian,90.0,315.0,RCB,122,115,6,0,0,14,3,106.08695652173914,122,115,106.08695652173914,0,0,122,0,0,106.08695652173914,1,0,0,0,0,0,0,0.0,0,0.0,0,0,0,0.0,0,0.0,0.0,1,0,80.26071902059697,-234.73928097940302,234.73928097940302,₹2–5 Cr
P0174,2014,Cheteshwar Pujara,Batsman,Indian,,190.0,PBKS,265,267,16,0,1,33,4,99.25093632958801,92,99,92.92929292929293,1,0,143,1,0,94.07894736842105,4,0,0,0,0,0,0,0.0,0,0.0,0,0,0,0.0,0,315.0,1.0,1,0,123.12019333738866,-66.87980666261134,66.87980666261134,₹1–2 Cr
P0174,2021,Cheteshwar Pujara,Batsman,Indian,50.0,50.0,CSK,390,391,22,0,1,50,4,99.74424552429667,125,124,100.80645161290323,0,0,234,1,0,95.51020408163265,5,0,0,0,0,0,0,0.0,0,0.0,0,0,0,0.0,0,190.0,2.0,1,0,95.61396962429518,45.61396962429518,45.61396962429518,< ₹1 Cr
P0176,2012,Azhar Mahmood,,Overseas,50.0,100.0,PBKS,0,0,0,0,0,0,0,0.0,0,0,0.0,0,0,0,0,0,0.0,0,0,0,0,0,0,0,0.0,0,0.0,0,0,0,0.0,0,0.0,0.0,0,0,156.87334560267294,56.87334560267294,56.87334560267294,₹1–2 Cr
P0178,2011,Amit Mishra,,Indian,45.0,135.0,DCH,102,113,15,0,0,6,2,90.2654867256637,39,51,76.47058823529412,0,0,102,0,0,90.2654867256637,3,42,690,795,6,0,1,6.913043478260869,17,6.849056603773585,318,42,690,6.913043478260869,3,0.0,0.0,1,1,223.68676903797436,88.68676903797436,88.68676903797436,₹1–2 Cr
P0178,2014,Amit Mishra,Bowler,Indian,,10.0,RR,275,278,35,0,0,25,3,98.92086330935251,89,96,92.70833333333334,0,0,173,0,0,104.84848484848486,6,95,1664,1924,9,2,1,6.9375,21,6.354838709677419,372,53,974,6.9548254620123195,6,135.0,1.0,1,1,281.1689324105707,271.1689324105707,271.1689324105707,< ₹1 Cr
P0178,2015,Amit Mishra,Bowler,Indian,,350.0,DC,279,285,37,0,0,25,3,97.89473684210527,4,7,57.14285714285714,0,0,109,0,0,88.6178861788618,7,102,1889,2264,9,2,1,7.191106405505558,7,9.066666666666666,225,41,879,7.5836177474402735,7,10.0,2.0,1,1,276.7880645107469,-73.21193548925311,73.21193548925311,₹2–5 Cr
P0178,2016,Amit Mishra,Bowler,Indian,,10.0,GL,287,297,41,0,0,25,3,96.63299663299664,8,12,66.66666666666666,0,0,101,0,0,87.82608695652175,8,111,2130,2574,9,2,1,7.250704225352113,9,7.717842323651453,241,37,838,7.474940334128879,8,350.0,3.0,1,1,186.33219701669037,176.33219701669037,176.33219701669037,< ₹1 Cr
P0178,2018,Amit Mishra,Bowler,Indian,,400.0,DC,340,363,49,0,0,27,5,93.66391184573003,49,52,94.23076923076923,0,0,61,0,0,78.2051282051282,10,134,2639,3261,10,3,1,7.414172034861689,10,8.832618025751072,233,32,750,7.975999999999999,10,10.0,4.0,1,1,341.64179440290945,-58.358205597090546,58.358205597090546,₹2–5 Cr
P0178,2023,Amit Mishra,Bowler,Indian,50.0,50.0,LSG,362,389,54,0,0,29,5,93.05912596401028,21,24,87.5,0,0,71,0,0,91.02564102564102,12,166,3245,3976,12,4,1,7.351617873651772,6,7.7857142857142865,84,20,384,7.046875,14,400.0,5.0,1,1,163.72122996947084,113.72122996947084,113.72122996947084,< ₹1 Cr
P0179,2022,Kyle Mayers,All-Rounder,Overseas,,50.0,LSG,0,0,0,0,0,0,0,0.0,0,0,0.0,0,0,0,0,0,0.0,0,0,0,0,0,0,0,0.0,0,0.0,0,0,0,0.0,0,0.0,0.0,0,0,268.5313619705029,218.53136197050293,218.53136197050293,< ₹1 Cr
P0182,2022,Karan Sharma,All-Rounder,Indian,,20.0,LSG,317,274,34,0,0,18,14,115.69343065693431,49,41,119.51219512195121,0,0,189,0,0,121.15384615384615,6,59,1222,1610,2,2,0,7.905073649754501,5,8.68421052631579,114,10,188,9.159574468085108,8,0.0,0.0,1,1,106.85664352454617,86.85664352454617,86.85664352454617,< ₹1 Cr
P0185,2014,Pawan Negi,Bowler,Indian,,10.0,CSK,36,29,4,0,0,4,1,124.13793103448276,36,29,124.13793103448276,0,0,36,0,0,124.13793103448276,1,7,156,180,0,1,0,6.9230769230769225,0,7.0,24,7,156,6.9230769230769225,2,0.0,0.0,1,1,69.83764990011689,59.83764990011689,59.83764990011689,< ₹1 Cr
P0185,2016,Pawan Negi,All-Rounder,Indian,,850.0,DC,152,102,13,0,0,14,6,149.01960784313727,116,73,158.9041095890411,0,0,152,0,0,149.01960784313727,2,13,378,507,0,1,0,8.047619047619047,6,8.399999999999999,180,6,246,8.658536585365853,4,10.0,1.0,1,1,532.6275373551143,-317.3724626448857,317.3724626448857,₹5–10 Cr
P0185,2017,Pawan Negi,All-Rounder,Indian,,100.0,RCB,209,161,19,0,0,16,9,129.81366459627327,57,59,96.61016949152543,0,0,209,0,0,129.81366459627327,3,14,432,591,0,1,0,8.208333333333334,1,9.333333333333334,54,7,276,8.934782608695652,5,850.0,2.0,1,1,176.14881912957586,76.14881912957586,76.14881912957586,₹1–2 Cr
P0185,2018,Pawan Negi,All-Rounder,Indian,,100.0,RCB,353,272,29,0,0,26,16,129.77941176470588,144,111,129.72972972972974,0,0,317,0,0,130.45267489711932,4,30,625,788,1,1,0,7.5648,16,6.124352331606218,193,23,427,7.489461358313818,6,100.0,3.0,1,1,208.51174686649574,108.51174686649574,108.51174686649574,₹1–2 Cr
P0185,2021,Pawan Negi,All-Rounder,Indian,50.0,50.0,KKR,365,289,35,0,0,27,16,126.29757785467129,9,12,75.0,0,0,156,0,0,121.875,6,34,716,939,1,1,0,7.868715083798883,3,9.134328358208954,67,20,284,7.352112676056338,8,100.0,4.0,1,1,123.615026909985,73.615026909985,73.615026909985,< ₹1 Cr
P0187,2022,Daryl Mitchell,All-Rounder,Overseas,,75.0,RR,0,0,0,0,0,0,0,0.0,0,0,0.0,0,0,0,0,0,0.0,0,0,0,0,0,0,0,0.0,0,0.0,0,0,0,0.0,0,0.0,0.0,0,0,268.5313619705029,193.53136197050293,193.53136197050293,< ₹1 Cr
P0188,2010,Rajat Bhatia,All-Rounder,Indian,,35.0,DC,42,46,8,0,0,3,2,91.30434782608695,8,18,44.44444444444444,0,0,42,0,0,91.30434782608695,2,16,262,329,1,1,0,7.534351145038168,10,6.7384615384615385,130,16,262,7.534351145038168,2,0.0,0.0,1,1,98.57254597527957,63.57254597527957,63.57254597527957,< ₹1 Cr
P0188,2014,Rajat Bhatia,All-Rounder,Indian,,170.0,RR,225,193,33,0,0,19,7,116.580310880829,99,80,123.75,0,0,159,0,0,122.30769230769232,6,51,1132,1392,2,1,0,7.37809187279152,11,7.574144486692015,263,32,774,7.217054263565892,6,35.0,1.0,1,1,254.15422478014833,84.15422478014833,84.15422478014833,₹1–2 Cr
P0188,2016,Rajat Bhatia,All-Rounder,Indian,,60.0,RPS,292,247,41,0,0,23,10,118.21862348178138,0,1,0.0,0,0,166,0,0,123.88059701492537,8,63,1390,1721,3,1,0,7.428776978417266,0,9.200000000000001,30,23,521,7.612284069097888,8,170.0,2.0,1,1,122.00313628777837,62.003136287778375,62.003136287778375,< ₹1 Cr
P0189,2008,Praveen Kumar,Bowler,Indian,,200.0,RCB,0,0,0,0,0,0,0,0.0,0,0,0.0,0,0,0,0,0,0.0,0,0,0,0,0,0,0,0.0,0,0.0,0,0,0,0.0,0,0.0,0.0,0,0,118.97564863234453,-81.02435136765547,81.02435136765547,₹2–5 Cr
P0189,2011,Praveen Kumar,,Indian,22.5,360.0,RCB,181,152,23,0,0,11,12,119.07894736842107,4,8,50.0,0,0,181,0,0,119.07894736842107,3,34,836,1140,3,0,0,8.181818181818182,10,8.444444444444445,270,34,836,8.181818181818182,3,200.0,1.0,1,1,352.67781032208967,-7.32218967791033,7.32218967791033,₹2–5 Cr
P0189,2015,Praveen Kumar,Bowler,Indian,,220.0,SRH,291,254,45,0,0,18,17,114.56692913385827,1,2,50.0,0,0,83,0,0,116.90140845070422,7,68,1900,2370,3,0,0,7.48421052631579,3,6.5,72,24,788,6.738578680203045,7,360.0,2.0,1,1,219.32713264457158,-0.6728673554284228,0.6728673554284228,₹2–5 Cr
P0189,2016,Praveen Kumar,Bowler,Indian,,350.0,GL,308,279,49,0,0,19,17,110.3942652329749,17,25,68.0,0,0,65,0,0,98.48484848484848,8,75,2116,2699,3,0,0,7.653119092627598,7,9.13888888888889,216,22,626,7.476038338658147,8,220.0,3.0,1,1,281.59542917128744,-68.40457082871256,68.40457082871256,₹2–5 Cr
P0190,2014,Aditya Tare,Wicket-Keeper,Indian,,160.0,MI,173,120,9,0,1,19,8,144.16666666666666,123,84,146.42857142857142,1,0,173,1,0,144.16666666666666,2,0,0,0,0,0,0,0.0,0,0.0,0,0,0,0.0,0,0.0,0.0,1,0,165.95224467570242,5.952244675702417,5.952244675702417,₹1–2 Cr
P0190,2016,Aditya Tare,Wicket-Keeper,Indian,,120.0,SRH,313,235,22,0,1,36,11,133.19148936170214,14,17,82.35294117647058,0,0,263,1,0,132.1608040201005,4,0,0,0,0,0,0,0.0,0,0.0,0,0,0,0.0,0,160.0,1.0,1,0,101.13450723677069,-18.865492763229312,18.865492763229312,₹1–2 Cr
P0190,2017,Aditya Tare,Wicket-Keeper,Indian,,25.0,DC,321,250,24,0,1,37,11,128.4,8,15,53.333333333333336,0,0,148,0,0,113.84615384615384,5,0,0,0,0,0,0,0.0,0,0.0,0,0,0,0.0,0,120.0,2.0,1,0,86.0654433957976,61.0654433957976,61.0654433957976,< ₹1 Cr
P0190,2018,Aditya Tare,Wicket-Keeper,Indian,,20.0,MI,339,273,27,0,1,40,11,124.17582417582418,18,23,78.26086956521739,0,0,40,0,0,72.72727272727273,6,0,0,0,0,0,0,0.0,0,0.0,0,0,0,0.0,0,25.0,3.0,1,0,74.43356595240536,54.43356595240536,54.43356595240536,< ₹1 Cr
P0191,2011,James Franklin,,Overseas,45.0,45.0,MI,0,0,0,0,0,0,0,0.0,0,0,0.0,0,0,0,0,0,0.0,0,0,0,0,0,0,0,0.0,0,0.0,0,0,0,0.0,0,0.0,0.0,0,0,156.87334560267294,111.87334560267294,111.87334560267294,< ₹1 Cr
P0193,2014,Shardul Thakur,Bowler,Indian,,20.0,PBKS,0,0,0,0,0,0,0,0.0,0,0,0.0,0,0,0,0,0,0.0,0,0,0,0,0,0,0,0.0,0,0.0,0,0,0,0.0,0,0.0,0.0,0,0,118.97564863234453,98.97564863234453,98.97564863234453,< ₹1 Cr
P0193,2018,Shardul Thakur,Bowler,Indian,,260.0,CSK,7,9,4,0,0,1,0,77.77777777777779,0,3,0.0,0,0,7,0,0,77.77777777777779,2,12,247,353,3,0,0,8.574898785425102,11,8.253275109170305,229,12,247,8.574898785425102,2,20.0,1.0,1,1,208.77277545608334,-51.22722454391666,51.22722454391666,₹2–5 Cr
P0193,2022,Shardul Thakur,Bowler,Indian,,1075.0,DC,53,47,13,0,0,5,1,112.7659574468085,5,5,100.0,0,0,31,0,0,93.93939393939394,6,67,1260,1867,5,0,0,8.89047619047619,21,8.807799442896936,359,39,733,8.86493860845839,6,260.0,2.0,1,1,625.7289374924845,-449.27106250751547,449.27106250751547,₹10+ Cr
P0194,2014,Bhuvneshwar Kumar,Bowler,Overseas,,425.0,SRH,93,112,18,0,0,7,1,83.03571428571429,52,71,73.23943661971832,0,0,93,0,0,83.03571428571429,3,24,642,719,2,0,0,6.719626168224298,13,6.508771929824562,342,24,642,6.719626168224298,3,0.0,0.0,1,1,344.34961770102757,-80.65038229897243,80.65038229897243,₹2–5 Cr
P0194,2022,Bhuvneshwar Kumar,Bowler,Indian,,420.0,SRH,217,224,49,0,0,20,3,96.875,34,30,113.33333333333333,0,0,46,0,0,90.19607843137256,11,142,2949,3588,9,2,1,7.300101729399797,6,7.976190476190476,252,22,691,7.771345875542691,11,425.0,1.0,1,1,334.23325289758867,-85.76674710241133,85.76674710241133,₹2–5 Cr
P0195,2020,Anuj Rawat,Wicket-Keeper,Indian,,80.0,RR,0,0,0,0,0,0,0,0.0,0,0,0.0,0,0,0,0,0,0.0,0,0,0,0,0,0,0,0.0,0,0.0,0,0,0,0.0,0,0.0,0.0,0,0,90.85676286851051,10.856762868510515,10.856762868510515,< ₹1 Cr
P0195,2022,Anuj Rawat,Wicket-Keeper,Indian,,340.0,RCB,0,1,1,0,0,0,0,0.0,0,1,0.0,0,0,0,0,0,0.0,1,0,0,0,0,0,0,0.0,0,0.0,0,0,0,0.0,0,80.0,1.0,1,0,114.58563654718111,-225.4143634528189,225.4143634528189,₹2–5 Cr
P0197,2020,Lalit Yadav,All-Rounder,Indian,,20.0,DC,0,0,0,0,0,0,0,0.0,0,0,0.0,0,0,0,0,0,0.0,0,0,0,0,0,0,0,0.0,0,0.0,0,0,0,0.0,0,0.0,0.0,0,0,112.9879307388618,92.9879307388618,92.9879307388618,< ₹1 Cr
P0197,2022,Lalit Yadav,All-Rounder,Indian,,65.0,DC,68,73,5,0,0,7,0,93.15068493150685,68,73,93.15068493150685,0,0,68,0,0,93.15068493150685,1,4,84,101,0,0,0,7.2142857142857135,4,7.2142857142857135,84,4,84,7.2142857142857135,1,20.0,1.0,1,1,122.534703114436,57.534703114436,57.534703114436,< ₹1 Cr
P0198,2014,Debabrata Das,Wicket-Keeper,Indian,,20.0,KKR,304,261,22,0,0,23,16,116.47509578544062,75,74,101.35135135135135,0,0,304,0,0,116.47509578544062,3,0,0,0,0,0,0,0.0,0,0.0,0,0,0,0.0,0,0.0,0.0,1,0,94.25933400686237,74.25933400686237,74.25933400686237,< ₹1 Cr
P0199,2018,Colin De Grandhomme,All-Rounder,Overseas,,220.0,RCB,126,92,9,0,0,10,6,136.95652173913044,126,92,136.95652173913044,0,0,126,0,0,136.95652173913044,1,4,96,135,1,0,0,8.4375,4,8.4375,96,4,96,8.4375,1,0.0,0.0,1,1,204.94926156221064,-15.050738437789363,15.050738437789363,₹2–5 Cr
P0201,2014,Unmukt Chand,Batsman,Indian,,65.0,RR,196,204,13,0,0,19,7,96.07843137254902,158,158,100.0,0,0,196,0,0,96.07843137254902,3,0,0,0,0,0,0,0.0,0,0.0,0,0,0,0.0,0,0.0,0.0,1,0,88.94479084563794,23.94479084563794,23.94479084563794,< ₹1 Cr
P0203,2018,Shreevats Goswami,Wicket-Keeper,Indian,,100.0,SRH,241,251,16,0,1,26,2,96.01593625498009,69,67,102.98507462686568,0,0,106,0,0,100.0,5,0,0,0,0,0,0,0.0,0,0.0,0,0,0,0.0,0,0.0,0.0,1,0,92.58161676097959,-7.4183832390204145,7.4183832390204145,₹1–2 Cr
P0206,2015,Hanuma Vihari,Batsman,Indian,,10.0,SRH,241,278,17,0,0,17,1,86.6906474820144,241,278,86.6906474820144,0,0,241,0,0,86.6906474820144,1,1,36,38,0,0,0,6.333333333333334,1,6.333333333333334,36,1,36,6.333333333333334,1,0.0,0.0,1,1,110.15774862449439,100.15774862449439,100.15774862449439,< ₹1 Cr
P0206,2019,Hanuma Vihari,Batsman,Indian,,200.0,DC,280,313,21,0,0,23,1,89.45686900958466,39,35,111.42857142857143,0,0,280,0,0,89.45686900958466,2,1,36,38,0,0,0,6.333333333333334,1,6.333333333333334,36,1,36,6.333333333333334,1,10.0,1.0,1,1,107.79970005161152,-92.20029994838848,92.20029994838848,₹2–5 Cr
P0210,2026,Josh Inglis,Wicket-Keeper,Overseas,,860.0,LSG,278,171,11,0,1,26,16,162.5730994152047,278,171,162.5730994152047,1,0,278,1,0,162.5730994152047,1,0,0,0,0,0,0,0.0,0,0.0,0,0,0,0.0,0,0.0,0.0,1,0,649.8151668650258,-210.18483313497416,210.18483313497416,₹5–10 Cr
P0213,2020,Priyam Garg,Batsman,Indian,,190.0,SRH,0,0,0,0,0,0,0,0.0,0,0,0.0,0,0,0,0,0,0.0,0,0,0,0,0,0,0,0.0,0,0.0,0,0,0,0.0,0,0.0,0.0,0,0,109.70681158718025,-80.29318841281975,80.29318841281975,₹1–2 Cr
P0213,2022,Priyam Garg,Batsman,Indian,,20.0,SRH,205,185,15,0,1,11,7,110.8108108108108,72,74,97.2972972972973,0,0,205,1,0,110.8108108108108,2,0,0,0,0,0,0,0.0,0,0.0,0,0,0,0.0,0,190.0,1.0,1,0,71.00843460626653,51.00843460626653,51.00843460626653,< ₹1 Cr
P0216,2017,Martin Guptill,Batsman,Overseas,,50.0,PBKS,57,55,3,0,0,3,3,103.63636363636364,57,55,103.63636363636364,0,0,57,0,0,103.63636363636364,1,0,0,0,0,0,0,0.0,0,0.0,0,0,0,0.0,0,0.0,0.0,1,0,190.17057139389598,140.17057139389598,140.17057139389598,< ₹1 Cr
P0216,2019,Martin Guptill,Batsman,Overseas,,100.0,SRH,189,143,10,0,1,20,8,132.16783216783216,132,88,150.0,1,0,189,1,0,132.16783216783216,2,0,0,0,0,0,0,0.0,0,0.0,0,0,0,0.0,0,50.0,1.0,1,0,175.76717913683274,75.76717913683274,75.76717913683274,₹1–2 Cr
P0217,2018,Jofra Archer,All-Rounder,Overseas,,720.0,RR,0,0,0,0,0,0,0,0.0,0,0,0.0,0,0,0,0,0,0.0,0,0,0,0,0,0,0,0.0,0,0.0,0,0,0,0.0,0,0.0,0.0,0,0,268.5313619705029,-451.4686380294971,451.4686380294971,₹5–10 Cr
P0217,2022,Jofra Archer,All-Rounder,Overseas,,800.0,MI,195,124,21,0,0,11,14,157.25806451612902,113,63,179.36507936507937,0,0,195,0,0,157.25806451612902,3,46,825,981,6,0,0,7.134545454545455,20,6.55688622754491,334,46,825,7.134545454545455,3,720.0,1.0,1,1,826.4930593827469,26.49305938274688,26.49305938274688,₹5–10 Cr
P0218,2022,Atharva Taide,All-Rounder,Indian,,20.0,PBKS,0,0,0,0,0,0,0,0.0,0,0,0.0,0,0,0,0,0,0.0,0,0,0,0,0,0,0,0.0,0,0.0,0,0,0,0.0,0,0.0,0.0,0,0,112.9879307388618,92.9879307388618,92.9879307388618,< ₹1 Cr
P0219,2013,Jason Holder,Bowler,Overseas,,15.0,CSK,0,0,0,0,0,0,0,0.0,0,0,0.0,0,0,0,0,0,0.0,0,0,0,0,0,0,0,0.0,0,0.0,0,0,0,0.0,0,0.0,0.0,0,0,202.41212654874937,187.41212654874937,187.41212654874937,< ₹1 Cr
P0219,2014,Jason Holder,Bowler,Overseas,,75.0,SRH,0,0,0,0,0,0,0,0.0,0,0,0.0,0,0,0,0,0,0.0,0,2,120,168,0,0,0,8.399999999999999,2,8.399999999999999,120,2,120,8.399999999999999,1,15.0,1.0,0,1,145.4714438145941,70.4714438145941,70.4714438145941,< ₹1 Cr
P0219,2016,Jason Holder,All-Rounder,Overseas,,70.0,KKR,16,12,1,0,0,2,1,133.33333333333331,16,12,133.33333333333331,0,0,16,0,0,133.33333333333331,1,3,138,203,0,0,0,8.82608695652174,1,11.666666666666666,18,3,138,8.82608695652174,2,75.0,2.0,1,1,191.50242233357517,121.50242233357517,121.50242233357517,< ₹1 Cr
P0219,2022,Jason Holder,All-Rounder,Overseas,,875.0,LSG,189,156,16,0,0,11,11,121.15384615384615,85,72,118.05555555555556,0,0,173,0,0,120.13888888888889,4,35,575,786,5,1,0,8.201739130434783,16,7.759162303664922,191,32,437,8.004576659038902,5,70.0,3.0,1,1,518.2148345363303,-356.7851654636697,356.7851654636697,₹5–10 Cr
P0219,2023,Jason Holder,All-Rounder,Overseas,200.0,575.0,RR,247,200,24,0,0,13,17,123.50000000000001,58,44,131.8181818181818,0,0,209,0,0,123.66863905325445,5,49,824,1177,7,1,0,8.570388349514563,14,9.421686746987952,249,44,608,8.595394736842106,6,875.0,4.0,1,1,544.4782251357279,-30.52177486427206,30.52177486427206,₹5–10 Cr
P0219,2026,Jason Holder,All-Rounder,Overseas,,700.0,GT,259,211,27,0,0,13,18,122.74881516587676,12,11,109.09090909090908,0,0,155,0,0,122.04724409448819,6,53,995,1461,7,1,0,8.810050251256282,4,9.964912280701753,171,34,611,9.054009819967266,7,575.0,5.0,1,1,529.947703605702,-170.05229639429797,170.05229639429797,₹5–10 Cr
P0223,2019,Harpreet Brar,All-Rounder,Indian,,20.0,PBKS,0,0,0,0,0,0,0,0.0,0,0,0.0,0,0,0,0,0,0.0,0,0,0,0,0,0,0,0.0,0,0.0,0,0,0,0.0,0,0.0,0.0,0,0,112.9879307388618,92.9879307388618,92.9879307388618,< ₹1 Cr
P0223,2022,Harpreet Brar,All-Rounder,Indian,,380.0,PBKS,84,70,6,0,0,5,3,120.0,64,58,110.34482758620689,0,0,84,0,0,120.0,2,5,192,228,1,0,0,7.125,5,6.043478260869565,138,5,192,7.125,3,20.0,1.0,1,1,234.89349308942596,-145.10650691057404,145.10650691057404,₹2–5 Cr
P0224,2008,Simon Katich,Batsman,Overseas,,75.0,DCH,0,0,0,0,0,0,0,0.0,0,0,0.0,0,0,0,0,0,0.0,0,0,0,0,0,0,0,0.0,0,0.0,0,0,0,0.0,0,0.0,0.0,0,0,193.840539245101,118.84053924510101,118.84053924510101,< ₹1 Cr
P0226,2014,Ben Cutting,Bowler,Overseas,,80.0,RR,0,0,0,0,0,0,0,0.0,0,0,0.0,0,0,0,0,0,0.0,0,0,0,0,0,0,0,0.0,0,0.0,0,0,0,0.0,0,0.0,0.0,0,0,202.41212654874937,122.41212654874937,122.41212654874937,< ₹1 Cr
P0226,2016,Ben Cutting,All-Rounder,Overseas,,50.0,SRH,8,6,1,0,0,0,1,133.33333333333331,8,6,133.33333333333331,0,0,8,0,0,133.33333333333331,1,1,24,31,0,0,0,7.75,1,7.75,24,1,24,7.75,1,80.0,1.0,1,1,186.6963143833561,136.6963143833561,136.6963143833561,< ₹1 Cr
P0226,2018,Ben Cutting,All-Rounder,Overseas,,220.0,MI,124,66,8,0,0,9,10,187.87878787878788,51,26,196.15384615384613,0,0,124,0,0,187.87878787878788,3,7,167,234,0,0,0,8.407185628742514,1,9.710526315789474,76,7,167,8.407185628742514,3,50.0,2.0,1,1,286.46320678051956,66.46320678051956,66.46320678051956,₹2–5 Cr
P0226,2021,Ben Cutting,All-Rounder,Overseas,75.0,75.0,KKR,238,141,17,0,0,15,19,168.79432624113474,18,17,105.88235294117648,0,0,165,0,0,163.36633663366337,5,10,281,429,0,0,0,9.160142348754448,1,13.5,12,4,190,10.042105263157895,5,220.0,3.0,1,1,332.6557028170881,257.6557028170881,257.6557028170881,< ₹1 Cr
P0233,2017,Kagiso Rabada,Bowler,Overseas,,500.0,DC,0,0,0,0,0,0,0,0.0,0,0,0.0,0,0,0,0,0,0.0,0,0,0,0,0,0,0,0.0,0,0.0,0,0,0,0.0,0,0.0,0.0,0,0,202.41212654874937,-297.58787345125063,297.58787345125063,₹5–10 Cr
P0233,2018,Kagiso Rabada,Bowler,Overseas,,420.0,DC,55,64,3,0,0,5,1,85.9375,55,64,85.9375,0,0,55,0,0,85.9375,1,6,128,188,0,0,0,8.8125,6,8.8125,128,6,128,8.8125,1,500.0,1.0,1,1,240.79380491231723,-179.20619508768277,179.20619508768277,₹2–5 Cr
P0233,2022,Kagiso Rabada,Bowler,Overseas,,925.0,PBKS,138,134,16,0,0,11,4,102.98507462686568,13,6,216.66666666666666,0,0,83,0,0,118.57142857142857,4,76,1140,1560,4,4,0,8.210526315789474,15,8.142857142857142,336,70,1012,8.134387351778656,4,420.0,2.0,1,1,697.4383511195747,-227.5616488804253,227.5616488804253,₹5–10 Cr
P0235,2011,Umesh Yadav,,Indian,45.0,315.0,DC,3,4,1,0,0,0,0,75.0,3,4,75.0,0,0,3,0,0,75.0,1,6,144,184,0,0,0,7.666666666666666,6,7.666666666666666,144,6,144,7.666666666666666,1,0.0,0.0,1,1,154.94488771046383,-160.05511228953617,160.05511228953617,₹2–5 Cr
P0235,2014,Umesh Yadav,Bowler,Indian,,260.0,KKR,44,54,13,0,0,3,1,81.48148148148148,38,38,100.0,0,0,41,0,0,82.0,4,43,965,1314,2,1,0,8.169948186528497,16,8.78386167146974,347,37,821,8.258221680876979,4,315.0,1.0,1,1,370.4207498622132,110.4207498622132,110.4207498622132,₹2–5 Cr
P0235,2018,Umesh Yadav,Bowler,Indian,,420.0,RCB,94,90,23,0,0,8,3,104.44444444444446,10,13,76.92307692307693,0,0,48,0,0,150.0,8,91,1934,2707,8,2,0,8.398138572905895,17,8.45360824742268,291,37,699,8.806866952789699,8,260.0,2.0,1,1,442.3701791351012,22.370179135101182,22.370179135101182,₹2–5 Cr
P0235,2021,Umesh Yadav,Bowler,Indian,100.0,100.0,DC,122,128,34,0,0,11,4,95.3125,0,2,0.0,0,0,28,0,0,73.68421052631578,11,119,2522,3579,12,2,0,8.514670896114195,0,11.857142857142858,42,28,588,8.89795918367347,11,420.0,3.0,1,1,187.1735562227906,87.17355622279061,87.17355622279061,₹1–2 Cr
P0235,2022,Umesh Yadav,Bowler,Indian,,200.0,KKR,122,128,34,0,0,11,4,95.3125,0,2,0.0,0,0,28,0,0,73.68421052631578,11,119,2522,3579,12,2,0,8.514670896114195,0,11.857142857142858,42,28,588,8.89795918367347,11,100.0,4.0,1,1,184.3780089271858,-15.621991072814211,15.621991072814211,₹2–5 Cr
P0236,2011,Colin Ingram,,Overseas,45.0,45.0,DC,0,0,0,0,0,0,0,0.0,0,0,0.0,0,0,0,0,0,0.0,0,0,0,0,0,0,0,0.0,0,0.0,0,0,0,0.0,0,0.0,0.0,0,0,156.87334560267294,111.87334560267294,111.87334560267294,< ₹1 Cr
P0236,2019,Colin Ingram,Batsman,Overseas,,640.0,DC,21,26,3,0,0,2,0,80.76923076923077,21,26,80.76923076923077,0,0,21,0,0,80.76923076923077,1,0,0,0,0,0,0,0.0,0,0.0,0,0,0,0.0,0,45.0,1.0,1,0,191.42619691030646,-448.57380308969357,448.57380308969357,₹5–10 Cr
P0237,2009,Paul Collingwood,All-Rounder,Overseas,,132.0,DC,0,0,0,0,0,0,0,0.0,0,0,0.0,0,0,0,0,0,0.0,0,0,0,0,0,0,0,0.0,0,0.0,0,0,0,0.0,0,0.0,0.0,0,0,268.5313619705029,136.53136197050293,136.53136197050293,₹1–2 Cr
P0237,2011,Paul Collingwood,,Overseas,22.5,108.0,RR,203,156,7,0,3,9,13,130.12820512820514,203,156,130.12820512820514,3,0,203,3,0,130.12820512820514,1,5,89,101,0,0,0,6.808988764044944,5,6.808988764044944,89,5,89,6.808988764044944,1,132.0,1.0,1,1,170.5574988991285,62.55749889912849,62.55749889912849,₹1–2 Cr
P0239,2022,K S Bharat,Wicket-Keeper,Indian,,200.0,DC,191,156,6,0,1,10,8,122.43589743589745,191,156,122.43589743589745,1,0,191,1,0,122.43589743589745,1,0,0,0,0,0,0,0.0,0,0.0,0,0,0,0.0,0,0.0,0.0,1,0,137.89707685933703,-62.102923140662966,62.102923140662966,₹2–5 Cr
P0240,2008,Shane Warne,All-Rounder,Overseas,,125.0,RR,0,0,0,0,0,0,0,0.0,0,0,0.0,0,0,0,0,0,0.0,0,0,0,0,0,0,0,0.0,0,0.0,0,0,0,0.0,0,0.0,0.0,0,0,268.5313619705029,143.53136197050293,143.53136197050293,₹1–2 Cr
P0241,2011,Jaydev Unadkat,,Indian,90.0,112.5,KKR,0,0,0,0,0,0,0,0.0,0,0,0.0,0,0,0,0,0,0.0,0,4,62,85,1,0,0,8.225806451612902,4,8.225806451612902,62,4,62,8.225806451612902,1,0.0,0.0,0,1,146.16919991864287,33.669199918642875,33.669199918642875,₹1–2 Cr
P0241,2013,Jaydev Unadkat,Bowler,Indian,,393.75,RCB,0,0,0,0,0,0,0,0.0,0,0,0.0,0,0,0,0,0,0.0,0,10,188,267,1,0,0,8.52127659574468,0,10.666666666666666,18,10,188,8.52127659574468,3,112.5,1.0,0,1,186.2780502409914,-207.4719497590086,207.4719497590086,₹2–5 Cr
P0241,2014,Jaydev Unadkat,Bowler,Indian,,280.0,DC,2,2,2,0,0,0,0,100.0,2,2,100.0,0,0,2,0,0,100.0,1,23,482,637,1,0,1,7.929460580912863,13,7.551020408163266,294,19,420,7.885714285714286,4,393.75,2.0,1,1,269.1122990700474,-10.887700929952587,10.887700929952587,₹2–5 Cr
P0241,2015,Jaydev Unadkat,Bowler,Indian,,110.0,DC,3,8,4,0,0,0,0,37.5,1,6,16.666666666666664,0,0,3,0,0,37.5,2,32,669,907,2,0,1,8.134529147982063,9,8.663101604278076,187,22,499,8.080160320641284,5,280.0,3.0,1,1,175.9978964970964,65.9978964970964,65.9978964970964,₹1–2 Cr
P0241,2016,Jaydev Unadkat,Bowler,Indian,,160.0,KKR,3,8,4,0,0,0,0,37.5,1,6,16.666666666666664,0,0,3,0,0,37.5,2,32,687,937,2,0,1,8.183406113537119,0,10.0,18,22,499,8.056112224448897,6,110.0,4.0,1,1,152.04034350116007,-7.959656498839934,7.959656498839934,₹1–2 Cr
P0241,2017,Jaydev Unadkat,Bowler,Indian,,30.0,RPS,3,8,4,0,0,0,0,37.5,1,6,16.666666666666664,0,0,3,0,0,37.5,2,32,705,986,2,0,1,8.391489361702128,0,16.333333333333336,18,9,223,9.390134529147982,7,160.0,5.0,1,1,118.44096091016465,88.44096091016465,88.44096091016465,< ₹1 Cr
P0241,2018,Jaydev Unadkat,Bowler,Indian,,1150.0,RR,5,13,5,0,0,0,0,38.46153846153847,2,5,40.0,0,0,5,0,0,38.46153846153847,3,56,980,1308,3,0,2,8.008163265306123,24,7.025454545454545,275,24,311,7.736334405144694,8,30.0,6.0,1,1,485.5781732870113,-664.4218267129887,664.4218267129887,₹10+ Cr
P0241,2019,Jaydev Unadkat,Bowler,Indian,,840.0,RR,54,51,10,0,0,6,1,105.88235294117648,49,38,128.94736842105263,0,0,52,0,0,106.12244897959184,4,67,1282,1794,4,0,2,8.39625585023401,11,9.655629139072847,302,35,595,8.642016806722689,9,1150.0,7.0,1,1,606.6478253198286,-233.3521746801714,233.3521746801714,₹5–10 Cr
P0241,2020,Jaydev Unadkat,Bowler,Indian,,300.0,RR,55,54,12,0,0,6,1,101.85185185185186,1,3,33.33333333333333,0,0,52,0,0,113.04347826086956,5,77,1506,2192,4,0,2,8.733067729083665,10,10.660714285714285,224,45,801,9.03370786516854,10,840.0,8.0,1,1,422.54272630147636,122.54272630147636,122.54272630147636,₹2–5 Cr
P0241,2022,Jaydev Unadkat,Bowler,Indian,,130.0,MI,105,96,16,0,0,9,3,109.375,41,29,141.3793103448276,0,0,51,0,0,113.33333333333333,7,85,1776,2588,5,0,2,8.743243243243244,4,7.636363636363637,132,18,494,9.643724696356275,12,300.0,9.0,1,1,219.92882666174842,89.92882666174842,89.92882666174842,₹1–2 Cr
P0241,2023,Jaydev Unadkat,Bowler,Indian,50.0,50.0,LSG,164,133,21,0,0,13,6,123.30827067669172,59,37,159.45945945945945,0,0,109,0,0,137.9746835443038,8,91,1896,2778,5,0,2,8.791139240506329,6,9.5,120,14,390,9.015384615384615,13,130.0,10.0,1,1,185.83603916983606,135.83603916983606,135.83603916983606,< ₹1 Cr
P0242,2008,Stephen Fleming,Batsman,Overseas,,125.0,CSK,0,0,0,0,0,0,0,0.0,0,0,0.0,0,0,0,0,0,0.0,0,0,0,0,0,0,0,0.0,0,0.0,0,0,0,0.0,0,0.0,0.0,0,0,193.840539245101,68.84053924510101,68.84053924510101,₹1–2 Cr
P0245,2009,Salman Butt,Batsman,Overseas,,35.0,KKR,193,161,7,0,1,30,2,119.87577639751552,193,161,119.87577639751552,1,0,193,1,0,119.87577639751552,1,0,0,0,0,0,0,0.0,0,0.0,0,0,0,0.0,0,0.0,0.0,1,0,183.07567047182283,148.07567047182283,148.07567047182283,< ₹1 Cr
P0248,2018,Bipul Sharma,All-Rounder,Indian,,20.0,SRH,187,123,17,0,0,11,9,152.03252032520325,31,24,129.16666666666669,0,0,83,0,0,162.7450980392157,6,17,426,572,0,0,0,8.056338028169014,3,7.8979591836734695,98,9,224,8.035714285714285,7,0.0,0.0,1,1,178.94739212309912,158.94739212309912,158.94739212309912,< ₹1 Cr
P0250,2011,Matthew Wade,,Overseas,45.0,45.0,DC,0,0,0,0,0,0,0,0.0,0,0,0.0,0,0,0,0,0,0.0,0,0,0,0,0,0,0,0.0,0,0.0,0,0,0,0.0,0,0.0,0.0,0,0,156.87334560267294,111.87334560267294,111.87334560267294,< ₹1 Cr
P0250,2022,Matthew Wade,Wicket-Keeper,Overseas,,240.0,GT,22,33,3,0,0,0,0,66.66666666666666,22,33,66.66666666666666,0,0,22,0,0,66.66666666666666,1,0,0,0,0,0,0,0.0,0,0.0,0,0,0,0.0,0,45.0,1.0,1,0,154.76641067308452,-85.23358932691548,85.23358932691548,₹2–5 Cr
P0253,2023,Sikandar Raza,All-Rounder,Overseas,50.0,50.0,PBKS,0,0,0,0,0,0,0,0.0,0,0,0.0,0,0,0,0,0,0.0,0,0,0,0,0,0,0,0.0,0,0.0,0,0,0,0.0,0,0.0,0.0,0,0,268.5313619705029,218.53136197050293,218.53136197050293,< ₹1 Cr
P0254,2010,Adam Voges,Batsman,Overseas,,22.5,RR,0,0,0,0,0,0,0,0.0,0,0,0.0,0,0,0,0,0,0.0,0,0,0,0,0,0,0,0.0,0,0.0,0,0,0,0.0,0,0.0,0.0,0,0,193.840539245101,171.340539245101,171.340539245101,< ₹1 Cr
P0255,2016,Carlos Brathwaite,All-Rounder,Overseas,,420.0,DC,0,0,0,0,0,0,0,0.0,0,0,0.0,0,0,0,0,0,0.0,0,0,0,0,0,0,0,0.0,0,0.0,0,0,0,0.0,0,0.0,0.0,0,0,268.5313619705029,-151.46863802949707,151.46863802949707,₹2–5 Cr
P0255,2018,Carlos Brathwaite,All-Rounder,Overseas,,200.0,SRH,95,53,8,0,0,8,8,179.24528301886792,12,15,80.0,0,0,95,0,0,179.24528301886792,2,8,175,256,1,0,0,8.777142857142858,1,11.166666666666668,36,8,175,8.777142857142858,2,420.0,1.0,1,1,271.1229755078828,71.12297550788281,71.12297550788281,₹2–5 Cr
P0255,2019,Carlos Brathwaite,All-Rounder,Overseas,,500.0,KKR,170,101,12,0,0,9,16,168.31683168316832,75,48,156.25,0,0,170,0,0,168.31683168316832,3,13,236,350,1,0,0,8.898305084745763,5,9.245901639344261,61,13,236,8.898305084745763,3,200.0,2.0,1,1,458.8868045214353,-41.113195478564705,41.113195478564705,₹5–10 Cr
P0257,2008,Ajit Agarkar,All-Rounder,Indian,,100.0,KKR,0,0,0,0,0,0,0,0.0,0,0,0.0,0,0,0,0,0,0.0,0,0,0,0,0,0,0,0.0,0,0.0,0,0,0,0.0,0,0.0,0.0,0,0,112.9879307388618,12.987930738861806,12.987930738861806,₹1–2 Cr
P0257,2011,Ajit Agarkar,,Indian,90.0,90.0,DC,160,132,15,0,0,12,5,121.21212121212122,40,29,137.93103448275863,0,0,160,0,0,121.21212121212122,3,18,474,694,1,0,0,8.784810126582279,4,9.227272727272727,132,18,474,8.784810126582279,3,100.0,1.0,1,1,186.34120528078225,96.34120528078225,96.34120528078225,< ₹1 Cr
P0259,2016,Colin Munro,All-Rounder,Overseas,,30.0,KKR,0,0,0,0,0,0,0,0.0,0,0,0.0,0,0,0,0,0,0.0,0,0,0,0,0,0,0,0.0,0,0.0,0,0,0,0.0,0,0.0,0.0,0,0,268.5313619705029,238.53136197050293,238.53136197050293,< ₹1 Cr
P0259,2018,Colin Munro,All-Rounder,Overseas,,190.0,DC,30,30,3,0,0,3,0,100.0,30,30,100.0,0,0,30,0,0,100.0,1,0,12,15,0,0,0,7.5,0,7.5,12,0,12,7.5,1,30.0,1.0,1,1,254.03449138246907,64.03449138246907,64.03449138246907,₹1–2 Cr
P0263,2008,Dale Steyn,Bowler,Overseas,,57.5,RCB,0,0,0,0,0,0,0,0.0,0,0,0.0,0,0,0,0,0,0.0,0,0,0,0,0,0,0,0.0,0,0.0,0,0,0,0.0,0,0.0,0.0,0,0,202.41212654874937,144.91212654874937,144.91212654874937,< ₹1 Cr
P0263,2011,Dale Steyn,,Overseas,135.0,495.0,DCH,15,25,7,0,0,2,0,60.0,13,17,76.47058823529412,0,0,15,0,0,60.0,3,27,636,720,3,0,0,6.7924528301886795,15,6.881355932203389,354,27,636,6.7924528301886795,3,57.5,1.0,1,1,379.9106402209557,-115.08935977904429,115.08935977904429,₹2–5 Cr
P0263,2016,Dale Steyn,Bowler,Overseas,,230.0,GL,165,156,31,0,0,14,3,105.76923076923077,20,13,153.84615384615387,0,0,95,0,0,126.66666666666666,8,92,2046,2289,8,0,0,6.712609970674486,3,8.947368421052632,114,33,857,6.896149358226371,8,495.0,2.0,1,1,241.7232775576383,11.723277557638312,11.723277557638312,₹2–5 Cr
P0263,2020,Dale Steyn,Bowler,Overseas,,200.0,RCB,166,158,32,0,0,14,3,105.0632911392405,1,2,50.0,0,0,43,0,0,104.8780487804878,9,96,2106,2375,8,0,0,6.766381766381767,4,8.625,48,7,174,8.827586206896552,10,230.0,3.0,1,1,223.49065734602394,23.490657346023937,23.490657346023937,₹2–5 Cr
P0264,2012,Mitchell Johnson,,Overseas,150.0,150.0,MI,0,0,0,0,0,0,0,0.0,0,0,0.0,0,0,0,0,0,0.0,0,0,0,0,0,0,0,0.0,0,0.0,0,0,0,0.0,0,0.0,0.0,0,0,156.87334560267294,6.873345602672941,6.873345602672941,₹1–2 Cr
P0264,2014,Mitchell Johnson,All-Rounder,Overseas,,650.0,PBKS,39,36,6,0,0,2,2,108.33333333333333,39,36,108.33333333333333,0,0,39,0,0,108.33333333333333,1,24,384,459,2,0,0,7.171875,24,7.171875,384,24,384,7.171875,1,150.0,1.0,1,1,494.8347908983857,-155.16520910161432,155.16520910161432,₹5–10 Cr
P0264,2017,Mitchell Johnson,Bowler,Overseas,,200.0,MI,131,136,24,0,0,7,6,96.32352941176471,5,14,35.714285714285715,0,0,92,0,0,92.0,4,52,986,1345,2,0,0,8.184584178498985,2,9.636363636363637,66,28,602,8.830564784053156,4,650.0,2.0,1,1,197.6262943105222,-2.373705689477788,2.373705689477788,₹2–5 Cr
P0264,2018,Mitchell Johnson,Bowler,Overseas,,200.0,KKR,151,153,26,0,0,8,7,98.69281045751634,20,17,117.64705882352942,0,0,56,0,0,83.5820895522388,5,59,1106,1486,3,0,0,8.061482820976492,7,7.050000000000001,120,18,401,8.723192019950124,5,200.0,3.0,1,1,202.637590888316,2.637590888315998,2.637590888315998,₹2–5 Cr
P0267,2018,N Jagadeesan,Wicket-Keeper,Indian,,20.0,CSK,0,0,0,0,0,0,0,0.0,0,0,0.0,0,0,0,0,0,0.0,0,0,0,0,0,0,0,0.0,0,0.0,0,0,0,0.0,0,0.0,0.0,0,0,90.85676286851051,70.85676286851051,70.85676286851051,< ₹1 Cr
P0267,2022,N Jagadeesan,Wicket-Keeper,Indian,,20.0,CSK,33,29,2,0,0,4,0,113.79310344827587,33,29,113.79310344827587,0,0,33,0,0,113.79310344827587,1,0,0,0,0,0,0,0.0,0,0.0,0,0,0,0.0,0,20.0,1.0,1,0,56.578136023478464,36.578136023478464,36.578136023478464,< ₹1 Cr
P0269,2009,Roelof van der Merwe,All-Rounder,Overseas,,30.0,RCB,0,0,0,0,0,0,0,0.0,0,0,0.0,0,0,0,0,0,0.0,0,0,0,0,0,0,0,0.0,0,0.0,0,0,0,0.0,0,0.0,0.0,0,0,268.5313619705029,238.53136197050293,238.53136197050293,< ₹1 Cr
P0269,2010,Roelof van der Merwe,All-Rounder,Overseas,,40.0,RCB,122,98,8,0,0,8,8,124.48979591836735,122,98,124.48979591836735,0,0,122,0,0,124.48979591836735,1,9,204,248,0,0,0,7.2941176470588225,9,7.2941176470588225,204,9,204,7.2941176470588225,1,30.0,1.0,1,1,169.96657025131893,129.96657025131893,129.96657025131893,< ₹1 Cr
P0269,2011,Roelof van der Merwe,,Overseas,9.0,22.5,DC,123,100,9,0,0,8,8,123.0,1,2,50.0,0,0,123,0,0,123.0,2,11,228,275,0,0,0,7.236842105263158,2,6.75,24,11,228,7.236842105263158,2,40.0,2.0,1,1,151.37732308812897,128.87732308812897,128.87732308812897,< ₹1 Cr
P0270,2013,Ryan McLaren,Bowler,Overseas,,37.5,KKR,156,165,11,0,1,14,1,94.54545454545455,90,96,93.75,1,0,156,1,0,94.54545454545455,2,9,312,448,0,0,0,8.615384615384615,5,9.88888888888889,108,9,312,8.615384615384615,2,0.0,0.0,1,1,140.05062452615672,102.55062452615672,102.55062452615672,< ₹1 Cr
P0271,2022,Alex Hales,Batsman,Overseas,,150.0,KKR,148,118,6,0,0,13,6,125.42372881355932,148,118,125.42372881355932,0,0,148,0,0,125.42372881355932,1,0,0,0,0,0,0,0.0,0,0.0,0,0,0,0.0,0,0.0,0.0,1,0,191.06024002864956,41.06024002864956,41.06024002864956,₹1–2 Cr
P0272,2015,David Wiese,All-Rounder,Overseas,,280.0,RCB,0,0,0,0,0,0,0,0.0,0,0,0.0,0,0,0,0,0,0.0,0,0,0,0,0,0,0,0.0,0,0.0,0,0,0,0.0,0,0.0,0.0,0,0,268.5313619705029,-11.468638029497072,11.468638029497072,₹2–5 Cr
P0272,2023,David Wiese,All-Rounder,Overseas,100.0,100.0,KKR,127,90,8,0,0,12,4,141.11111111111111,5,4,125.0,0,0,127,0,0,141.11111111111111,2,16,278,402,0,1,0,8.676258992805755,0,12.25,24,16,278,8.676258992805755,2,280.0,1.0,1,1,236.89344961415884,136.89344961415884,136.89344961415884,₹1–2 Cr
P0273,2008,Shaun Pollock,All-Rounder,Overseas,,125.0,MI,0,0,0,0,0,0,0,0.0,0,0,0.0,0,0,0,0,0,0.0,0,0,0,0,0,0,0,0.0,0,0.0,0,0,0,0.0,0,0.0,0.0,0,0,268.5313619705029,143.53136197050293,143.53136197050293,₹1–2 Cr
P0275,2010,Sachin Baby,Batsman,Indian,,20.0,RCB,0,0,0,0,0,0,0,0.0,0,0,0.0,0,0,0,0,0,0.0,0,0,0,0,0,0,0,0.0,0,0.0,0,0,0,0.0,0,0.0,0.0,0,0,109.70681158718025,89.70681158718025,89.70681158718025,< ₹1 Cr
P0275,2016,Sachin Baby,Batsman,Indian,,10.0,RCB,3,7,1,0,0,0,0,42.857142857142854,3,7,42.857142857142854,0,0,3,0,0,42.857142857142854,1,0,0,0,0,0,0,0.0,0,0.0,0,0,0,0.0,0,20.0,1.0,1,0,79.96805432777947,69.96805432777947,69.96805432777947,< ₹1 Cr
P0275,2018,Sachin Baby,Batsman,Indian,,20.0,SRH,137,101,10,0,0,11,5,135.64356435643566,15,15,100.0,0,0,137,0,0,135.64356435643566,3,2,10,8,0,0,0,4.800000000000001,2,4.800000000000001,10,2,10,4.800000000000001,1,10.0,2.0,1,1,76.89373999428221,56.893739994282214,56.893739994282214,< ₹1 Cr
P0275,2021,Sachin Baby,Batsman,Indian,20.0,20.0,RCB,137,101,10,0,0,11,5,135.64356435643566,15,15,100.0,0,0,137,0,0,135.64356435643566,3,2,10,8,0,0,0,4.800000000000001,2,4.800000000000001,10,2,10,4.800000000000001,1,20.0,3.0,1,1,76.52260057131306,56.52260057131306,56.52260057131306,< ₹1 Cr
P0277,2021,Marco Jansen,All-Rounder,Overseas,20.0,20.0,MI,0,0,0,0,0,0,0,0.0,0,0,0.0,0,0,0,0,0,0.0,0,0,0,0,0,0,0,0.0,0,0.0,0,0,0,0.0,0,0.0,0.0,0,0,268.5313619705029,248.53136197050293,248.53136197050293,< ₹1 Cr
P0277,2022,Marco Jansen,All-Rounder,Overseas,,420.0,SRH,0,3,2,0,0,0,0,0.0,0,3,0.0,0,0,0,0,0,0.0,1,2,36,45,0,0,0,7.5,2,7.5,36,2,36,7.5,1,20.0,1.0,1,1,288.5072173926626,-131.4927826073374,131.4927826073374,₹2–5 Cr
P0280,2019,Anmolpreet Singh,Batsman,Indian,,80.0,MI,0,0,0,0,0,0,0,0.0,0,0,0.0,0,0,0,0,0,0.0,0,0,0,0,0,0,0,0.0,0,0.0,0,0,0,0.0,0,0.0,0.0,0,0,109.70681158718025,29.706811587180255,29.706811587180255,< ₹1 Cr
P0280,2022,Anmolpreet Singh,Batsman,Indian,,20.0,MI,16,14,1,0,0,2,1,114.28571428571428,16,14,114.28571428571428,0,0,16,0,0,114.28571428571428,1,0,0,0,0,0,0,0.0,0,0.0,0,0,0,0.0,0,80.0,1.0,1,0,69.07195618501922,49.07195618501922,49.07195618501922,< ₹1 Cr
P0280,2023,Anmolpreet Singh,Batsman,Indian,20.0,20.0,SRH,29,27,3,0,0,3,1,107.40740740740742,13,13,100.0,0,0,29,0,0,107.40740740740742,2,0,0,0,0,0,0,0.0,0,0.0,0,0,0,0.0,0,20.0,2.0,1,0,58.99440096400038,38.99440096400038,38.99440096400038,< ₹1 Cr
P0282,2008,Scott Styris,All-Rounder,Overseas,,100.0,DCH,0,0,0,0,0,0,0,0.0,0,0,0.0,0,0,0,0,0,0.0,0,0,0,0,0,0,0,0.0,0,0.0,0,0,0,0.0,0,0.0,0.0,0,0,268.5313619705029,168.53136197050293,168.53136197050293,₹1–2 Cr
P0282,2010,Scott Styris,All-Rounder,Overseas,,100.0,DC,126,131,9,0,0,9,3,96.18320610687023,14,8,175.0,0,0,126,0,0,96.18320610687023,2,8,210,263,1,0,0,7.514285714285714,5,8.0,48,8,210,7.514285714285714,2,100.0,1.0,1,1,193.74867939402455,93.74867939402455,93.74867939402455,₹1–2 Cr
P0282,2011,Scott Styris,,Overseas,9.0,85.5,CSK,126,131,9,0,0,9,3,96.18320610687023,14,8,175.0,0,0,126,0,0,96.18320610687023,2,8,210,263,1,0,0,7.514285714285714,5,8.0,48,8,210,7.514285714285714,2,100.0,2.0,1,1,164.08915295117126,78.58915295117126,78.58915295117126,< ₹1 Cr
P0283,2008,Wasim Jaffer,Batsman,Indian,,100.0,RCB,0,0,0,0,0,0,0,0.0,0,0,0.0,0,0,0,0,0,0.0,0,0,0,0,0,0,0,0.0,0,0.0,0,0,0,0.0,0,0.0,0.0,0,0,109.70681158718025,9.706811587180255,9.706811587180255,₹1–2 Cr
P0287,2020,Tom Curran,All-Rounder,Overseas,,100.0,RR,23,28,4,0,0,3,0,82.14285714285714,23,28,82.14285714285714,0,0,23,0,0,82.14285714285714,1,6,61,118,0,0,0,11.60655737704918,6,11.60655737704918,61,6,61,11.60655737704918,1,0.0,0.0,1,1,320.88592876167036,220.88592876167036,220.88592876167036,₹1–2 Cr
P0287,2021,Tom Curran,All-Rounder,Overseas,100.0,500.0,DC,106,90,8,0,1,8,3,117.77777777777779,83,62,133.8709677419355,1,0,106,1,0,117.77777777777779,2,9,170,326,0,0,0,11.505882352941176,3,11.44954128440367,109,9,170,11.505882352941176,2,100.0,1.0,1,1,374.7225933072065,-125.27740669279348,125.27740669279348,₹5–10 Cr
P0289,2014,Morne Morkel,Bowler,Overseas,,280.0,KKR,117,83,17,0,0,11,5,140.96385542168676,57,29,196.55172413793102,0,0,100,0,0,169.4915254237288,5,45,960,1219,5,1,0,7.61875,7,8.375,240,45,876,7.623287671232877,5,0.0,0.0,1,1,320.62542737047164,40.62542737047164,40.62542737047164,₹2–5 Cr
P0292,2014,Mohit Sharma,Bowler,Indian,,200.0,CSK,0,5,2,0,0,0,0,0.0,0,5,0.0,0,0,0,0,0,0.0,1,20,304,326,2,0,0,6.434210526315789,20,6.434210526315789,304,20,304,6.434210526315789,1,0.0,0.0,1,1,201.53441784871978,1.5344178487197837,1.5344178487197837,₹2–5 Cr
P0292,2016,Mohit Sharma,Bowler,Indian,,650.0,PBKS,29,26,8,0,0,1,2,111.53846153846155,28,18,155.55555555555557,0,0,29,0,0,111.53846153846155,3,57,969,1259,6,1,0,7.795665634674922,14,8.43859649122807,342,57,969,7.795665634674922,3,200.0,1.0,1,1,525.4031154586155,-124.5968845413845,124.5968845413845,₹5–10 Cr
P0292,2018,Mohit Sharma,Bowler,Indian,,240.0,PBKS,112,102,20,0,0,7,4,109.80392156862746,51,50,102.0,0,0,111,0,0,118.08510638297874,5,83,1534,2076,9,1,0,8.119947848761408,13,8.978102189781023,274,40,907,8.586549062844544,5,650.0,2.0,1,1,360.7763718559606,120.77637185596058,120.77637185596058,₹2–5 Cr
P0292,2019,Mohit Sharma,Bowler,Indian,,500.0,CSK,122,115,24,0,0,8,4,106.08695652173914,10,13,76.92307692307693,0,0,93,0,0,104.49438202247192,6,90,1712,2398,9,1,0,8.404205607476635,7,10.853932584269662,178,33,743,9.197846567967698,6,240.0,3.0,1,1,425.20794539617043,-74.79205460382957,74.79205460382957,₹5–10 Cr
P0292,2020,Mohit Sharma,Bowler,Indian,,50.0,DC,122,117,25,0,0,8,4,104.27350427350429,0,2,0.0,0,0,61,0,0,93.84615384615384,7,91,1730,2425,9,1,0,8.410404624277456,1,9.0,18,21,470,9.689361702127659,7,500.0,4.0,1,1,130.88887725088856,80.88887725088856,80.88887725088856,< ₹1 Cr
P0292,2023,Mohit Sharma,Bowler,Indian,50.0,50.0,GT,122,117,25,0,0,8,4,104.27350427350429,0,2,0.0,0,0,61,0,0,93.84615384615384,7,92,1754,2470,9,1,0,8.449258836944129,1,11.25,24,9,220,10.745454545454546,8,50.0,5.0,1,1,108.98179103365109,58.98179103365109,58.98179103365109,< ₹1 Cr
P0294,2008,Brett Lee,Bowler,Overseas,,125.0,KKR,0,0,0,0,0,0,0,0.0,0,0,0.0,0,0,0,0,0,0.0,0,0,0,0,0,0,0,0.0,0,0.0,0,0,0,0.0,0,0.0,0.0,0,0,202.41212654874937,77.41212654874937,77.41212654874937,₹1–2 Cr
P0294,2011,Brett Lee,,Overseas,180.0,180.0,KKR,56,56,10,0,0,5,2,100.0,11,9,122.22222222222223,0,0,56,0,0,100.0,3,9,303,372,1,0,0,7.366336633663366,0,10.275862068965518,87,9,303,7.366336633663366,3,125.0,1.0,1,1,153.41032529874693,-26.589674701253074,26.589674701253074,₹1–2 Cr
P0297,2011,Andrew McDonald,,Overseas,22.5,36.0,DC,68,56,4,0,0,3,2,121.42857142857142,65,52,125.0,0,0,68,0,0,121.42857142857142,2,5,102,160,0,0,0,9.411764705882353,5,9.857142857142858,84,5,102,9.411764705882353,2,0.0,0.0,1,1,140.0397295255085,104.0397295255085,104.0397295255085,< ₹1 Cr
P0299,2008,Daniel Vettori,All-Rounder,Overseas,,150.0,DC,0,0,0,0,0,0,0,0.0,0,0,0.0,0,0,0,0,0,0.0,0,0,0,0,0,0,0,0.0,0,0.0,0,0,0,0.0,0,0.0,0.0,0,0,268.5313619705029,118.53136197050293,118.53136197050293,₹1–2 Cr
P0299,2011,Daniel Vettori,,Overseas,90.0,225.0,RCB,67,59,6,0,0,7,0,113.55932203389831,33,27,122.22222222222223,0,0,67,0,0,113.55932203389831,2,11,257,332,1,0,0,7.750972762645915,2,8.314285714285713,70,11,257,7.750972762645915,3,150.0,1.0,1,1,166.7802444540783,-58.219755545921714,58.219755545921714,₹2–5 Cr
P0301,2014,Tim Southee,Bowler,Overseas,,120.0,RR,0,0,0,0,0,0,0,0.0,0,0,0.0,0,0,0,0,0,0.0,0,4,114,166,0,0,0,8.736842105263158,4,8.736842105263158,114,4,114,8.736842105263158,1,0.0,0.0,0,1,151.32826128246649,31.328261282466485,31.328261282466485,₹1–2 Cr
P0301,2016,Tim Southee,Bowler,Overseas,,250.0,MI,17,13,3,0,0,2,0,130.76923076923077,13,9,144.44444444444443,0,0,17,0,0,130.76923076923077,2,10,342,489,0,0,0,8.578947368421053,6,8.821428571428573,168,10,342,8.578947368421053,3,120.0,1.0,1,1,186.5405130486893,-63.45948695131071,63.45948695131071,₹2–5 Cr
P0301,2018,Tim Southee,Bowler,Overseas,,100.0,RCB,54,35,8,0,0,3,3,154.2857142857143,7,3,233.33333333333334,0,0,50,0,0,161.29032258064515,4,22,660,914,1,0,0,8.309090909090909,3,9.600000000000001,60,18,486,8.296296296296296,5,250.0,2.0,1,1,274.7584752068977,174.75847520689769,174.75847520689769,₹1–2 Cr
P0301,2022,Tim Southee,Bowler,Overseas,,150.0,KKR,118,95,14,0,0,8,4,124.21052631578948,3,5,60.0,0,0,64,0,0,106.66666666666667,7,31,960,1388,2,0,0,8.675,3,7.916666666666666,72,9,300,9.48,8,100.0,3.0,1,1,184.63064123089032,34.63064123089032,34.63064123089032,₹1–2 Cr
P0302,2008,Zaheer Khan,Bowler,Indian,,200.0,RCB,0,0,0,0,0,0,0,0.0,0,0,0.0,0,0,0,0,0,0.0,0,0,0,0,0,0,0,0.0,0,0.0,0,0,0,0.0,0,0.0,0.0,0,0,118.97564863234453,-81.02435136765547,81.02435136765547,₹2–5 Cr
P0302,2011,Zaheer Khan,,Indian,22.5,405.0,MI,66,67,13,0,0,7,1,98.50746268656717,24,13,184.6153846153846,0,0,66,0,0,98.50746268656717,3,34,668,875,4,0,0,7.859281437125748,15,7.779310344827586,290,34,668,7.859281437125748,3,200.0,1.0,1,1,432.6030989202923,27.603098920292325,27.603098920292325,₹2–5 Cr
P0302,2014,Zaheer Khan,Bowler,Indian,,260.0,MI,99,108,19,0,0,10,1,91.66666666666666,12,17,70.58823529411765,0,0,57,0,0,105.55555555555556,5,70,1418,1830,6,1,0,7.743300423131171,5,7.833333333333334,36,36,750,7.640000000000001,6,405.0,2.0,1,1,254.2877901163709,-5.7122098836291,5.7122098836291,₹2–5 Cr
P0302,2015,Zaheer Khan,Bowler,Indian,,400.0,DC,107,115,22,0,0,10,2,93.04347826086956,8,7,114.28571428571428,0,0,41,0,0,85.41666666666666,6,75,1552,1976,6,1,0,7.639175257731958,5,6.537313432835822,134,27,530,7.313207547169811,7,260.0,3.0,1,1,317.15009844161244,-82.84990155838756,82.84990155838756,₹2–5 Cr
P0304,2010,Ryan Harris,Bowler,Overseas,,60.0,DCH,21,18,5,0,0,0,0,116.66666666666667,21,18,116.66666666666667,0,0,21,0,0,116.66666666666667,1,6,186,230,1,0,0,7.419354838709678,6,7.419354838709678,186,6,186,7.419354838709678,1,0.0,0.0,1,1,149.13071885042214,89.13071885042214,89.13071885042214,< ₹1 Cr
P0304,2011,Ryan Harris,,Overseas,90.0,146.25,PBKS,66,57,10,0,0,2,2,115.78947368421053,45,39,115.38461538461537,0,0,66,0,0,115.78947368421053,2,20,370,463,3,0,0,7.508108108108109,14,7.5978260869565215,184,20,370,7.508108108108109,2,60.0,1.0,1,1,209.93330341268523,63.683303412685234,63.683303412685234,₹1–2 Cr
P0306,2008,Misbah-ul-Haq,Batsman,Overseas,,50.0,RCB,0,0,0,0,0,0,0,0.0,0,0,0.0,0,0,0,0,0,0.0,0,0,0,0,0,0,0,0.0,0,0.0,0,0,0,0.0,0,0.0,0.0,0,0,193.840539245101,143.840539245101,143.840539245101,< ₹1 Cr
P0309,2018,Darcy Short,All-Rounder,Overseas,,400.0,RR,0,0,0,0,0,0,0,0.0,0,0,0.0,0,0,0,0,0,0.0,0,0,0,0,0,0,0,0.0,0,0.0,0,0,0,0.0,0,0.0,0.0,0,0,268.5313619705029,-131.46863802949707,131.46863802949707,₹2–5 Cr
P0310,2008,Murali Kartik,Bowler,Indian,,125.0,KKR,0,0,0,0,0,0,0,0.0,0,0,0.0,0,0,0,0,0,0.0,0,0,0,0,0,0,0,0.0,0,0.0,0,0,0,0.0,0,0.0,0.0,0,0,118.97564863234453,-6.02435136765547,6.02435136765547,₹1–2 Cr
P0310,2010,Murali Kartik,Bowler,Indian,,30.0,RCB,51,47,5,0,0,3,0,108.51063829787233,21,20,105.0,0,0,51,0,0,108.51063829787233,2,7,292,328,1,0,0,6.739726027397261,4,5.911764705882353,204,7,292,6.739726027397261,2,125.0,1.0,1,1,109.61165306995805,79.61165306995805,79.61165306995805,< ₹1 Cr
P0310,2011,Murali Kartik,,Indian,45.0,168.75,PWI,73,69,7,0,0,5,0,105.79710144927536,22,22,100.0,0,0,73,0,0,105.79710144927536,3,16,526,581,1,0,0,6.627376425855513,9,6.487179487179487,234,16,526,6.627376425855513,3,30.0,2.0,1,1,141.28120683402523,-27.468793165974773,27.468793165974773,₹1–2 Cr
P0310,2014,Murali Kartik,Bowler,Indian,,100.0,PBKS,113,108,14,0,0,7,1,104.62962962962963,2,3,66.66666666666666,0,0,40,0,0,102.56410256410255,6,30,1101,1297,1,0,0,7.068119891008174,9,7.282051282051281,234,14,575,7.471304347826087,6,168.75,3.0,1,1,133.83260098392535,33.832600983925346,33.832600983925346,₹1–2 Cr
P0311,2017,Mohammed Siraj,Bowler,Indian,,260.0,SRH,0,0,0,0,0,0,0,0.0,0,0,0.0,0,0,0,0,0,0.0,0,0,0,0,0,0,0,0.0,0,0.0,0,0,0,0.0,0,0.0,0.0,0,0,118.97564863234453,-141.02435136765547,141.02435136765547,₹2–5 Cr
P0311,2018,Mohammed Siraj,Bowler,Indian,,260.0,RCB,0,0,0,0,0,0,0,0.0,0,0,0.0,0,0,0,0,0,0.0,0,10,138,212,0,1,0,9.217391304347826,10,9.217391304347826,138,10,138,9.217391304347826,1,260.0,1.0,0,1,212.6846183179993,-47.31538168200069,47.31538168200069,₹2–5 Cr
P0312,2014,Mitchell Starc,Bowler,Overseas,,500.0,RCB,0,0,0,0,0,0,0,0.0,0,0,0.0,0,0,0,0,0,0.0,0,0,0,0,0,0,0,0.0,0,0.0,0,0,0,0.0,0,0.0,0.0,0,0,202.41212654874937,-297.58787345125063,297.58787345125063,₹5–10 Cr
P0312,2018,Mitchell Starc,Bowler,Overseas,,940.0,KKR,96,98,11,0,0,10,0,97.95918367346938,11,14,78.57142857142857,0,0,96,0,0,97.95918367346938,2,34,580,693,3,1,0,7.168965517241379,20,6.767441860465116,258,34,580,7.168965517241379,2,500.0,1.0,1,1,579.5783887624498,-360.4216112375502,360.4216112375502,₹5–10 Cr
P0314,2018,Mitchell Santner,All-Rounder,Overseas,,50.0,CSK,0,0,0,0,0,0,0,0.0,0,0,0.0,0,0,0,0,0,0.0,0,0,0,0,0,0,0,0.0,0,0.0,0,0,0,0.0,0,0.0,0.0,0,0,268.5313619705029,218.53136197050293,218.53136197050293,< ₹1 Cr
P0314,2022,Mitchell Santner,All-Rounder,Overseas,,190.0,CSK,32,23,2,0,0,0,3,139.1304347826087,32,23,139.1304347826087,0,0,32,0,0,139.1304347826087,1,6,126,147,0,0,0,7.0,2,7.571428571428571,42,6,126,7.0,2,50.0,1.0,1,1,192.8523283387483,2.8523283387482934,2.8523283387482934,₹1–2 Cr
P0316,2013,Jacob Oram,All-Rounder,Overseas,,37.5,MI,106,108,11,0,0,6,5,98.14814814814815,0,3,0.0,0,0,106,0,0,98.14814814814815,3,9,213,327,1,0,0,9.211267605633802,1,11.25,24,9,213,9.211267605633802,3,0.0,0.0,1,1,253.71314945190156,216.21314945190156,216.21314945190156,< ₹1 Cr
P0317,2010,Dhawal Kulkarni,Bowler,Indian,,30.0,MI,11,33,4,0,0,0,0,33.33333333333333,9,17,52.94117647058824,0,0,11,0,0,33.33333333333333,2,16,333,442,1,0,0,7.963963963963964,5,7.923076923076923,156,16,333,7.963963963963964,2,0.0,0.0,1,1,83.88226812825387,53.88226812825387,53.88226812825387,< ₹1 Cr
P0317,2014,Dhawal Kulkarni,Bowler,Indian,,110.0,RR,23,42,6,0,0,2,0,54.761904761904766,10,5,200.0,0,0,21,0,0,80.76923076923077,4,36,637,846,5,0,0,7.968602825745683,8,8.089285714285715,112,19,280,7.800000000000001,6,30.0,1.0,1,1,130.08194410259853,20.081944102598527,20.081944102598527,₹1–2 Cr
P0317,2016,Dhawal Kulkarni,Bowler,Indian,,200.0,GL,62,78,10,0,0,3,2,79.48717948717949,4,11,36.36363636363637,0,0,49,0,0,119.51219512195121,6,55,1009,1344,5,0,0,7.99207135777998,13,7.914285714285715,210,27,484,8.045454545454545,8,110.0,2.0,1,1,251.00437040810746,51.00437040810746,51.00437040810746,₹2–5 Cr
P0317,2018,Dhawal Kulkarni,Bowler,Indian,,75.0,RR,90,96,16,0,0,6,2,93.75,1,2,50.0,0,0,32,0,0,110.34482758620689,8,76,1416,1881,6,1,0,7.970338983050847,3,9.185840707964601,113,34,617,7.915721231766613,10,200.0,3.0,1,1,156.57680320510147,81.57680320510147,81.57680320510147,< ₹1 Cr
P0322,2013,Michael Clarke,Batsman,Overseas,,300.0,PWI,98,94,6,0,0,12,0,104.25531914893618,98,94,104.25531914893618,0,0,98,0,0,104.25531914893618,1,2,66,67,0,0,0,6.090909090909091,2,6.090909090909091,66,2,66,6.090909090909091,1,0.0,0.0,1,1,219.52369059720775,-80.47630940279225,80.47630940279225,₹2–5 Cr
P0323,2011,Callum Ferguson,,Overseas,45.0,135.0,PWI,0,0,0,0,0,0,0,0.0,0,0,0.0,0,0,0,0,0,0.0,0,0,0,0,0,0,0,0.0,0,0.0,0,0,0,0.0,0,0.0,0.0,0,0,156.87334560267294,21.87334560267294,21.87334560267294,₹1–2 Cr
P0324,2022,Prerak Mankad,All-Rounder,Indian,,20.0,PBKS,0,0,0,0,0,0,0,0.0,0,0,0.0,0,0,0,0,0,0.0,0,0,0,0,0,0,0,0.0,0,0.0,0,0,0,0.0,0,0.0,0.0,0,0,112.9879307388618,92.9879307388618,92.9879307388618,< ₹1 Cr
P0324,2023,Prerak Mankad,All-Rounder,Indian,20.0,20.0,LSG,4,1,1,0,0,1,0,400.0,4,1,400.0,0,0,4,0,0,400.0,1,0,0,0,0,0,0,0.0,0,0.0,0,0,0,0.0,0,20.0,1.0,1,0,139.72900903601658,119.72900903601658,119.72900903601658,< ₹1 Cr
P0326,2014,James Neesham,All-Rounder,Overseas,,100.0,DC,0,0,0,0,0,0,0,0.0,0,0,0.0,0,0,0,0,0,0.0,0,0,0,0,0,0,0,0.0,0,0.0,0,0,0,0.0,0,0.0,0.0,0,0,268.5313619705029,168.53136197050293,168.53136197050293,₹1–2 Cr
P0326,2015,James Neesham,All-Rounder,Overseas,,50.0,KKR,42,46,3,0,0,3,1,91.30434782608695,42,46,91.30434782608695,0,0,42,0,0,91.30434782608695,1,1,54,91,0,0,0,10.11111111111111,1,10.11111111111111,54,1,54,10.11111111111111,1,100.0,1.0,1,1,209.68270631249794,159.68270631249794,159.68270631249794,< ₹1 Cr
P0326,2020,James Neesham,All-Rounder,Overseas,,50.0,PBKS,42,46,3,0,0,3,1,91.30434782608695,42,46,91.30434782608695,0,0,42,0,0,91.30434782608695,1,1,54,91,0,0,0,10.11111111111111,1,10.11111111111111,54,1,54,10.11111111111111,1,50.0,2.0,1,1,201.4023485082652,151.4023485082652,151.4023485082652,< ₹1 Cr
P0326,2021,James Neesham,All-Rounder,Overseas,50.0,50.0,MI,61,64,6,0,0,3,2,95.3125,19,18,105.55555555555556,0,0,61,0,0,95.3125,2,3,144,239,0,0,0,9.958333333333334,2,9.866666666666667,90,3,144,9.958333333333334,2,50.0,3.0,1,1,181.55092747303934,131.55092747303934,131.55092747303934,< ₹1 Cr
P0326,2022,James Neesham,All-Rounder,Overseas,,150.0,RR,61,66,8,0,0,3,2,92.42424242424242,0,2,0.0,0,0,61,0,0,92.42424242424242,3,8,198,305,1,0,0,9.242424242424242,5,7.333333333333334,54,8,198,9.242424242424242,3,50.0,4.0,1,1,211.83315041279445,61.83315041279445,61.83315041279445,₹1–2 Cr
P0329,2015,Andrew Tye,Bowler,Overseas,,20.0,CSK,0,0,0,0,0,0,0,0.0,0,0,0.0,0,0,0,0,0,0.0,0,0,0,0,0,0,0,0.0,0,0.0,0,0,0,0.0,0,0.0,0.0,0,0,202.41212654874937,182.41212654874937,182.41212654874937,< ₹1 Cr
P0329,2016,Andrew Tye,All-Rounder,Overseas,,50.0,GL,0,0,0,0,0,0,0,0.0,0,0,0.0,0,0,0,0,0,0.0,0,0,0,0,0,0,0,0.0,0,0.0,0,0,0,0.0,0,20.0,1.0,0,0,196.53699720618144,146.53699720618144,146.53699720618144,< ₹1 Cr
P0329,2018,Andrew Tye,Bowler,Overseas,,720.0,PBKS,53,30,3,0,0,4,3,176.66666666666666,53,30,176.66666666666666,0,0,53,0,0,176.66666666666666,1,12,126,141,1,0,1,6.714285714285714,12,6.714285714285714,126,12,126,6.714285714285714,1,50.0,2.0,1,1,561.2883031570531,-158.71169684294694,158.71169684294694,₹5–10 Cr
P0329,2020,Andrew Tye,Bowler,Overseas,,100.0,RR,85,70,12,0,0,6,4,121.42857142857142,0,2,0.0,0,0,85,0,0,121.42857142857142,3,39,594,822,1,3,1,8.303030303030303,3,10.59090909090909,132,39,594,8.303030303030303,3,720.0,3.0,1,1,225.3916048667136,125.3916048667136,125.3916048667136,₹1–2 Cr
P0330,2008,Ricky Ponting,Batsman,Overseas,,40.0,KKR,0,0,0,0,0,0,0,0.0,0,0,0.0,0,0,0,0,0,0.0,0,0,0,0,0,0,0,0.0,0,0.0,0,0,0,0.0,0,0.0,0.0,0,0,193.840539245101,153.840539245101,153.840539245101,< ₹1 Cr
P0330,2013,Ricky Ponting,Batsman,Overseas,,300.0,MI,39,53,4,0,0,2,1,73.58490566037736,39,53,73.58490566037736,0,0,39,0,0,73.58490566037736,1,0,0,0,0,0,0,0.0,0,0.0,0,0,0,0.0,0,40.0,1.0,1,0,184.83010899218385,-115.16989100781615,115.16989100781615,₹2–5 Cr
P0334,2008,Lasith Malinga,Bowler,Overseas,,40.0,MI,0,0,0,0,0,0,0,0.0,0,0,0.0,0,0,0,0,0,0.0,0,0,0,0,0,0,0,0.0,0,0.0,0,0,0,0.0,0,0.0,0.0,0,0,202.41212654874937,162.41212654874937,162.41212654874937,< ₹1 Cr
P0334,2019,Lasith Malinga,Bowler,Overseas,,200.0,MI,88,99,20,0,0,6,5,88.88888888888889,7,3,233.33333333333334,0,0,15,0,0,88.23529411764706,8,154,2558,2933,10,4,1,6.879593432369038,11,8.520446096654275,269,51,864,7.527777777777777,8,40.0,1.0,1,1,328.02423076900675,128.02423076900675,128.02423076900675,₹2–5 Cr
P0335,2016,Ankit Sharma,All-Rounder,Indian,,10.0,RPS,59,49,8,0,0,5,3,120.40816326530613,7,6,116.66666666666667,0,0,59,0,0,120.40816326530613,3,11,289,339,0,0,0,7.038062283737024,3,8.142857142857142,84,7,144,7.25,4,0.0,0.0,1,1,91.44829632626741,81.44829632626741,81.44829632626741,< ₹1 Cr
P0335,2018,Ankit Sharma,All-Rounder,Indian,,20.0,RR,87,67,10,0,0,7,4,129.8507462686567,25,15,166.66666666666669,0,0,35,0,0,145.83333333333331,5,12,361,439,0,0,0,7.296398891966758,0,16.0,6,4,156,8.23076923076923,6,10.0,1.0,1,1,115.3664540910946,95.3664540910946,95.3664540910946,< ₹1 Cr
P0337,2015,Mitchell McClenaghan,Bowler,Overseas,,30.0,MI,0,0,0,0,0,0,0,0.0,0,0,0.0,0,0,0,0,0,0.0,0,0,0,0,0,0,0,0.0,0,0.0,0,0,0,0.0,0,0.0,0.0,0,0,202.41212654874937,172.41212654874937,172.41212654874937,< ₹1 Cr
P0338,2015,Trent Boult,Bowler,Overseas,,380.0,SRH,0,0,0,0,0,0,0,0.0,0,0,0.0,0,0,0,0,0,0.0,0,0,0,0,0,0,0,0.0,0,0.0,0,0,0,0.0,0,0.0,0.0,0,0,202.41212654874937,-177.58787345125063,177.58787345125063,₹2–5 Cr
P0338,2017,Trent Boult,Bowler,Overseas,,500.0,KKR,0,0,0,0,0,0,0,0.0,0,0,0.0,0,0,0,0,0,0.0,0,10,192,275,2,0,0,8.59375,1,9.75,24,10,192,8.59375,2,380.0,1.0,0,1,249.02489381630096,-250.97510618369904,250.97510618369904,₹5–10 Cr
P0338,2018,Trent Boult,Bowler,Overseas,,220.0,DC,5,8,1,0,0,0,0,62.5,5,8,62.5,0,0,5,0,0,62.5,1,15,335,491,2,0,0,8.794029850746268,5,9.062937062937063,143,15,335,8.794029850746268,3,500.0,2.0,1,1,216.72262686856538,-3.277373131434615,3.277373131434615,₹2–5 Cr
P0338,2022,Trent Boult,Bowler,Overseas,,800.0,RR,13,19,7,0,0,0,1,68.42105263157895,1,4,25.0,0,0,8,0,0,88.88888888888889,5,76,1417,1983,5,1,0,8.396612561750176,13,7.909090909090908,308,43,766,8.036553524804177,7,220.0,3.0,1,1,522.2941673984874,-277.7058326015126,277.7058326015126,₹5–10 Cr
P0339,2014,Mohammed Shami,Bowler,Indian,,425.0,DC,5,10,1,0,0,0,0,50.0,5,10,50.0,0,0,5,0,0,50.0,1,1,54,78,0,0,0,8.666666666666666,1,8.666666666666666,54,1,54,8.666666666666666,1,0.0,0.0,1,1,191.17248597880703,-233.82751402119297,233.82751402119297,₹2–5 Cr
P0339,2018,Mohammed Shami,Bowler,Indian,,300.0,DC,46,45,13,0,0,4,2,102.22222222222221,36,24,150.0,0,0,41,0,0,117.14285714285715,4,18,625,934,0,0,0,8.9664,5,9.346153846153847,156,17,571,8.994746059544658,4,425.0,1.0,1,1,307.1196132930343,7.11961329303432,7.11961329303432,₹2–5 Cr
P0339,2019,Mohammed Shami,Bowler,Indian,,480.0,PBKS,53,51,14,0,0,5,2,103.921568627451,7,6,116.66666666666667,0,0,45,0,0,132.35294117647058,5,21,708,1078,0,0,0,9.135593220338983,3,10.409638554216867,83,13,390,9.707692307692309,5,300.0,2.0,1,1,308.3977116415564,-171.60228835844362,171.60228835844362,₹2–5 Cr
P0339,2022,Mohammed Shami,Bowler,Indian,,625.0,GT,69,73,21,0,0,5,2,94.52054794520548,13,17,76.47058823529412,0,0,16,0,0,72.72727272727273,8,79,1670,2402,6,0,0,8.62994011976048,19,7.5,316,58,962,8.257796257796258,8,480.0,3.0,1,1,531.729811658249,-93.27018834175101,93.27018834175101,₹5–10 Cr
P0341,2013,Nathan Coulter-Nile,Bowler,Overseas,,337.5,MI,0,0,0,0,0,0,0,0.0,0,0,0.0,0,0,0,0,0,0.0,0,0,0,0,0,0,0,0.0,0,0.0,0,0,0,0.0,0,0.0,0.0,0,0,202.41212654874937,-135.08787345125063,135.08787345125063,₹2–5 Cr
P0341,2014,Nathan Coulter-Nile,Bowler,Overseas,,425.0,DC,9,6,1,0,0,0,1,150.0,9,6,150.0,0,0,9,0,0,150.0,1,1,24,29,0,0,0,7.25,1,7.25,24,1,24,7.25,1,337.5,1.0,1,1,358.0733058329039,-66.92669416709612,66.92669416709612,₹2–5 Cr
P0341,2017,Nathan Coulter-Nile,Bowler,Overseas,,350.0,KKR,38,38,8,0,0,3,2,100.0,9,14,64.28571428571429,0,0,38,0,0,100.0,3,21,393,491,1,1,0,7.49618320610687,3,7.6,90,20,369,7.512195121951219,4,425.0,2.0,1,1,235.22829906384635,-114.77170093615365,114.77170093615365,₹2–5 Cr
P0341,2018,Nathan Coulter-Nile,Bowler,Overseas,,220.0,RCB,52,50,11,0,0,3,4,104.0,14,12,116.66666666666667,0,0,43,0,0,97.72727272727273,4,36,563,719,5,1,0,7.662522202486679,15,8.047058823529412,170,33,515,7.724271844660194,5,350.0,3.0,1,1,419.6019991301501,199.6019991301501,199.6019991301501,₹2–5 Cr
P0341,2020,Nathan Coulter-Nile,Bowler,Overseas,,800.0,MI,52,50,11,0,0,3,4,104.0,14,12,116.66666666666667,0,0,43,0,0,97.72727272727273,4,36,563,719,5,1,0,7.662522202486679,15,8.047058823529412,170,33,515,7.724271844660194,5,220.0,4.0,1,1,471.9983579859087,-328.0016420140913,328.0016420140913,₹5–10 Cr
P0341,2021,Nathan Coulter-Nile,Bowler,Overseas,100.0,500.0,MI,77,65,13,0,0,7,4,118.46153846153847,25,15,166.66666666666669,0,0,48,0,0,117.07317073170731,5,41,719,925,5,1,0,7.719054242002781,5,7.923076923076923,156,23,416,7.903846153846153,6,800.0,5.0,1,1,365.69403899614696,-134.30596100385304,134.30596100385304,₹5–10 Cr
P0341,2022,Nathan Coulter-Nile,Bowler,Overseas,,200.0,RR,81,70,15,0,0,7,4,115.71428571428572,4,5,80.0,0,0,43,0,0,134.375,6,48,839,1052,5,2,0,7.523241954707985,7,6.35,120,27,446,7.547085201793722,7,500.0,6.0,1,1,284.23307610814885,84.23307610814885,84.23307610814885,₹2–5 Cr
P0342,2017,Chris Jordan,All-Rounder,Overseas,,50.0,SRH,3,4,1,0,0,0,0,75.0,3,4,75.0,0,0,3,0,0,75.0,1,11,168,258,1,1,0,9.214285714285715,11,9.214285714285715,168,11,168,9.214285714285715,1,0.0,0.0,1,1,204.41351413187965,154.41351413187965,154.41351413187965,< ₹1 Cr
P0342,2018,Chris Jordan,All-Rounder,Overseas,,100.0,SRH,3,5,2,0,0,0,0,60.0,0,1,0.0,0,0,3,0,0,60.0,2,12,174,267,1,1,0,9.206896551724139,1,9.0,6,12,174,9.206896551724139,2,50.0,1.0,1,1,223.77824402198584,123.77824402198584,123.77824402198584,₹1–2 Cr
P0342,2020,Chris Jordan,All-Rounder,Overseas,,300.0,PBKS,3,5,2,0,0,0,0,60.0,0,1,0.0,0,0,3,0,0,60.0,2,12,198,298,1,1,0,9.03030303030303,0,7.75,24,12,198,9.03030303030303,3,100.0,2.0,1,1,252.86929073935153,-47.13070926064847,47.13070926064847,₹2–5 Cr
P0342,2022,Chris Jordan,All-Rounder,Overseas,,360.0,CSK,64,57,8,0,0,3,3,112.28070175438596,32,21,152.38095238095238,0,0,61,0,0,115.09433962264151,4,25,459,698,2,1,0,9.124183006535947,4,8.0,72,13,285,9.073684210526316,5,300.0,3.0,1,1,306.4794847085388,-53.52051529146121,53.52051529146121,₹2–5 Cr
P0344,2008,Shahid Afridi,All-Rounder,Overseas,,27.5,DCH,0,0,0,0,0,0,0,0.0,0,0,0.0,0,0,0,0,0,0.0,0,0,0,0,0,0,0,0.0,0,0.0,0,0,0,0.0,0,0.0,0.0,0,0,268.5313619705029,241.03136197050293,241.03136197050293,< ₹1 Cr
P0345,2022,Wanindu Hasaranga,All-Rounder,Overseas,,1075.0,RCB,1,2,2,0,0,0,0,50.0,1,2,50.0,0,0,1,0,0,50.0,1,0,36,60,0,0,0,10.0,0,10.0,36,0,36,10.0,1,0.0,0.0,1,1,443.1683020442532,-631.8316979557468,631.8316979557468,₹10+ Cr
P0345,2026,Wanindu Hasaranga,Unknown,Overseas,,200.0,LSG,81,88,19,0,0,7,1,92.04545454545455,9,15,60.0,0,0,80,0,0,93.02325581395348,4,46,798,1119,0,2,1,8.413533834586467,11,9.048780487804878,246,46,762,8.338582677165354,4,1075.0,1.0,1,1,325.6553623080086,125.65536230800859,125.65536230800859,₹2–5 Cr
P0346,2009,Chaminda Vaas,Bowler,Overseas,,50.0,DCH,21,18,4,0,0,0,1,116.66666666666667,21,18,116.66666666666667,0,0,21,0,0,116.66666666666667,1,5,102,145,0,0,0,8.529411764705882,5,8.529411764705882,102,5,102,8.529411764705882,1,0.0,0.0,1,1,132.74199625106448,82.74199625106448,82.74199625106448,< ₹1 Cr
P0347,2021,Ripal Patel,Bowler,Indian,20.0,20.0,DC,0,0,0,0,0,0,0,0.0,0,0,0.0,0,0,0,0,0,0.0,0,0,0,0,0,0,0,0.0,0,0.0,0,0,0,0.0,0,0.0,0.0,0,0,118.97564863234453,98.97564863234453,98.97564863234453,< ₹1 Cr
P0347,2022,Ripal Patel,All-Rounder,Indian,,20.0,DC,25,27,2,0,0,3,0,92.5925925925926,25,27,92.5925925925926,0,0,25,0,0,92.5925925925926,1,0,18,22,0,0,0,7.333333333333334,0,7.333333333333334,18,0,18,7.333333333333334,1,20.0,1.0,1,1,66.3200498433934,46.320049843393406,46.320049843393406,< ₹1 Cr
P0349,2017,Chris Woakes,All-Rounder,Overseas,,420.0,KKR,0,0,0,0,0,0,0,0.0,0,0,0.0,0,0,0,0,0,0.0,0,0,0,0,0,0,0,0.0,0,0.0,0,0,0,0.0,0,0.0,0.0,0,0,268.5313619705029,-151.46863802949707,151.46863802949707,₹2–5 Cr
P0349,2018,Chris Woakes,All-Rounder,Overseas,,740.0,RCB,46,47,7,0,0,4,1,97.87234042553192,46,47,97.87234042553192,0,0,46,0,0,97.87234042553192,1,17,264,386,2,0,0,8.772727272727273,17,8.772727272727273,264,17,264,8.772727272727273,1,420.0,1.0,1,1,487.2234117857006,-252.7765882142994,252.7765882142994,₹5–10 Cr
P0349,2020,Chris Woakes,All-Rounder,Overseas,,150.0,DC,63,66,11,0,0,5,2,95.45454545454545,17,19,89.47368421052632,0,0,63,0,0,95.45454545454545,2,25,374,576,3,0,0,9.240641711229946,8,10.363636363636363,110,25,374,9.240641711229946,2,740.0,2.0,1,1,276.69478060953367,126.69478060953367,126.69478060953367,₹1–2 Cr
P0356,2017,Lockie Ferguson,Bowler,Overseas,,50.0,RPS,0,0,0,0,0,0,0,0.0,0,0,0.0,0,0,0,0,0,0.0,0,0,0,0,0,0,0,0.0,0,0.0,0,0,0,0.0,0,0.0,0.0,0,0,202.41212654874937,152.41212654874937,152.41212654874937,< ₹1 Cr
P0356,2019,Lockie Ferguson,Bowler,Overseas,,160.0,KKR,1,1,1,0,0,0,0,100.0,1,1,100.0,0,0,1,0,0,100.0,1,3,78,93,0,0,0,7.153846153846153,3,7.153846153846153,78,3,78,7.153846153846153,1,50.0,1.0,1,1,172.71214118934833,12.71214118934833,12.71214118934833,₹1–2 Cr
P0356,2022,Lockie Ferguson,Bowler,Overseas,,1000.0,GT,62,41,4,0,0,5,2,151.21951219512195,18,11,163.63636363636365,0,0,62,0,0,151.21951219512195,3,24,479,648,2,0,0,8.116910229645095,13,7.466666666666667,180,21,401,8.30423940149626,4,160.0,2.0,1,1,719.7939252403678,-280.2060747596322,280.2060747596322,₹10+ Cr
P0359,2023,Vivrant Sharma,All-Rounder,Indian,20.0,260.0,SRH,0,0,0,0,0,0,0,0.0,0,0,0.0,0,0,0,0,0,0.0,0,0,0,0,0,0,0,0.0,0,0.0,0,0,0,0.0,0,0.0,0.0,0,0,112.9879307388618,-147.0120692611382,147.0120692611382,₹2–5 Cr
P0361,2023,Urvil Patel,Wicket-Keeper,Indian,20.0,20.0,GT,0,0,0,0,0,0,0,0.0,0,0,0.0,0,0,0,0,0,0.0,0,0,0,0,0,0,0,0.0,0,0.0,0,0,0,0.0,0,0.0,0.0,0,0,90.85676286851051,70.85676286851051,70.85676286851051,< ₹1 Cr
P0362,2014,Jasprit Bumrah,Bowler,Indian,,120.0,MI,0,0,0,0,0,0,0,0.0,0,0,0.0,0,0,0,0,0,0.0,0,3,42,70,1,0,0,10.0,3,10.0,42,3,42,10.0,1,0.0,0.0,0,1,102.84343574573553,-17.156564254264467,17.156564254264467,₹1–2 Cr
P0364,2008,Ramesh Powar,Bowler,Indian,,100.0,PBKS,0,0,0,0,0,0,0,0.0,0,0,0.0,0,0,0,0,0,0.0,0,0,0,0,0,0,0,0.0,0,0.0,0,0,0,0.0,0,0.0,0.0,0,0,118.97564863234453,18.97564863234453,18.97564863234453,₹1–2 Cr
P0364,2011,Ramesh Powar,,Indian,45.0,72.0,KTK,56,51,6,0,0,6,1,109.80392156862746,5,8,62.5,0,0,56,0,0,109.80392156862746,3,11,336,383,0,0,0,6.8392857142857135,3,6.9565217391304355,138,11,336,6.8392857142857135,3,100.0,1.0,1,1,129.75938092071993,57.759380920719934,57.759380920719934,< ₹1 Cr
P0364,2012,Ramesh Powar,,Indian,50.0,80.0,PBKS,67,64,9,0,0,6,1,104.6875,11,13,84.61538461538461,0,0,39,0,0,90.69767441860465,4,13,408,495,0,0,0,7.279411764705882,2,9.333333333333334,72,10,336,7.2142857142857135,4,72.0,2.0,1,1,109.72701199711854,29.727011997118538,29.727011997118538,< ₹1 Cr
P0367,2022,Glenn Phillips,Wicket-Keeper,Overseas,,150.0,SRH,26,33,3,0,0,1,2,78.78787878787878,26,33,78.78787878787878,0,0,26,0,0,78.78787878787878,1,1,12,20,0,0,0,10.0,1,10.0,12,1,12,10.0,1,0.0,0.0,1,1,148.267724306233,-1.7322756937670079,1.7322756937670079,₹1–2 Cr
P0368,2010,Wayne Parnell,All-Rounder,Overseas,,274.5,DC,0,0,0,0,0,0,0,0.0,0,0,0.0,0,0,0,0,0,0.0,0,0,0,0,0,0,0,0.0,0,0.0,0,0,0,0.0,0,0.0,0.0,0,0,268.5313619705029,-5.968638029497072,5.968638029497072,₹2–5 Cr
P0368,2011,Wayne Parnell,,Overseas,22.5,67.5,PWI,0,0,0,0,0,0,0,0.0,0,0,0.0,0,0,0,0,0,0.0,0,0,0,0,0,0,0,0.0,0,0.0,0,0,0,0.0,0,274.5,1.0,0,0,149.35272073698104,81.85272073698104,81.85272073698104,< ₹1 Cr
P0368,2014,Wayne Parnell,Bowler,Overseas,,100.0,DC,61,73,11,0,0,4,1,83.56164383561644,5,7,71.42857142857143,0,0,61,0,0,83.56164383561644,3,20,391,478,2,0,0,7.335038363171355,6,9.235955056179776,89,20,391,7.335038363171355,3,67.5,2.0,1,1,171.05682562285148,71.05682562285148,71.05682562285148,₹1–2 Cr
P0369,2021,Kyle Jamieson,Bowler,Overseas,75.0,1500.0,RCB,0,0,0,0,0,0,0,0.0,0,0,0.0,0,0,0,0,0,0.0,0,0,0,0,0,0,0,0.0,0,0.0,0,0,0,0.0,0,0.0,0.0,0,0,202.41212654874937,-1297.5878734512507,1297.5878734512507,₹10+ Cr
P0369,2023,Kyle Jamieson,Bowler,Overseas,100.0,100.0,CSK,65,55,7,0,0,5,3,118.18181818181819,65,55,118.18181818181819,0,0,65,0,0,118.18181818181819,1,9,168,269,1,0,0,9.607142857142858,9,9.607142857142858,168,9,168,9.607142857142858,1,1500.0,1.0,1,1,218.2439601123506,118.2439601123506,118.2439601123506,₹1–2 Cr
P0369,2026,Kyle Jamieson,Bowler,Overseas,,200.0,DC,65,60,9,0,0,5,3,108.33333333333333,0,5,0.0,0,0,65,0,0,108.33333333333333,2,14,258,416,2,0,0,9.674418604651162,5,9.8,90,14,258,9.674418604651162,2,100.0,2.0,1,1,166.14927431251309,-33.850725687486914,33.850725687486914,₹2–5 Cr
P0372,2009,Andrew Flintoff,All-Rounder,Overseas,,744.0,CSK,0,0,0,0,0,0,0,0.0,0,0,0.0,0,0,0,0,0,0.0,0,0,0,0,0,0,0,0.0,0,0.0,0,0,0,0.0,0,0.0,0.0,0,0,268.5313619705029,-475.4686380294971,475.4686380294971,₹5–10 Cr
P0374,2015,Sheldon Jackson,Batsman,Indian,,15.0,KKR,0,0,0,0,0,0,0,0.0,0,0,0.0,0,0,0,0,0,0.0,0,0,0,0,0,0,0,0.0,0,0.0,0,0,0,0.0,0,0.0,0.0,0,0,109.70681158718025,94.70681158718025,94.70681158718025,< ₹1 Cr
P0374,2021,Sheldon Jackson,Wicket-Keeper,Indian,20.0,20.0,KKR,38,31,3,0,0,5,0,122.58064516129032,38,31,122.58064516129032,0,0,38,0,0,122.58064516129032,1,0,0,0,0,0,0,0.0,0,0.0,0,0,0,0.0,0,15.0,1.0,1,0,61.34556508777719,41.34556508777719,41.34556508777719,< ₹1 Cr
P0374,2022,Sheldon Jackson,Wicket-Keeper,Indian,,60.0,KKR,38,31,3,0,0,5,0,122.58064516129032,38,31,122.58064516129032,0,0,38,0,0,122.58064516129032,1,0,0,0,0,0,0,0.0,0,0.0,0,0,0,0.0,0,20.0,2.0,1,0,63.258338897427514,3.258338897427514,3.258338897427514,< ₹1 Cr
P0375,2014,Sandeep Sharma,Bowler,Indian,,85.0,PBKS,0,1,1,0,0,0,0,0.0,0,1,0.0,0,0,0,0,0,0.0,1,8,96,119,2,0,0,7.4375,8,7.4375,96,8,96,7.4375,1,0.0,0.0,1,1,121.17885292591309,36.17885292591309,36.17885292591309,< ₹1 Cr
P0375,2018,Sandeep Sharma,Bowler,Indian,,300.0,SRH,26,35,11,0,0,1,0,74.28571428571429,7,6,116.66666666666667,0,0,24,0,0,82.75862068965517,5,71,1225,1587,7,2,0,7.773061224489796,17,8.291666666666666,288,45,888,7.527027027027026,5,85.0,1.0,1,1,309.8604350969082,9.86043509690819,9.86043509690819,₹2–5 Cr
P0375,2022,Sandeep Sharma,Bowler,Indian,,50.0,PBKS,52,64,23,0,0,4,0,81.25,8,7,114.28571428571428,0,0,26,0,0,104.0,9,112,2198,2849,9,2,0,7.777070063694268,3,8.638297872340425,141,29,709,7.861777150916784,9,300.0,2.0,1,1,162.56543864776606,112.56543864776606,112.56543864776606,< ₹1 Cr
P0379,2008,Ishant Sharma,Bowler,Indian,,550.0,KKR,0,0,0,0,0,0,0,0.0,0,0,0.0,0,0,0,0,0,0.0,0,0,0,0,0,0,0,0.0,0,0.0,0,0,0,0.0,0,0.0,0.0,0,0,118.97564863234453,-431.02435136765547,431.02435136765547,₹5–10 Cr
P0379,2011,Ishant Sharma,,Indian,90.0,191.25,DCH,33,41,10,0,0,2,1,80.48780487804879,6,17,35.294117647058826,0,0,33,0,0,80.48780487804879,3,25,661,862,0,0,0,7.8245083207261725,7,9.44,150,25,661,7.8245083207261725,3,550.0,1.0,1,1,235.3309623554847,44.0809623554847,44.0809623554847,₹1–2 Cr
P0379,2014,Ishant Sharma,Bowler,Indian,,260.0,SRH,37,46,14,0,0,2,1,80.43478260869566,4,5,80.0,0,0,26,0,0,74.28571428571429,4,51,1283,1642,1,0,1,7.67887763055339,15,7.810055865921788,358,33,772,7.896373056994818,5,191.25,2.0,1,1,288.5866188033807,28.586618803380702,28.586618803380702,₹2–5 Cr
P0379,2016,Ishant Sharma,Bowler,Indian,,380.0,RPS,37,46,14,0,0,2,1,80.43478260869566,4,5,80.0,0,0,26,0,0,74.28571428571429,4,55,1433,1902,1,0,1,7.963712491277041,1,11.357142857142858,84,19,508,8.574803149606298,7,260.0,3.0,1,1,279.41292044143825,-100.58707955856175,100.58707955856175,₹2–5 Cr
P0379,2019,Ishant Sharma,Bowler,Indian,,110.0,DC,45,58,17,0,0,3,1,77.58620689655173,8,12,66.66666666666666,0,0,18,0,0,52.94117647058824,5,58,1631,2229,1,0,1,8.199877375843041,0,9.944444444444445,108,4,282,10.340425531914892,9,380.0,4.0,1,1,152.59397444551962,42.59397444551962,42.59397444551962,₹1–2 Cr
P0379,2023,Ishant Sharma,Bowler,Indian,50.0,50.0,DC,55,61,18,0,0,4,2,90.1639344262295,10,3,333.33333333333337,0,0,22,0,0,110.00000000000001,6,72,1997,2701,2,0,1,8.115172759138709,1,8.083333333333334,72,14,366,7.7377049180327875,12,110.0,5.0,1,1,121.69018830379997,71.69018830379997,71.69018830379997,< ₹1 Cr
P0380,2021,Vishnu Vinod,Wicket-Keeper,Indian,20.0,20.0,DC,19,26,3,0,0,1,1,73.07692307692307,19,26,73.07692307692307,0,0,19,0,0,73.07692307692307,1,0,0,0,0,0,0,0.0,0,0.0,0,0,0,0.0,0,0.0,0.0,1,0,62.810500547905335,42.810500547905335,42.810500547905335,< ₹1 Cr
P0380,2022,Vishnu Vinod,Wicket-Keeper,Indian,,50.0,SRH,19,26,3,0,0,1,1,73.07692307692307,19,26,73.07692307692307,0,0,19,0,0,73.07692307692307,1,0,0,0,0,0,0,0.0,0,0.0,0,0,0,0.0,0,20.0,1.0,1,0,59.85373129842729,9.853731298427292,9.853731298427292,< ₹1 Cr
P0380,2023,Vishnu Vinod,Wicket-Keeper,Indian,20.0,20.0,MI,19,26,3,0,0,1,1,73.07692307692307,19,26,73.07692307692307,0,0,19,0,0,73.07692307692307,1,0,0,0,0,0,0,0.0,0,0.0,0,0,0,0.0,0,50.0,2.0,1,0,64.28889927860153,44.288899278601534,44.288899278601534,< ₹1 Cr
P0385,2018,Dushmantha Chameera,Bowler,Overseas,,50.0,RR,0,0,0,0,0,0,0,0.0,0,0,0.0,0,0,0,0,0,0.0,0,0,0,0,0,0,0,0.0,0,0.0,0,0,0,0.0,0,0.0,0.0,0,0,202.41212654874937,152.41212654874937,152.41212654874937,< ₹1 Cr
P0386,2008,Shoaib Malik,All-Rounder,Overseas,,125.0,DC,0,0,0,0,0,0,0,0.0,0,0,0.0,0,0,0,0,0,0.0,0,0,0,0,0,0,0,0.0,0,0.0,0,0,0,0.0,0,0.0,0.0,0,0,268.5313619705029,143.53136197050293,143.53136197050293,₹1–2 Cr
P0387,2012,R P Singh,,Indian,100.0,300.0,MI,46,64,23,0,0,2,1,71.875,2,4,50.0,0,0,19,0,0,47.5,4,64,1218,1574,5,2,0,7.753694581280788,13,6.8999999999999995,300,49,910,7.463736263736264,4,0.0,0.0,1,1,285.1458725847509,-14.854127415249081,14.854127415249081,₹2–5 Cr
P0388,2018,Shivam Mavi,All-Rounder,Indian,,300.0,KKR,0,0,0,0,0,0,0,0.0,0,0,0.0,0,0,0,0,0,0.0,0,0,0,0,0,0,0,0.0,0,0.0,0,0,0,0.0,0,0.0,0.0,0,0,112.9879307388618,-187.0120692611382,187.0120692611382,₹2–5 Cr
P0388,2022,Shivam Mavi,All-Rounder,Indian,,725.0,KKR,48,49,8,0,0,4,2,97.95918367346938,25,20,125.0,0,0,48,0,0,97.95918367346938,3,25,517,715,0,1,0,8.297872340425533,11,7.243523316062177,193,25,517,8.297872340425533,3,300.0,1.0,1,1,523.5324162512205,-201.46758374877948,201.46758374877948,₹5–10 Cr
P0388,2023,Shivam Mavi,Bowler,Indian,40.0,600.0,GT,51,56,11,0,0,4,2,91.07142857142857,3,7,42.857142857142854,0,0,38,0,0,92.6829268292683,4,30,649,942,0,1,0,8.708782742681048,5,10.318181818181818,132,25,481,8.382536382536383,4,725.0,2.0,1,1,387.8355348399049,-212.16446516009512,212.16446516009512,₹5–10 Cr
P0388,2026,Shivam Mavi,Unknown,Indian,,75.0,SRH,51,56,11,0,0,4,2,91.07142857142857,3,7,42.857142857142854,0,0,38,0,0,92.6829268292683,4,30,649,942,0,1,0,8.708782742681048,5,10.318181818181818,132,25,481,8.382536382536383,4,600.0,3.0,1,1,229.81262291018894,154.81262291018894,154.81262291018894,< ₹1 Cr
P0391,2013,Ravi Rampaul,Bowler,Overseas,,217.5,RCB,0,0,0,0,0,0,0,0.0,0,0,0.0,0,0,0,0,0,0.0,0,0,0,0,0,0,0,0.0,0,0.0,0,0,0,0.0,0,0.0,0.0,0,0,202.41212654874937,-15.08787345125063,15.08787345125063,₹2–5 Cr
P0391,2014,Ravi Rampaul,Bowler,Overseas,,90.0,RCB,38,37,6,0,0,3,1,102.7027027027027,38,37,102.7027027027027,0,0,38,0,0,102.7027027027027,1,13,226,261,1,0,0,6.929203539823009,13,6.929203539823009,226,13,226,6.929203539823009,1,217.5,1.0,1,1,232.4132681881627,142.4132681881627,142.4132681881627,< ₹1 Cr
P0394,2014,Varun Aaron,Bowler,Indian,,200.0,RCB,1,8,3,0,0,0,0,12.5,1,3,33.33333333333333,0,0,1,0,0,12.5,2,10,258,353,0,0,0,8.209302325581396,8,8.741935483870968,186,10,258,8.209302325581396,2,0.0,0.0,1,1,146.04787867046863,-53.952121329531366,53.952121329531366,₹2–5 Cr
P0394,2017,Varun Aaron,Bowler,Indian,,280.0,PBKS,42,45,7,0,0,2,2,93.33333333333333,6,3,200.0,0,0,42,0,0,105.0,4,31,724,1056,1,0,0,8.751381215469614,2,9.591549295774648,142,21,466,9.051502145922747,5,200.0,1.0,1,1,236.8930754602973,-43.1069245397027,43.1069245397027,₹2–5 Cr
P0394,2019,Varun Aaron,Bowler,Indian,,240.0,RR,46,55,9,0,0,2,2,83.63636363636363,4,10,40.0,0,0,45,0,0,95.74468085106383,5,38,844,1219,1,0,0,8.665876777251185,7,8.15,120,12,366,9.295081967213115,6,280.0,2.0,1,1,215.26474033849584,-24.73525966150416,24.73525966150416,₹2–5 Cr
P0394,2022,Varun Aaron,Bowler,Indian,,50.0,GT,50,72,12,0,0,2,2,69.44444444444444,1,10,10.0,0,0,8,0,0,29.629629629629626,7,42,964,1429,1,0,0,8.894190871369295,0,11.75,48,11,240,9.325,8,240.0,3.0,1,1,135.39531854854584,85.39531854854584,85.39531854854584,< ₹1 Cr
P0396,2019,Anrich Nortje,Bowler,Overseas,,20.0,KKR,0,0,0,0,0,0,0,0.0,0,0,0.0,0,0,0,0,0,0.0,0,0,0,0,0,0,0,0.0,0,0.0,0,0,0,0.0,0,0.0,0.0,0,0,202.41212654874937,182.41212654874937,182.41212654874937,< ₹1 Cr
P0396,2026,Anrich Nortje,Unknown,Overseas,,200.0,LSG,49,49,13,0,0,6,0,100.0,4,8,50.0,0,0,42,0,0,97.67441860465115,4,61,1096,1657,4,0,0,9.071167883211679,1,11.857142857142858,42,18,414,10.73913043478261,6,20.0,1.0,1,1,200.13241476729294,0.13241476729294277,0.13241476729294277,₹2–5 Cr
P0397,2009,Amit Paunikar,Bowler,Indian,,30.0,DC,0,0,0,0,0,0,0,0.0,0,0,0.0,0,0,0,0,0,0.0,0,0,0,0,0,0,0,0.0,0,0.0,0,0,0,0.0,0,0.0,0.0,0,0,118.97564863234453,88.97564863234453,88.97564863234453,< ₹1 Cr
P0397,2014,Amit Paunikar,Wicket-Keeper,Indian,,20.0,SRH,49,58,5,0,0,9,0,84.48275862068965,49,57,85.96491228070175,0,0,49,0,0,84.48275862068965,2,0,0,0,0,0,0,0.0,0,0.0,0,0,0,0.0,0,30.0,1.0,1,0,66.8962661008997,46.896266100899695,46.896266100899695,< ₹1 Cr
P0399,2018,Mayank Markande,Bowler,Indian,,20.0,MI,0,0,0,0,0,0,0,0.0,0,0,0.0,0,0,0,0,0,0.0,0,0,0,0,0,0,0,0.0,0,0.0,0,0,0,0.0,0,0.0,0.0,0,0,118.97564863234453,98.97564863234453,98.97564863234453,< ₹1 Cr
P0399,2022,Mayank Markande,Bowler,Indian,,65.0,MI,27,29,7,0,0,3,0,93.10344827586206,6,5,120.0,0,0,27,0,0,93.10344827586206,2,16,318,453,1,1,0,8.547169811320755,0,8.666666666666666,18,16,318,8.547169811320755,3,20.0,1.0,1,1,107.5864901921259,42.58649019212589,42.58649019212589,< ₹1 Cr
P0399,2023,Mayank Markande,Bowler,Indian,50.0,50.0,SRH,27,29,7,0,0,3,0,93.10344827586206,6,5,120.0,0,0,27,0,0,93.10344827586206,2,17,360,510,1,1,0,8.5,1,8.142857142857142,42,2,96,8.875,4,65.0,2.0,1,1,89.24214920542752,39.24214920542752,39.24214920542752,< ₹1 Cr
P0403,2020,Ravi Bishnoi,Bowler,Indian,,200.0,PBKS,0,0,0,0,0,0,0,0.0,0,0,0.0,0,0,0,0,0,0.0,0,0,0,0,0,0,0,0.0,0,0.0,0,0,0,0.0,0,0.0,0.0,0,0,118.97564863234453,-81.02435136765547,81.02435136765547,₹2–5 Cr
P0403,2026,Ravi Bishnoi,Unknown,Indian,,720.0,RR,45,66,16,0,0,2,2,68.18181818181817,13,16,81.25,0,0,37,0,0,75.51020408163265,6,72,1633,2237,4,0,0,8.219228413962034,9,10.837837837837839,222,35,787,8.958068614993646,6,200.0,1.0,1,1,482.85263851064207,-237.14736148935793,237.14736148935793,₹5–10 Cr
P0404,2022,Daniel Sams,All-Rounder,Overseas,,260.0,MI,6,8,3,0,0,0,0,75.0,6,6,100.0,0,0,6,0,0,75.0,2,1,108,153,0,0,0,8.5,1,6.5,36,1,108,8.5,2,0.0,0.0,1,1,267.7084159464087,7.7084159464087065,7.7084159464087065,₹2–5 Cr
P0404,2023,Daniel Sams,All-Rounder,Overseas,75.0,75.0,LSG,44,44,13,0,0,1,3,100.0,38,36,105.55555555555556,0,0,44,0,0,100.0,3,14,360,523,1,1,0,8.716666666666667,13,8.809523809523808,252,14,360,8.716666666666667,3,260.0,1.0,1,1,259.6937318247196,184.69373182471958,184.69373182471958,< ₹1 Cr
P0405,2022,Dwaine Pretorius,All-Rounder,Overseas,,50.0,CSK,0,0,0,0,0,0,0,0.0,0,0,0.0,0,0,0,0,0,0.0,0,0,0,0,0,0,0,0.0,0,0.0,0,0,0,0.0,0,0.0,0.0,0,0,268.5313619705029,218.53136197050293,218.53136197050293,< ₹1 Cr
P0409,2008,Ashish Nehra,Bowler,Indian,,100.0,MI,0,0,0,0,0,0,0,0.0,0,0,0.0,0,0,0,0,0,0.0,0,0,0,0,0,0,0,0.0,0,0.0,0,0,0,0.0,0,0.0,0.0,0,0,118.97564863234453,18.97564863234453,18.97564863234453,₹1–2 Cr
P0409,2010,Ashish Nehra,Bowler,Indian,,50.0,DC,4,14,4,0,0,0,0,28.57142857142857,1,1,100.0,0,0,4,0,0,28.57142857142857,2,31,575,694,3,0,0,7.241739130434783,19,6.784313725490196,306,31,575,7.241739130434783,2,100.0,1.0,1,1,161.13312682895096,111.13312682895096,111.13312682895096,< ₹1 Cr
P0409,2011,Ashish Nehra,,Indian,135.0,382.5,PWI,27,34,6,0,0,2,1,79.41176470588235,23,20,114.99999999999999,0,0,27,0,0,79.41176470588235,3,37,659,790,4,0,0,7.1927162367223065,6,6.857142857142857,84,37,659,7.1927162367223065,3,50.0,2.0,1,1,248.80349259917975,-133.69650740082025,133.69650740082025,₹2–5 Cr
P0409,2014,Ashish Nehra,Bowler,Indian,,200.0,CSK,39,54,12,0,0,3,1,72.22222222222221,1,8,12.5,0,0,35,0,0,87.5,5,59,1163,1508,5,0,0,7.779879621668099,11,8.777777777777779,216,28,588,8.306122448979593,5,382.5,3.0,1,1,266.2661850421822,66.2661850421822,66.2661850421822,₹2–5 Cr
P0409,2016,Ashish Nehra,Bowler,Indian,,550.0,SRH,40,61,16,0,0,3,1,65.57377049180327,1,7,14.285714285714285,0,0,13,0,0,48.148148148148145,6,89,1625,2099,10,1,0,7.750153846153847,22,7.241935483870968,372,41,678,8.026548672566372,7,200.0,4.0,1,1,494.3676271269242,-55.63237287307578,55.63237287307578,₹5–10 Cr
P0411,2014,Jayant Yadav,All-Rounder,Indian,,10.0,DC,0,0,0,0,0,0,0,0.0,0,0,0.0,0,0,0,0,0,0.0,0,0,0,0,0,0,0,0.0,0,0.0,0,0,0,0.0,0,0.0,0.0,0,0,112.9879307388618,102.9879307388618,102.9879307388618,< ₹1 Cr
P0411,2018,Jayant Yadav,All-Rounder,Indian,,50.0,DC,6,10,2,0,0,0,0,60.0,6,10,60.0,0,0,6,0,0,60.0,1,4,180,196,0,0,0,6.533333333333333,0,7.0,36,4,180,6.533333333333333,3,10.0,1.0,1,1,90.20377783604744,40.203777836047436,40.203777836047436,< ₹1 Cr
P0411,2022,Jayant Yadav,All-Rounder,Indian,,170.0,GT,40,36,4,0,0,2,1,111.11111111111111,34,26,130.76923076923077,0,0,40,0,0,111.11111111111111,2,8,366,419,0,0,0,6.868852459016393,2,7.647058823529411,102,4,186,7.193548387096774,6,50.0,2.0,1,1,126.23863455592632,-43.761365444073675,43.761365444073675,₹1–2 Cr
P0412,2014,Ben Dunk,Wicket-Keeper,Overseas,,20.0,MI,0,0,0,0,0,0,0,0.0,0,0,0.0,0,0,0,0,0,0.0,0,0,0,0,0,0,0,0.0,0,0.0,0,0,0,0.0,0,0.0,0.0,0,0,119.9781973269935,99.9781973269935,99.9781973269935,< ₹1 Cr
P0416,2008,Munaf Patel,Bowler,Indian,,175.0,RR,0,0,0,0,0,0,0,0.0,0,0,0.0,0,0,0,0,0,0.0,0,0,0,0,0,0,0,0.0,0,0.0,0,0,0,0.0,0,0.0,0.0,0,0,118.97564863234453,-56.02435136765547,56.02435136765547,₹1–2 Cr
P0416,2011,Munaf Patel,,Indian,45.0,315.0,MI,37,32,8,0,0,5,0,115.625,4,5,80.0,0,0,37,0,0,115.625,3,33,617,779,1,0,0,7.575364667747165,3,9.076923076923077,78,33,617,7.575364667747165,3,175.0,1.0,1,1,193.70752176041202,-121.29247823958798,121.29247823958798,₹2–5 Cr
P0416,2017,Munaf Patel,Bowler,Indian,,30.0,GL,39,40,11,0,0,5,0,97.5,2,7,28.57142857142857,0,0,6,0,0,46.15384615384615,5,73,1313,1641,4,2,1,7.498857578065499,3,9.133333333333333,90,40,696,7.43103448275862,6,315.0,2.0,1,1,159.1553569465425,129.1553569465425,129.1553569465425,< ₹1 Cr
P0417,2014,Shahbaz Nadeem,Bowler,Indian,,85.0,DC,14,30,8,0,0,1,0,46.666666666666664,14,27,51.85185185185185,0,0,14,0,0,46.666666666666664,3,21,648,719,1,0,0,6.6574074074074066,9,5.886363636363637,264,21,648,6.6574074074074066,3,0.0,0.0,1,1,139.3400868442226,54.34008684422261,54.34008684422261,< ₹1 Cr
P0417,2018,Shahbaz Nadeem,Bowler,Indian,,320.0,DC,26,70,16,0,0,1,0,37.142857142857146,2,9,22.22222222222222,0,0,5,0,0,23.809523809523807,7,37,1115,1319,1,0,0,7.097757847533632,6,6.672897196261682,107,8,239,7.2552301255230125,7,85.0,1.0,1,1,212.16355027911985,-107.83644972088015,107.83644972088015,₹2–5 Cr
P0417,2022,Shahbaz Nadeem,Bowler,Indian,,50.0,LSG,39,87,20,0,0,2,0,44.827586206896555,0,1,0.0,0,0,13,0,0,76.47058823529412,10,48,1415,1784,1,0,0,7.564664310954063,1,9.0,24,8,210,8.685714285714285,11,320.0,2.0,1,1,115.66142186539781,65.66142186539781,65.66142186539781,< ₹1 Cr
P0419,2022,Yuzvendra Chahal,Bowler,Indian,,650.0,RR,32,78,15,0,0,0,0,41.02564102564102,10,27,37.03703703703704,0,0,17,0,0,36.95652173913043,7,139,2448,3097,9,2,0,7.590686274509803,18,7.056603773584905,318,57,957,7.3040752351097185,9,0.0,0.0,1,1,409.1684587990932,-240.83154120090683,240.83154120090683,₹5–10 Cr
P0421,2008,Sohail Tanvir,Bowler,Overseas,,50.0,RR,0,0,0,0,0,0,0,0.0,0,0,0.0,0,0,0,0,0,0.0,0,0,0,0,0,0,0,0.0,0,0.0,0,0,0,0.0,0,0.0,0.0,0,0,202.41212654874937,152.41212654874937,152.41212654874937,< ₹1 Cr
P0422,2014,Abu Nechim Ahmed,Bowler,Indian,,30.0,RCB,22,20,2,0,0,1,1,110.00000000000001,18,13,138.46153846153845,0,0,22,0,0,110.00000000000001,2,8,186,257,0,0,0,8.290322580645162,3,6.428571428571429,42,8,174,7.965517241379311,4,0.0,0.0,1,1,80.34777481825681,50.34777481825681,50.34777481825681,< ₹1 Cr
P0423,2011,Lakshmipathy Balaji,,Indian,45.0,213.75,KKR,22,34,7,0,0,1,1,64.70588235294117,18,20,90.0,0,0,22,0,0,64.70588235294117,3,31,562,809,1,1,1,8.637010676156585,7,8.871428571428572,140,31,562,8.637010676156585,3,0.0,0.0,1,1,207.67868319679724,-6.0713168032027625,6.0713168032027625,₹2–5 Cr
P0423,2014,Lakshmipathy Balaji,Bowler,Indian,,180.0,PBKS,35,46,11,0,0,2,1,76.08695652173914,9,10,90.0,0,0,31,0,0,96.875,5,64,1308,1729,3,2,1,7.931192660550459,12,7.74,300,33,746,7.399463806970509,6,213.75,1.0,1,1,254.60556097548294,74.60556097548294,74.60556097548294,₹1–2 Cr
P0424,2008,Joginder Sharma,All-Rounder,Indian,,125.0,CSK,0,0,0,0,0,0,0,0.0,0,0,0.0,0,0,0,0,0,0.0,0,0,0,0,0,0,0,0.0,0,0.0,0,0,0,0.0,0,0.0,0.0,0,0,112.9879307388618,-12.012069261138194,12.012069261138194,₹1–2 Cr
P0424,2011,Joginder Sharma,,Indian,45.0,63.0,CSK,36,29,4,0,0,1,2,124.13793103448276,20,18,111.11111111111111,0,0,36,0,0,124.13793103448276,2,12,238,385,0,0,0,9.705882352941178,2,11.125,48,12,238,9.705882352941178,3,125.0,1.0,1,1,116.87072197674178,53.87072197674178,53.87072197674178,< ₹1 Cr
P0425,2013,Kane Richardson,Bowler,Overseas,,525.0,PWI,0,0,0,0,0,0,0,0.0,0,0,0.0,0,0,0,0,0,0.0,0,0,0,0,0,0,0,0.0,0,0.0,0,0,0,0.0,0,0.0,0.0,0,0,202.41212654874937,-322.58787345125063,322.58787345125063,₹5–10 Cr
P0425,2014,Kane Richardson,Bowler,Overseas,,100.0,RR,34,36,2,0,0,2,1,94.44444444444444,34,36,94.44444444444444,0,0,34,0,0,94.44444444444444,1,2,71,101,0,0,0,8.535211267605634,2,8.535211267605634,71,2,71,8.535211267605634,1,525.0,1.0,1,1,174.78183601536617,74.78183601536617,74.78183601536617,₹1–2 Cr
P0425,2016,Kane Richardson,Bowler,Overseas,,200.0,RCB,35,38,3,0,0,2,1,92.10526315789474,1,2,50.0,0,0,35,0,0,92.10526315789474,2,11,233,307,0,0,0,7.905579399141631,9,7.62962962962963,162,11,233,7.905579399141631,2,100.0,2.0,1,1,180.81171491746613,-19.188285082533866,19.188285082533866,₹2–5 Cr
P0425,2020,Kane Richardson,Bowler,Overseas,,400.0,RCB,36,39,4,0,0,2,1,92.3076923076923,1,1,100.0,0,0,36,0,0,92.3076923076923,3,18,317,443,1,0,0,8.384858044164037,7,9.714285714285715,84,18,317,8.384858044164037,3,200.0,3.0,1,1,224.69396832647632,-175.30603167352368,175.30603167352368,₹2–5 Cr
P0426,2014,Anureet Singh,Bowler,Indian,,20.0,PBKS,0,0,0,0,0,0,0,0.0,0,0,0.0,0,0,0,0,0,0.0,0,2,30,47,0,0,0,9.4,2,9.4,30,2,30,9.4,1,0.0,0.0,0,1,83.03440901068326,63.03440901068326,63.03440901068326,< ₹1 Cr
P0426,2018,Anureet Singh,Bowler,Indian,,30.0,RR,33,43,7,0,0,2,1,76.74418604651163,15,12,125.0,0,0,33,0,0,76.74418604651163,2,17,388,581,1,0,0,8.984536082474227,0,13.0,12,15,358,8.949720670391061,4,20.0,1.0,1,1,105.41993640563739,75.41993640563739,75.41993640563739,< ₹1 Cr
P0427,2008,Anil Kumble,Bowler,Indian,,125.0,RCB,0,0,0,0,0,0,0,0.0,0,0,0.0,0,0,0,0,0,0.0,0,0,0,0,0,0,0,0.0,0,0.0,0,0,0,0.0,0,0.0,0.0,0,0,118.97564863234453,-6.02435136765547,6.02435136765547,₹1–2 Cr
P0427,2010,Anil Kumble,Bowler,Indian,,200.0,RCB,29,36,10,0,0,3,0,80.55555555555556,16,19,84.21052631578947,0,0,29,0,0,80.55555555555556,2,28,585,651,1,1,1,6.676923076923077,21,5.864788732394366,355,28,585,6.676923076923077,2,125.0,1.0,1,1,259.6694711321219,59.669471132121885,59.669471132121885,₹2–5 Cr
P0428,2016,M Ashwin,Bowler,Indian,,450.0,RPS,0,0,0,0,0,0,0,0.0,0,0,0.0,0,0,0,0,0,0.0,0,0,0,0,0,0,0,0.0,0,0.0,0,0,0,0.0,0,0.0,0.0,0,0,118.97564863234453,-331.02435136765547,331.02435136765547,₹2–5 Cr
P0428,2017,M Ashwin,Bowler,Indian,,100.0,DC,0,1,1,0,0,0,0,0.0,0,1,0.0,0,0,0,0,0,0.0,1,7,171,241,1,0,0,8.456140350877194,7,8.456140350877194,171,7,171,8.456140350877194,1,450.0,1.0,1,1,175.87202360140543,75.87202360140543,75.87202360140543,₹1–2 Cr
P0428,2018,M Ashwin,Bowler,Indian,,220.0,RCB,0,1,1,0,0,0,0,0.0,0,1,0.0,0,0,0,0,0,0.0,1,7,171,241,1,0,0,8.456140350877194,7,8.456140350877194,171,7,171,8.456140350877194,1,100.0,2.0,1,1,166.635151616814,-53.364848383186,53.364848383186,₹2–5 Cr
P0428,2019,M Ashwin,Bowler,Indian,,20.0,PBKS,1,3,2,0,0,0,0,33.33333333333333,1,2,50.0,0,0,1,0,0,33.33333333333333,2,10,213,294,1,0,0,8.28169014084507,3,7.571428571428571,42,10,213,8.28169014084507,2,220.0,3.0,1,1,103.43502438875389,83.43502438875389,83.43502438875389,< ₹1 Cr
P0431,2008,S Sreesanth,Bowler,Indian,,275.0,PBKS,0,0,0,0,0,0,0,0.0,0,0,0.0,0,0,0,0,0,0.0,0,0,0,0,0,0,0,0.0,0,0.0,0,0,0,0.0,0,0.0,0.0,0,0,118.97564863234453,-156.02435136765547,156.02435136765547,₹2–5 Cr
P0433,2010,Abhimanyu Mithun,Bowler,Indian,,30.0,RCB,0,0,0,0,0,0,0,0.0,0,0,0.0,0,0,0,0,0,0.0,0,0,24,42,0,0,0,10.5,0,10.5,24,0,24,10.5,1,0.0,0.0,0,1,95.76388576208498,65.76388576208498,65.76388576208498,< ₹1 Cr
P0433,2011,Abhimanyu Mithun,,Indian,22.5,112.5,RCB,5,4,1,0,0,1,0,125.0,5,4,125.0,0,0,5,0,0,125.0,1,1,42,81,0,0,0,11.571428571428571,1,13.0,18,1,42,11.571428571428571,2,30.0,1.0,1,1,103.51153999966222,-8.988460000337781,8.988460000337781,₹1–2 Cr
P0433,2015,Abhimanyu Mithun,Bowler,Indian,,30.0,MI,34,26,6,0,0,4,1,130.76923076923077,2,2,100.0,0,0,34,0,0,130.76923076923077,3,7,288,472,0,0,0,9.833333333333332,1,9.25,24,6,246,9.536585365853657,5,112.5,2.0,1,1,89.1812789891176,59.1812789891176,59.1812789891176,< ₹1 Cr
P0433,2016,Abhimanyu Mithun,Bowler,Indian,,30.0,SRH,34,26,6,0,0,4,1,130.76923076923077,2,2,100.0,0,0,34,0,0,130.76923076923077,3,7,288,472,0,0,0,9.833333333333332,1,9.25,24,6,246,9.536585365853657,5,30.0,3.0,1,1,86.03890822031417,56.03890822031417,56.03890822031417,< ₹1 Cr
P0435,2018,Imran Tahir,Bowler,Overseas,,100.0,CSK,18,25,6,0,0,3,0,72.0,0,2,0.0,0,0,10,0,0,66.66666666666666,4,47,716,992,8,1,0,8.312849162011174,18,7.851063829787234,282,38,591,8.33502538071066,4,0.0,0.0,1,1,268.1764919852931,168.17649198529313,168.17649198529313,₹1–2 Cr
P0436,2017,Navdeep Saini,Bowler,Indian,,10.0,DC,0,0,0,0,0,0,0,0.0,0,0,0.0,0,0,0,0,0,0.0,0,0,0,0,0,0,0,0.0,0,0.0,0,0,0,0.0,0,0.0,0.0,0,0,118.97564863234453,108.97564863234453,108.97564863234453,< ₹1 Cr
P0436,2018,Navdeep Saini,Bowler,Indian,,300.0,RCB,0,0,0,0,0,0,0,0.0,0,0,0.0,0,0,0,0,0,0.0,0,0,0,0,0,0,0,0.0,0,0.0,0,0,0,0.0,0,10.0,1.0,0,0,119.30432851918869,-180.6956714808113,180.6956714808113,₹2–5 Cr
P0436,2022,Navdeep Saini,Bowler,Indian,,260.0,RR,31,35,6,0,0,3,0,88.57142857142857,2,4,50.0,0,0,31,0,0,88.57142857142857,3,17,586,828,0,0,0,8.477815699658702,0,13.0,24,17,586,8.477815699658702,3,300.0,2.0,1,1,218.13268598580075,-41.86731401419925,41.86731401419925,₹2–5 Cr
P0437,2020,Alex Carey,Wicket-Keeper,Overseas,,240.0,DC,0,0,0,0,0,0,0,0.0,0,0,0.0,0,0,0,0,0,0.0,0,0,0,0,0,0,0,0.0,0,0.0,0,0,0,0.0,0,0.0,0.0,0,0,119.9781973269935,-120.0218026730065,120.0218026730065,₹2–5 Cr
P0438,2017,Basil Thampi,Bowler,Indian,,85.0,GL,0,0,0,0,0,0,0,0.0,0,0,0.0,0,0,0,0,0,0.0,0,0,0,0,0,0,0,0.0,0,0.0,0,0,0,0.0,0,0.0,0.0,0,0,118.97564863234453,33.97564863234453,33.97564863234453,< ₹1 Cr
P0438,2018,Basil Thampi,Bowler,Indian,,95.0,SRH,28,28,5,0,0,1,1,100.0,28,28,100.0,0,0,28,0,0,100.0,1,11,268,424,1,0,0,9.492537313432836,11,9.492537313432836,268,11,268,9.492537313432836,1,85.0,1.0,1,1,184.56166352280286,89.56166352280286,89.56166352280286,< ₹1 Cr
P0438,2022,Basil Thampi,Bowler,Indian,,30.0,MI,32,35,7,0,0,1,1,91.42857142857143,1,1,100.0,0,0,32,0,0,91.42857142857143,3,17,425,694,1,0,0,9.79764705882353,1,11.5,24,6,157,10.318471337579618,4,95.0,2.0,1,1,93.14294241328275,63.14294241328275,63.14294241328275,< ₹1 Cr
P0439,2012,Robin Peterson,,Overseas,50.0,50.0,MI,0,0,0,0,0,0,0,0.0,0,0,0.0,0,0,0,0,0,0.0,0,0,0,0,0,0,0,0.0,0,0.0,0,0,0,0.0,0,0.0,0.0,0,0,156.87334560267294,106.87334560267294,106.87334560267294,< ₹1 Cr
P0442,2019,Arshdeep Singh,Bowler,Indian,,20.0,PBKS,0,0,0,0,0,0,0,0.0,0,0,0.0,0,0,0,0,0,0.0,0,0,0,0,0,0,0,0.0,0,0.0,0,0,0,0.0,0,0.0,0.0,0,0,118.97564863234453,98.97564863234453,98.97564863234453,< ₹1 Cr
P0448,2014,Shadab Jakati,Bowler,Indian,,20.0,RCB,27,27,4,0,0,3,0,100.0,7,12,58.333333333333336,0,0,27,0,0,100.0,2,45,913,1180,0,2,0,7.754654983570646,9,8.195121951219512,246,32,739,7.818673883626522,4,0.0,0.0,1,1,110.98061260399172,90.98061260399172,90.98061260399172,< ₹1 Cr
P0448,2016,Shadab Jakati,All-Rounder,Indian,,20.0,GL,27,27,4,0,0,3,0,100.0,7,12,58.333333333333336,0,0,27,0,0,100.0,2,45,935,1221,0,2,0,7.835294117647059,0,11.181818181818182,22,19,533,8.02626641651032,5,20.0,1.0,1,1,107.77815382226566,87.77815382226566,87.77815382226566,< ₹1 Cr
P0449,2022,Alzarri Joseph,Bowler,Overseas,,240.0,GT,15,13,1,0,0,2,0,115.38461538461537,15,13,115.38461538461537,0,0,15,0,0,115.38461538461537,1,6,52,87,0,0,1,10.038461538461538,6,10.038461538461538,52,6,52,10.038461538461538,1,0.0,0.0,1,1,168.1588643624823,-71.84113563751771,71.84113563751771,₹2–5 Cr
P0450,2021,Dawid Malan,Batsman,Overseas,100.0,100.0,PBKS,0,0,0,0,0,0,0,0.0,0,0,0.0,0,0,0,0,0,0.0,0,0,0,0,0,0,0,0.0,0,0.0,0,0,0,0.0,0,0.0,0.0,0,0,193.840539245101,93.84053924510101,93.84053924510101,₹1–2 Cr
P0451,2018,Anukul Roy,All-Rounder,Indian,,20.0,MI,0,0,0,0,0,0,0,0.0,0,0,0.0,0,0,0,0,0,0.0,0,0,0,0,0,0,0,0.0,0,0.0,0,0,0,0.0,0,0.0,0.0,0,0,112.9879307388618,92.9879307388618,92.9879307388618,< ₹1 Cr
P0451,2022,Anukul Roy,All-Rounder,Indian,,20.0,KKR,0,0,0,0,0,0,0,0.0,0,0,0.0,0,0,0,0,0,0.0,0,1,12,11,0,0,0,5.5,1,5.5,12,1,12,5.5,1,20.0,1.0,0,1,85.19671059218577,65.19671059218577,65.19671059218577,< ₹1 Cr
P0453,2010,Pradeep Sangwan,Bowler,Indian,,30.0,DC,8,15,6,0,0,0,0,53.333333333333336,6,10,60.0,0,0,8,0,0,53.333333333333336,2,20,424,575,2,0,0,8.13679245283019,15,7.714285714285715,280,20,424,8.13679245283019,2,0.0,0.0,1,1,122.00957367030698,92.00957367030698,92.00957367030698,< ₹1 Cr
P0453,2016,Pradeep Sangwan,All-Rounder,Indian,,20.0,GL,22,31,9,0,0,1,0,70.96774193548387,4,2,200.0,0,0,20,0,0,76.92307692307693,4,30,658,926,3,0,0,8.443768996960486,0,12.75,24,10,234,9.0,5,30.0,1.0,1,1,99.3400705112855,79.3400705112855,79.3400705112855,< ₹1 Cr
P0453,2018,Pradeep Sangwan,Bowler,Indian,,150.0,MI,24,35,12,0,0,1,0,68.57142857142857,2,4,50.0,0,0,16,0,0,80.0,5,35,790,1156,3,0,0,8.779746835443039,5,10.055555555555555,108,5,156,10.807692307692308,7,20.0,2.0,1,1,166.62198729002222,16.62198729002222,16.62198729002222,₹1–2 Cr
P0453,2022,Pradeep Sangwan,All-Rounder,Indian,,20.0,GT,24,39,13,0,0,1,0,61.53846153846154,0,4,0.0,0,0,6,0,0,60.0,6,35,802,1175,3,0,0,8.790523690773068,0,9.5,12,5,144,10.375,8,150.0,3.0,1,1,98.88274424806065,78.88274424806065,78.88274424806065,< ₹1 Cr
P0457,2010,Justin Kemp,All-Rounder,Overseas,,45.0,CSK,0,0,0,0,0,0,0,0.0,0,0,0.0,0,0,0,0,0,0.0,0,0,0,0,0,0,0,0.0,0,0.0,0,0,0,0.0,0,0.0,0.0,0,0,268.5313619705029,223.53136197050293,223.53136197050293,< ₹1 Cr
P0462,2022,Akash Deep,Bowler,Indian,,20.0,RCB,0,0,0,0,0,0,0,0.0,0,0,0.0,0,0,0,0,0,0.0,0,0,0,0,0,0,0,0.0,0,0.0,0,0,0,0.0,0,0.0,0.0,0,0,118.97564863234453,98.97564863234453,98.97564863234453,< ₹1 Cr
P0462,2026,Akash Deep,Unknown,Indian,,100.0,KKR,25,14,5,0,0,2,2,178.57142857142858,6,2,300.0,0,0,25,0,0,208.33333333333334,4,10,278,548,1,0,0,11.827338129496402,3,12.052631578947366,114,5,165,12.472727272727273,4,20.0,1.0,1,1,165.53745598026092,65.53745598026092,65.53745598026092,₹1–2 Cr
P0463,2023,Sanvir Singh,All-Rounder,Indian,20.0,20.0,SRH,0,0,0,0,0,0,0,0.0,0,0,0.0,0,0,0,0,0,0.0,0,0,0,0,0,0,0,0.0,0,0.0,0,0,0,0.0,0,0.0,0.0,0,0,112.9879307388618,92.9879307388618,92.9879307388618,< ₹1 Cr
P0464,2018,Mohsin Khan,Bowler,Indian,,20.0,MI,0,0,0,0,0,0,0,0.0,0,0,0.0,0,0,0,0,0,0.0,0,0,0,0,0,0,0,0.0,0,0.0,0,0,0,0.0,0,0.0,0.0,0,0,118.97564863234453,98.97564863234453,98.97564863234453,< ₹1 Cr
P0464,2020,Mohsin Khan,Bowler,Indian,,20.0,MI,0,0,0,0,0,0,0,0.0,0,0,0.0,0,0,0,0,0,0.0,0,0,0,0,0,0,0,0.0,0,0.0,0,0,0,0.0,0,20.0,1.0,0,0,102.57434432580749,82.57434432580749,82.57434432580749,< ₹1 Cr
P0464,2022,Mohsin Khan,Bowler,Indian,,20.0,LSG,0,0,0,0,0,0,0,0.0,0,0,0.0,0,0,0,0,0,0.0,0,0,0,0,0,0,0,0.0,0,0.0,0,0,0,0.0,0,20.0,2.0,0,0,97.42456361083669,77.42456361083669,77.42456361083669,< ₹1 Cr
P0466,2019,Ashton Turner,All-Rounder,Indian,,50.0,RR,0,0,0,0,0,0,0,0.0,0,0,0.0,0,0,0,0,0,0.0,0,0,0,0,0,0,0,0.0,0,0.0,0,0,0,0.0,0,0.0,0.0,0,0,112.9879307388618,62.987930738861806,62.987930738861806,< ₹1 Cr
P0468,2015,K C Cariappa,Bowler,Indian,,240.0,KKR,0,0,0,0,0,0,0,0.0,0,0,0.0,0,0,0,0,0,0.0,0,0,0,0,0,0,0,0.0,0,0.0,0,0,0,0.0,0,0.0,0.0,0,0,118.97564863234453,-121.02435136765547,121.02435136765547,₹2–5 Cr
P0468,2016,K C Cariappa,Bowler,Indian,,80.0,PBKS,0,0,0,0,0,0,0,0.0,0,0,0.0,0,0,0,0,0,0.0,0,1,12,28,0,0,0,14.0,1,14.0,12,1,12,14.0,1,240.0,1.0,0,1,115.85506584334257,35.85506584334257,35.85506584334257,< ₹1 Cr
P0468,2022,K C Cariappa,Bowler,Indian,,30.0,RR,24,21,5,0,0,0,2,114.28571428571428,9,3,300.0,0,0,24,0,0,114.28571428571428,3,8,216,348,0,0,0,9.666666666666668,0,17.0,12,7,204,9.411764705882353,4,80.0,2.0,1,1,98.10124873782841,68.10124873782841,68.10124873782841,< ₹1 Cr
P0469,2015,Eklavya Dwivedi,Wicket-Keeper,Indian,,10.0,CSK,0,0,0,0,0,0,0,0.0,0,0,0.0,0,0,0,0,0,0.0,0,0,0,0,0,0,0,0.0,0,0.0,0,0,0,0.0,0,0.0,0.0,0,0,90.85676286851051,80.85676286851051,80.85676286851051,< ₹1 Cr
P0469,2016,Eklavya Dwivedi,Wicket-Keeper,Indian,,100.0,GL,0,0,0,0,0,0,0,0.0,0,0,0.0,0,0,0,0,0,0.0,0,0,0,0,0,0,0,0.0,0,0.0,0,0,0,0.0,0,10.0,1.0,0,0,91.97144523901058,-8.028554760989422,8.028554760989422,₹1–2 Cr
P0469,2017,Eklavya Dwivedi,Wicket-Keeper,Indian,,75.0,SRH,24,14,2,0,0,2,2,171.42857142857142,24,14,171.42857142857142,0,0,24,0,0,171.42857142857142,1,0,0,0,0,0,0,0.0,0,0.0,0,0,0,0.0,0,100.0,2.0,1,0,142.9923210350563,67.9923210350563,67.9923210350563,< ₹1 Cr
P0470,2015,Adam Milne,Bowler,Overseas,,70.0,RCB,0,0,0,0,0,0,0,0.0,0,0,0.0,0,0,0,0,0,0.0,0,0,0,0,0,0,0,0.0,0,0.0,0,0,0,0.0,0,0.0,0.0,0,0,202.41212654874937,132.41212654874937,132.41212654874937,< ₹1 Cr
P0470,2021,Adam Milne,Bowler,Overseas,50.0,300.0,MI,7,12,3,0,0,0,0,58.333333333333336,7,12,58.333333333333336,0,0,7,0,0,58.333333333333336,1,4,108,177,0,0,0,9.833333333333332,3,9.571428571428573,84,4,108,9.833333333333332,2,70.0,1.0,1,1,175.9132452455313,-124.0867547544687,124.0867547544687,₹2–5 Cr
P0470,2022,Adam Milne,Bowler,Overseas,,190.0,CSK,23,29,6,0,0,0,1,79.3103448275862,16,17,94.11764705882352,0,0,23,0,0,79.3103448275862,2,7,192,308,0,0,0,9.625,3,9.357142857142858,84,7,192,9.625,3,300.0,2.0,1,1,196.67899835039225,6.6789983503922485,6.6789983503922485,₹1–2 Cr
P0470,2026,Adam Milne,Bowler,Overseas,,240.0,RR,23,29,6,0,0,0,1,79.3103448275862,16,17,94.11764705882352,0,0,23,0,0,79.3103448275862,2,7,207,327,0,0,0,9.478260869565217,0,7.6,15,6,183,9.311475409836065,4,190.0,3.0,1,1,208.41395685753494,-31.58604314246506,31.58604314246506,₹2–5 Cr
P0472,2009,Shaun Tait,Bowler,Overseas,,180.0,RR,0,0,0,0,0,0,0,0.0,0,0,0.0,0,0,0,0,0,0.0,0,0,0,0,0,0,0,0.0,0,0.0,0,0,0,0.0,0,0.0,0.0,0,0,202.41212654874937,22.41212654874937,22.41212654874937,₹1–2 Cr
P0472,2011,Shaun Tait,,Overseas,45.0,130.5,RR,12,13,2,0,0,0,1,92.3076923076923,12,13,92.3076923076923,0,0,12,0,0,92.3076923076923,1,10,187,264,2,0,0,8.470588235294118,10,8.470588235294118,187,10,187,8.470588235294118,1,180.0,1.0,1,1,180.79101969643725,50.291019696437246,50.291019696437246,₹1–2 Cr
P0473,2022,Pravin Dubey,All-Rounder,Indian,,50.0,DC,7,13,1,0,0,0,0,53.84615384615385,7,13,53.84615384615385,0,0,7,0,0,53.84615384615385,1,0,48,72,0,0,0,9.0,0,9.0,48,0,48,9.0,1,0.0,0.0,1,1,92.66745318554023,42.667453185540225,42.667453185540225,< ₹1 Cr
P0476,2015,Sean Abbott,Bowler,Overseas,,100.0,RCB,0,0,0,0,0,0,0,0.0,0,0,0.0,0,0,0,0,0,0.0,0,0,0,0,0,0,0,0.0,0,0.0,0,0,0,0.0,0,0.0,0.0,0,0,202.41212654874937,102.41212654874937,102.41212654874937,₹1–2 Cr
P0476,2022,Sean Abbott,Bowler,Overseas,,240.0,SRH,15,13,2,0,0,1,1,115.38461538461537,15,13,115.38461538461537,0,0,15,0,0,115.38461538461537,1,0,30,57,0,0,0,11.399999999999999,0,11.399999999999999,30,0,30,11.399999999999999,1,100.0,1.0,1,1,235.67695307925655,-4.323046920743451,4.323046920743451,₹2–5 Cr
P0478,2018,Kamlesh Nagarkoti,All-Rounder,Indian,,320.0,KKR,0,0,0,0,0,0,0,0.0,0,0,0.0,0,0,0,0,0,0.0,0,0,0,0,0,0,0,0.0,0,0.0,0,0,0,0.0,0,0.0,0.0,0,0,112.9879307388618,-207.0120692611382,207.0120692611382,₹2–5 Cr
P0478,2022,Kamlesh Nagarkoti,All-Rounder,Indian,,110.0,DC,22,33,7,0,0,1,0,66.66666666666666,0,2,0.0,0,0,22,0,0,66.66666666666666,2,5,168,256,0,0,0,9.142857142857142,0,12.5,12,5,168,9.142857142857142,2,320.0,1.0,1,1,139.14983540947958,29.14983540947958,29.14983540947958,₹1–2 Cr
P0479,2021,Yudhvir Singh,Bowler,Indian,20.0,20.0,MI,0,0,0,0,0,0,0,0.0,0,0,0.0,0,0,0,0,0,0.0,0,0,0,0,0,0,0,0.0,0,0.0,0,0,0,0.0,0,0.0,0.0,0,0,118.97564863234453,98.97564863234453,98.97564863234453,< ₹1 Cr
P0480,2012,Brad Hogg,,Overseas,50.0,90.0,RR,0,0,0,0,0,0,0,0.0,0,0,0.0,0,0,0,0,0,0.0,0,0,0,0,0,0,0,0.0,0,0.0,0,0,0,0.0,0,0.0,0.0,0,0,156.87334560267294,66.87334560267294,66.87334560267294,< ₹1 Cr
P0480,2015,Brad Hogg,Bowler,Overseas,,50.0,KKR,15,16,2,0,0,1,0,93.75,15,16,93.75,0,0,15,0,0,93.75,1,10,236,284,0,0,0,7.220338983050847,0,9.3,20,10,236,7.220338983050847,2,90.0,1.0,1,1,160.36529552245466,110.36529552245466,110.36529552245466,< ₹1 Cr
P0481,2022,Rassie Van Der Dussen,Batsman,Overseas,,100.0,RR,0,0,0,0,0,0,0,0.0,0,0,0.0,0,0,0,0,0,0.0,0,0,0,0,0,0,0,0.0,0,0.0,0,0,0,0.0,0,0.0,0.0,0,0,193.840539245101,93.84053924510101,93.84053924510101,₹1–2 Cr
P0482,2023,Adil Rashid,Bowler,Overseas,200.0,200.0,SRH,0,0,0,0,0,0,0,0.0,0,0,0.0,0,0,0,0,0,0.0,0,0,18,35,0,0,0,11.666666666666666,0,11.666666666666666,18,0,18,11.666666666666666,1,0.0,0.0,0,1,251.96994054009198,51.96994054009198,51.96994054009198,₹2–5 Cr
P0484,2010,Doug Bollinger,Bowler,Overseas,,200.0,CSK,0,0,0,0,0,0,0,0.0,0,0,0.0,0,0,0,0,0,0.0,0,0,0,0,0,0,0,0.0,0,0.0,0,0,0,0.0,0,0.0,0.0,0,0,202.41212654874937,2.41212654874937,2.41212654874937,₹2–5 Cr
P0484,2011,Doug Bollinger,,Overseas,90.0,292.5,CSK,18,17,2,0,0,1,1,105.88235294117648,18,17,105.88235294117648,0,0,18,0,0,105.88235294117648,1,12,186,207,0,1,0,6.677419354838709,12,6.677419354838709,186,12,186,6.677419354838709,1,200.0,1.0,1,1,248.22380395096556,-44.27619604903444,44.27619604903444,₹2–5 Cr
P0485,2008,Muttiah Muralitharan,Bowler,Overseas,,125.0,CSK,0,0,0,0,0,0,0,0.0,0,0,0.0,0,0,0,0,0,0.0,0,0,0,0,0,0,0,0.0,0,0.0,0,0,0,0.0,0,0.0,0.0,0,0,202.41212654874937,77.41212654874937,77.41212654874937,₹1–2 Cr
P0485,2011,Muttiah Muralitharan,,Overseas,135.0,495.0,CSK,9,13,6,0,0,1,0,69.23076923076923,1,2,50.0,0,0,9,0,0,69.23076923076923,3,40,936,994,3,0,0,6.371794871794872,15,6.854166666666667,288,40,936,6.371794871794872,3,125.0,1.0,1,1,382.4483374024123,-112.55166259758772,112.55166259758772,₹2–5 Cr
P0485,2012,Muttiah Muralitharan,,Overseas,100.0,110.0,RCB,14,21,7,0,0,1,0,66.66666666666666,5,8,62.5,0,0,14,0,0,77.77777777777779,4,42,1050,1135,3,0,0,6.485714285714286,2,7.421052631578948,114,31,702,6.247863247863247,4,495.0,2.0,1,1,164.57236256815386,54.57236256815386,54.57236256815386,₹1–2 Cr
P0485,2014,Muttiah Muralitharan,Bowler,Overseas,,100.0,RCB,20,30,9,0,0,1,0,66.66666666666666,6,9,66.66666666666666,0,0,12,0,0,63.1578947368421,5,60,1428,1572,5,0,0,6.605042016806723,3,7.695652173913043,138,20,492,7.048780487804878,6,110.0,3.0,1,1,186.4858045552178,86.48580455521781,86.48580455521781,₹1–2 Cr
P0487,2022,Siddharth Kaul,Bowler,Indian,,75.0,RCB,20,36,9,0,0,1,0,55.55555555555556,8,8,100.0,0,0,11,0,0,47.82608695652174,6,58,1185,1696,3,1,0,8.587341772151898,7,8.233333333333334,180,15,366,9.065573770491802,7,0.0,0.0,1,1,129.62856892243005,54.62856892243005,54.62856892243005,< ₹1 Cr
P0488,2022,Noor Ahmad,Bowler,Overseas,,30.0,GT,0,0,0,0,0,0,0,0.0,0,0,0.0,0,0,0,0,0,0.0,0,0,0,0,0,0,0,0.0,0,0.0,0,0,0,0.0,0,0.0,0.0,0,0,202.41212654874937,172.41212654874937,172.41212654874937,< ₹1 Cr
P0491,2021,Chetan Sakariya,Bowler,Indian,20.0,100.0,RR,0,0,0,0,0,0,0,0.0,0,0,0.0,0,0,0,0,0,0.0,0,0,0,0,0,0,0,0.0,0,0.0,0,0,0,0.0,0,0.0,0.0,0,0,118.97564863234453,18.97564863234453,18.97564863234453,₹1–2 Cr
P0491,2022,Chetan Sakariya,Bowler,Indian,,420.0,DC,16,25,5,0,0,2,0,64.0,16,25,64.0,0,0,16,0,0,64.0,1,14,312,426,2,0,0,8.192307692307693,14,8.192307692307693,312,14,312,8.192307692307693,1,100.0,1.0,1,1,284.2645473863742,-135.7354526136258,135.7354526136258,₹2–5 Cr
P0495,2022,Nathan Ellis,Bowler,Overseas,,75.0,PBKS,18,16,2,0,0,0,1,112.5,18,16,112.5,0,0,18,0,0,112.5,1,1,66,90,0,0,0,8.181818181818182,1,8.181818181818182,66,1,66,8.181818181818182,1,0.0,0.0,1,1,147.63612687534766,72.63612687534766,72.63612687534766,< ₹1 Cr
P0496,2014,Rahul Shukla,Bowler,Indian,,40.0,DC,1,2,1,0,0,0,0,50.0,1,2,50.0,0,0,1,0,0,50.0,1,3,66,110,0,0,0,10.0,3,9.875,48,3,66,10.0,2,0.0,0.0,1,1,102.27970648463653,62.279706484636534,62.279706484636534,< ₹1 Cr
P0497,2014,Josh Hazlewood,Bowler,Overseas,,50.0,MI,0,0,0,0,0,0,0,0.0,0,0,0.0,0,0,0,0,0,0.0,0,0,0,0,0,0,0,0.0,0,0.0,0,0,0,0.0,0,0.0,0.0,0,0,202.41212654874937,152.41212654874937,152.41212654874937,< ₹1 Cr
P0497,2020,Josh Hazlewood,Bowler,Overseas,,200.0,CSK,0,0,0,0,0,0,0,0.0,0,0,0.0,0,0,0,0,0,0.0,0,0,0,0,0,0,0,0.0,0,0.0,0,0,0,0.0,0,50.0,1.0,0,0,189.06679361440246,-10.933206385597543,10.933206385597543,₹2–5 Cr
P0497,2022,Josh Hazlewood,Bowler,Overseas,,775.0,RCB,0,0,0,0,0,0,0,0.0,0,0,0.0,0,0,0,0,0,0.0,0,12,270,357,1,0,0,7.933333333333334,11,8.37142857142857,210,12,270,7.933333333333334,2,200.0,2.0,0,1,379.71984747536425,-395.28015252463575,395.28015252463575,₹5–10 Cr
P0500,2019,Prayas Ray Barman,All-Rounder,Indian,,150.0,RCB,0,0,0,0,0,0,0,0.0,0,0,0.0,0,0,0,0,0,0.0,0,0,0,0,0,0,0,0.0,0,0.0,0,0,0,0.0,0,0.0,0.0,0,0,112.9879307388618,-37.012069261138194,37.012069261138194,₹1–2 Cr
P0503,2010,Damien Martyn,Batsman,Overseas,,45.0,RR,0,0,0,0,0,0,0,0.0,0,0,0.0,0,0,0,0,0,0.0,0,0,0,0,0,0,0,0.0,0,0.0,0,0,0,0.0,0,0.0,0.0,0,0,193.840539245101,148.840539245101,148.840539245101,< ₹1 Cr
P0505,2019,Keemo Paul,All-Rounder,Overseas,,50.0,DC,0,0,0,0,0,0,0,0.0,0,0,0.0,0,0,0,0,0,0.0,0,0,0,0,0,0,0,0.0,0,0.0,0,0,0,0.0,0,0.0,0.0,0,0,268.5313619705029,218.53136197050293,218.53136197050293,< ₹1 Cr
P0508,2020,R Sai Kishore,Bowler,Indian,,20.0,CSK,0,0,0,0,0,0,0,0.0,0,0,0.0,0,0,0,0,0,0.0,0,0,0,0,0,0,0,0.0,0,0.0,0,0,0,0.0,0,0.0,0.0,0,0,118.97564863234453,98.97564863234453,98.97564863234453,< ₹1 Cr
P0508,2022,R Sai Kishore,Bowler,Indian,,300.0,GT,0,0,0,0,0,0,0,0.0,0,0,0.0,0,0,0,0,0,0.0,0,0,0,0,0,0,0,0.0,0,0.0,0,0,0,0.0,0,20.0,1.0,0,0,102.57434432580749,-197.4256556741925,197.4256556741925,₹2–5 Cr
P0511,2023,Naveen Ul Haq,Bowler,Overseas,50.0,50.0,LSG,0,0,0,0,0,0,0,0.0,0,0,0.0,0,0,0,0,0,0.0,0,0,0,0,0,0,0,0.0,0,0.0,0,0,0,0.0,0,0.0,0.0,0,0,202.41212654874937,152.41212654874937,152.41212654874937,< ₹1 Cr
P0512,2020,Tom Banton,Batsman,Overseas,,100.0,KKR,0,0,0,0,0,0,0,0.0,0,0,0.0,0,0,0,0,0,0.0,0,0,0,0,0,0,0,0.0,0,0.0,0,0,0,0.0,0,0.0,0.0,0,0,193.840539245101,93.84053924510101,93.84053924510101,₹1–2 Cr
P0512,2026,Tom Banton,Wicket-Keeper,Overseas,,200.0,GT,18,20,2,0,0,1,1,90.0,18,20,90.0,0,0,18,0,0,90.0,1,0,0,0,0,0,0,0.0,0,0.0,0,0,0,0.0,0,100.0,1.0,1,0,145.01606631643938,-54.98393368356062,54.98393368356062,₹2–5 Cr
P0513,2011,Brad Haddin,,Overseas,90.0,135.0,KKR,0,0,0,0,0,0,0,0.0,0,0,0.0,0,0,0,0,0,0.0,0,0,0,0,0,0,0,0.0,0,0.0,0,0,0,0.0,0,0.0,0.0,0,0,156.87334560267294,21.87334560267294,21.87334560267294,₹1–2 Cr
P0517,2021,Jhye Richardson,All-Rounder,Overseas,100.0,1400.0,PBKS,0,0,0,0,0,0,0,0.0,0,0,0.0,0,0,0,0,0,0.0,0,0,0,0,0,0,0,0.0,0,0.0,0,0,0,0.0,0,0.0,0.0,0,0,268.5313619705029,-1131.468638029497,1131.468638029497,₹10+ Cr
P0517,2023,Jhye Richardson,Bowler,Overseas,150.0,150.0,MI,15,24,2,0,0,2,0,62.5,15,24,62.5,0,0,15,0,0,62.5,1,3,66,117,0,0,0,10.636363636363637,3,10.636363636363637,66,3,66,10.636363636363637,1,1400.0,1.0,1,1,216.51365955747886,66.51365955747886,66.51365955747886,₹1–2 Cr
P0518,2008,Pragyan Ojha,Bowler,Indian,,175.0,DCH,0,0,0,0,0,0,0,0.0,0,0,0.0,0,0,0,0,0,0.0,0,0,0,0,0,0,0,0.0,0,0.0,0,0,0,0.0,0,0.0,0.0,0,0,118.97564863234453,-56.02435136765547,56.02435136765547,₹1–2 Cr
P0518,2009,Pragyan Ojha,Bowler,Indian,,30.0,DCH,2,4,3,0,0,0,0,50.0,2,4,50.0,0,0,2,0,0,50.0,1,11,221,289,0,0,0,7.846153846153847,11,7.846153846153847,221,11,221,7.846153846153847,1,175.0,1.0,1,1,121.50988396396195,91.50988396396195,91.50988396396195,< ₹1 Cr
P0518,2010,Pragyan Ojha,Bowler,Indian,,40.0,DCH,3,11,7,0,0,0,0,27.27272727272727,1,7,14.285714285714285,0,0,3,0,0,27.27272727272727,2,29,542,637,2,0,0,7.051660516605166,18,6.5046728971962615,321,29,542,7.051660516605166,2,30.0,2.0,1,1,139.68276888400365,99.68276888400365,99.68276888400365,< ₹1 Cr
P0518,2011,Pragyan Ojha,,Indian,180.0,225.0,DCH,6,19,10,0,0,0,0,31.57894736842105,3,8,37.5,0,0,6,0,0,31.57894736842105,3,50,895,1066,3,0,0,7.146368715083799,21,7.291784702549576,353,50,895,7.146368715083799,3,40.0,3.0,1,1,305.6384190515162,80.63841905151622,80.63841905151622,₹2–5 Cr
P0518,2014,Pragyan Ojha,Bowler,Indian,,325.0,MI,12,37,16,0,0,0,0,32.432432432432435,2,4,50.0,0,0,9,0,0,34.61538461538461,5,85,1610,1934,5,0,0,7.207453416149068,16,7.2802547770700645,314,35,715,7.2839160839160835,6,225.0,4.0,1,1,339.0272940340908,14.0272940340908,14.0272940340908,₹2–5 Cr
P0518,2015,Pragyan Ojha,Bowler,Indian,,50.0,MI,16,45,19,0,0,0,0,35.55555555555556,4,8,50.0,0,0,10,0,0,38.46153846153847,6,89,1886,2314,5,0,0,7.361611876988334,4,8.26086956521739,276,29,770,7.644155844155844,7,325.0,5.0,1,1,165.0979106354388,115.09791063543881,115.09791063543881,< ₹1 Cr
P0522,2023,Akeal Hosein,Bowler,Overseas,100.0,100.0,SRH,0,0,0,0,0,0,0,0.0,0,0,0.0,0,0,0,0,0,0.0,0,0,0,0,0,0,0,0.0,0,0.0,0,0,0,0.0,0,0.0,0.0,0,0,202.41212654874937,102.41212654874937,102.41212654874937,₹1–2 Cr
P0522,2026,Akeal Hosein,Unknown,Overseas,,200.0,CSK,16,10,1,0,0,1,1,160.0,16,10,160.0,0,0,16,0,0,160.0,1,1,24,40,0,0,0,10.0,1,10.0,24,1,24,10.0,1,100.0,1.0,1,1,266.22855454556696,66.22855454556696,66.22855454556696,₹2–5 Cr
P0523,2016,Adam Zampa,Bowler,Overseas,,30.0,RPS,0,0,0,0,0,0,0,0.0,0,0,0.0,0,0,0,0,0,0.0,0,0,0,0,0,0,0,0.0,0,0.0,0,0,0,0.0,0,0.0,0.0,0,0,202.41212654874937,172.41212654874937,172.41212654874937,< ₹1 Cr
P0523,2023,Adam Zampa,Bowler,Overseas,150.0,150.0,RR,5,8,2,0,0,1,0,62.5,5,7,71.42857142857143,0,0,5,0,0,62.5,2,21,287,370,1,0,1,7.735191637630662,2,8.363636363636363,66,21,287,7.735191637630662,3,30.0,1.0,1,1,173.042697861952,23.042697861952007,23.042697861952007,₹1–2 Cr
P0528,2020,Virat Singh,Batsman,Indian,,190.0,SRH,0,0,0,0,0,0,0,0.0,0,0,0.0,0,0,0,0,0,0.0,0,0,0,0,0,0,0,0.0,0,0.0,0,0,0,0.0,0,0.0,0.0,0,0,109.70681158718025,-80.29318841281975,80.29318841281975,₹1–2 Cr
P0529,2011,James Pattinson,,Overseas,22.5,45.0,KKR,0,0,0,0,0,0,0,0.0,0,0,0.0,0,0,0,0,0,0.0,0,0,0,0,0,0,0,0.0,0,0.0,0,0,0,0.0,0,0.0,0.0,0,0,156.87334560267294,111.87334560267294,111.87334560267294,< ₹1 Cr
P0536,2020,Fabian Allen,All-Rounder,Overseas,,50.0,SRH,0,0,0,0,0,0,0,0.0,0,0,0.0,0,0,0,0,0,0.0,0,0,0,0,0,0,0,0.0,0,0.0,0,0,0,0.0,0,0.0,0.0,0,0,268.5313619705029,218.53136197050293,218.53136197050293,< ₹1 Cr
P0536,2021,Fabian Allen,All-Rounder,Overseas,75.0,75.0,PBKS,0,0,0,0,0,0,0,0.0,0,0,0.0,0,0,0,0,0,0.0,0,0,0,0,0,0,0,0.0,0,0.0,0,0,0,0.0,0,50.0,1.0,0,0,178.62975858271722,103.62975858271722,103.62975858271722,< ₹1 Cr
P0536,2022,Fabian Allen,All-Rounder,Overseas,,75.0,MI,6,12,2,0,0,0,0,50.0,6,12,50.0,0,0,6,0,0,50.0,1,1,66,90,0,0,0,8.181818181818182,1,8.181818181818182,66,1,66,8.181818181818182,1,75.0,2.0,1,1,210.59749824782008,135.59749824782008,135.59749824782008,< ₹1 Cr
P0537,2018,Dhruv Shorey,All-Rounder,Indian,,20.0,CSK,0,0,0,0,0,0,0,0.0,0,0,0.0,0,0,0,0,0,0.0,0,0,0,0,0,0,0,0.0,0,0.0,0,0,0,0.0,0,0.0,0.0,0,0,112.9879307388618,92.9879307388618,92.9879307388618,< ₹1 Cr
P0538,2020,Kartik Tyagi,Bowler,Indian,,130.0,RR,0,0,0,0,0,0,0,0.0,0,0,0.0,0,0,0,0,0,0.0,0,0,0,0,0,0,0,0.0,0,0.0,0,0,0,0.0,0,0.0,0.0,0,0,118.97564863234453,-11.02435136765547,11.02435136765547,₹1–2 Cr
P0538,2022,Kartik Tyagi,Bowler,Indian,,400.0,SRH,6,10,4,0,0,0,0,60.0,2,4,50.0,0,0,6,0,0,60.0,2,13,313,491,0,0,0,9.412140575079873,4,8.857142857142858,84,13,313,9.412140575079873,2,130.0,1.0,1,1,241.888889579914,-158.111110420086,158.111110420086,₹2–5 Cr
P0538,2026,Kartik Tyagi,Unknown,Indian,,30.0,KKR,13,16,6,0,0,1,0,81.25,7,6,116.66666666666667,0,0,13,0,0,81.25,3,15,422,713,0,0,0,10.137440758293838,0,12.75,24,2,109,12.22018348623853,5,400.0,2.0,1,1,111.04599619810499,81.04599619810499,81.04599619810499,< ₹1 Cr
P0539,2015,Kyle Abbott,Bowler,Overseas,,30.0,CSK,0,0,0,0,0,0,0,0.0,0,0,0.0,0,0,0,0,0,0.0,0,0,0,0,0,0,0,0.0,0,0.0,0,0,0,0.0,0,0.0,0.0,0,0,202.41212654874937,172.41212654874937,172.41212654874937,< ₹1 Cr
P0539,2016,Kyle Abbott,Bowler,Overseas,,210.0,PBKS,0,0,0,0,0,0,0,0.0,0,0,0.0,0,0,0,0,0,0.0,0,0,0,0,0,0,0,0.0,0,0.0,0,0,0,0.0,0,30.0,1.0,0,0,187.5459403655167,-22.454059634483286,22.454059634483286,₹2–5 Cr
P0540,2016,Mustafizur Rahman,Bowler,Overseas,,140.0,SRH,0,0,0,0,0,0,0,0.0,0,0,0.0,0,0,0,0,0,0.0,0,0,0,0,0,0,0,0.0,0,0.0,0,0,0,0.0,0,0.0,0.0,0,0,202.41212654874937,62.41212654874937,62.41212654874937,₹1–2 Cr
P0540,2018,Mustafizur Rahman,Bowler,Overseas,,220.0,MI,0,0,0,0,0,0,0,0.0,0,0,0.0,0,0,0,0,0,0.0,0,17,382,455,1,0,0,7.146596858638744,0,12.75,16,17,382,7.146596858638744,2,140.0,1.0,0,1,269.36315217892945,49.363152178929454,49.363152178929454,₹2–5 Cr
P0540,2021,Mustafizur Rahman,Bowler,Overseas,100.0,100.0,RR,1,3,1,0,0,0,0,33.33333333333333,1,3,33.33333333333333,0,0,1,0,0,33.33333333333333,1,24,547,685,2,0,0,7.5137111517367465,7,8.363636363636363,165,24,547,7.5137111517367465,3,220.0,2.0,1,1,181.39959038552297,81.39959038552297,81.39959038552297,₹1–2 Cr
P0540,2022,Mustafizur Rahman,Bowler,Overseas,,200.0,DC,9,17,4,0,0,0,1,52.94117647058824,8,14,57.14285714285714,0,0,9,0,0,52.94117647058824,2,38,858,1121,3,0,0,7.839160839160839,14,8.411575562700964,311,21,492,8.536585365853659,4,100.0,3.0,1,1,260.1875455942015,60.18754559420148,60.18754559420148,₹2–5 Cr
P0540,2026,Mustafizur Rahman,Bowler,Overseas,,920.0,KKR,13,24,7,0,0,0,1,54.166666666666664,0,1,0.0,0,0,4,0,0,57.14285714285714,5,65,1364,1849,6,1,0,8.133431085043988,4,7.909090909090908,66,19,314,9.248407643312103,8,200.0,4.0,1,1,388.5111208690874,-531.4888791309127,531.4888791309127,₹5–10 Cr
P0543,2021,Arjun Tendulkar,All-Rounder,Indian,20.0,20.0,MI,0,0,0,0,0,0,0,0.0,0,0,0.0,0,0,0,0,0,0.0,0,0,0,0,0,0,0,0.0,0,0.0,0,0,0,0.0,0,0.0,0.0,0,0,112.9879307388618,92.9879307388618,92.9879307388618,< ₹1 Cr
P0543,2022,Arjun Tendulkar,All-Rounder,Indian,,30.0,MI,0,0,0,0,0,0,0,0.0,0,0,0.0,0,0,0,0,0,0.0,0,0,0,0,0,0,0,0.0,0,0.0,0,0,0,0.0,0,20.0,1.0,0,0,107.6665868291324,77.6665868291324,77.6665868291324,< ₹1 Cr
P0548,2014,Karanveer Singh,All-Rounder,Indian,,10.0,PBKS,0,0,0,0,0,0,0,0.0,0,0,0.0,0,0,0,0,0,0.0,0,0,0,0,0,0,0,0.0,0,0.0,0,0,0,0.0,0,0.0,0.0,0,0,112.9879307388618,102.9879307388618,102.9879307388618,< ₹1 Cr
P0550,2018,Mark Wood,Bowler,Overseas,,150.0,CSK,0,0,0,0,0,0,0,0.0,0,0,0.0,0,0,0,0,0,0.0,0,0,0,0,0,0,0,0.0,0,0.0,0,0,0,0.0,0,0.0,0.0,0,0,202.41212654874937,52.41212654874937,52.41212654874937,₹1–2 Cr
P0550,2022,Mark Wood,Bowler,Overseas,,750.0,LSG,1,3,1,0,0,0,0,33.33333333333333,1,3,33.33333333333333,0,0,1,0,0,33.33333333333333,1,0,24,49,0,0,0,12.25,0,12.25,24,0,24,12.25,1,150.0,1.0,1,1,419.3822260457923,-330.6177739542077,330.6177739542077,₹5–10 Cr
P0551,2021,Mujeeb Ur Rahman,Bowler,Overseas,100.0,100.0,SRH,11,14,5,0,0,2,0,78.57142857142857,1,3,33.33333333333333,0,0,11,0,0,78.57142857142857,3,17,410,563,1,0,0,8.239024390243904,0,10.375,48,17,410,8.239024390243904,3,0.0,0.0,1,1,169.93652798247783,69.93652798247783,69.93652798247783,₹1–2 Cr
P0552,2009,Thilan Thushara,Bowler,Overseas,,67.0,CSK,0,0,0,0,0,0,0,0.0,0,0,0.0,0,0,0,0,0,0.0,0,0,0,0,0,0,0,0.0,0,0.0,0,0,0,0.0,0,0.0,0.0,0,0,202.41212654874937,135.41212654874937,135.41212654874937,< ₹1 Cr
P0561,2010,Kemar Roach,Bowler,Overseas,,324.0,DCH,0,0,0,0,0,0,0,0.0,0,0,0.0,0,0,0,0,0,0.0,0,0,0,0,0,0,0,0.0,0,0.0,0,0,0,0.0,0,0.0,0.0,0,0,202.41212654874937,-121.58787345125063,121.58787345125063,₹2–5 Cr
P0563,2014,Ricky Bhui,Batsman,Overseas,,10.0,SRH,0,0,0,0,0,0,0,0.0,0,0,0.0,0,0,0,0,0,0.0,0,0,0,0,0,0,0,0.0,0,0.0,0,0,0,0.0,0,0.0,0.0,0,0,193.840539245101,183.840539245101,183.840539245101,< ₹1 Cr
P0563,2018,Ricky Bhui,Batsman,Overseas,,20.0,SRH,0,0,0,0,0,0,0,0.0,0,0,0.0,0,0,0,0,0,0.0,0,0,0,0,0,0,0,0.0,0,0.0,0,0,0,0.0,0,10.0,1.0,0,0,166.92085776062126,146.92085776062126,146.92085776062126,< ₹1 Cr
P0564,2023,Joe Root,Batsman,Overseas,100.0,100.0,RR,0,0,0,0,0,0,0,0.0,0,0,0.0,0,0,0,0,0,0.0,0,0,0,0,0,0,0,0.0,0,0.0,0,0,0,0.0,0,0.0,0.0,0,0,193.840539245101,93.84053924510101,93.84053924510101,₹1–2 Cr
P0566,2016,Barinder Singh Sran,Bowler,Indian,,120.0,SRH,0,0,0,0,0,0,0,0.0,0,0,0.0,0,0,0,0,0,0.0,0,0,18,35,0,0,0,11.666666666666666,0,11.666666666666666,18,0,18,11.666666666666666,1,0.0,0.0,0,1,105.5714709070461,-14.428529092953895,14.428529092953895,₹1–2 Cr
P0566,2018,Barinder Singh Sran,Bowler,Indian,,220.0,PBKS,4,4,3,0,0,0,0,100.0,4,4,100.0,0,0,4,0,0,100.0,1,14,327,477,1,0,0,8.75229357798165,0,14.5,12,14,327,8.75229357798165,3,120.0,1.0,1,1,167.2645180136652,-52.735481986334804,52.735481986334804,₹2–5 Cr
P0566,2019,Barinder Singh Sran,Bowler,Indian,,340.0,MI,7,11,6,0,0,0,0,63.63636363636363,3,7,42.857142857142854,0,0,7,0,0,63.63636363636363,2,18,459,706,1,0,0,9.22875816993464,4,10.40909090909091,132,18,441,9.129251700680271,4,220.0,2.0,1,1,292.3432027258762,-47.65679727412379,47.65679727412379,₹2–5 Cr
P0567,2023,Mukesh Kumar,Bowler,Indian,20.0,550.0,DC,0,0,0,0,0,0,0,0.0,0,0,0.0,0,0,0,0,0,0.0,0,0,0,0,0,0,0,0.0,0,0.0,0,0,0,0.0,0,0.0,0.0,0,0,118.97564863234453,-431.02435136765547,431.02435136765547,₹5–10 Cr
P0569,2022,Simarjeet Singh,Bowler,Indian,,20.0,CSK,0,0,0,0,0,0,0,0.0,0,0,0.0,0,0,0,0,0,0.0,0,0,0,0,0,0,0,0.0,0,0.0,0,0,0,0.0,0,0.0,0.0,0,0,118.97564863234453,98.97564863234453,98.97564863234453,< ₹1 Cr
P0570,2011,Tim Paine,,Overseas,45.0,117.0,PWI,0,0,0,0,0,0,0,0.0,0,0,0.0,0,0,0,0,0,0.0,0,0,0,0,0,0,0,0.0,0,0.0,0,0,0,0.0,0,0.0,0.0,0,0,156.87334560267294,39.87334560267294,39.87334560267294,₹1–2 Cr
P0572,2023,Donovan Ferreira,Wicket-Keeper,Overseas,20.0,50.0,RR,0,0,0,0,0,0,0,0.0,0,0,0.0,0,0,0,0,0,0.0,0,0,0,0,0,0,0,0.0,0,0.0,0,0,0,0.0,0,0.0,0.0,0,0,119.9781973269935,69.9781973269935,69.9781973269935,< ₹1 Cr
P0581,2011,Charl Langeveldt,,Overseas,45.0,58.5,RCB,0,1,1,0,0,0,0,0.0,0,1,0.0,0,0,0,0,0,0.0,1,8,90,103,1,0,0,6.866666666666666,5,8.0,66,8,90,6.866666666666666,2,0.0,0.0,1,1,163.3609621971605,104.86096219716049,104.86096219716049,< ₹1 Cr
P0582,2013,Clinton McKay,Bowler,Overseas,,75.0,SRH,8,15,1,0,0,0,0,53.333333333333336,8,15,53.333333333333336,0,0,8,0,0,53.333333333333336,1,1,42,60,0,0,0,8.571428571428571,1,8.571428571428571,42,1,42,8.571428571428571,1,0.0,0.0,1,1,170.403484763988,95.40348476398799,95.40348476398799,< ₹1 Cr
P0586,2017,Tymal Mills,Bowler,Overseas,,1200.0,RCB,0,0,0,0,0,0,0,0.0,0,0,0.0,0,0,0,0,0,0.0,0,0,0,0,0,0,0,0.0,0,0.0,0,0,0,0.0,0,0.0,0.0,0,0,202.41212654874937,-997.5878734512506,997.5878734512506,₹10+ Cr
P0586,2022,Tymal Mills,Bowler,Overseas,,150.0,MI,8,11,3,0,0,0,1,72.72727272727273,8,11,72.72727272727273,0,0,8,0,0,72.72727272727273,1,5,107,153,0,0,0,8.57943925233645,5,8.57943925233645,107,5,107,8.57943925233645,1,1200.0,1.0,1,1,206.39912160619218,56.39912160619218,56.39912160619218,₹1–2 Cr
P0593,2011,Pankaj Singh,,Indian,22.5,38.25,RR,7,12,5,0,0,0,0,58.333333333333336,1,2,50.0,0,0,7,0,0,58.333333333333336,3,4,162,275,0,0,0,10.185185185185185,2,10.125,48,4,162,10.185185185185185,3,0.0,0.0,1,1,104.70553820810635,66.45553820810635,66.45553820810635,< ₹1 Cr
P0593,2013,Pankaj Singh,Bowler,Indian,,112.5,RCB,7,12,5,0,0,0,0,58.333333333333336,1,2,50.0,0,0,7,0,0,58.333333333333336,3,11,300,468,0,0,0,9.36,7,8.095238095238095,126,9,186,8.838709677419356,5,38.25,1.0,1,1,145.34828308429178,32.84828308429178,32.84828308429178,₹1–2 Cr
P0601,2018,Jason Behrendorff,Bowler,Overseas,,150.0,MI,0,0,0,0,0,0,0,0.0,0,0,0.0,0,0,0,0,0,0.0,0,0,0,0,0,0,0,0.0,0,0.0,0,0,0,0.0,0,0.0,0.0,0,0,202.41212654874937,52.41212654874937,52.41212654874937,₹1–2 Cr
P0601,2022,Jason Behrendorff,Bowler,Overseas,,75.0,RCB,0,0,0,0,0,0,0,0.0,0,0,0.0,0,0,0,0,0,0.0,0,5,114,165,0,0,0,8.68421052631579,5,8.68421052631579,114,5,114,8.68421052631579,1,150.0,1.0,0,1,161.6565680765442,86.6565680765442,86.6565680765442,< ₹1 Cr
P0602,2012,Darren Bravo,,Overseas,50.0,50.0,DCH,0,0,0,0,0,0,0,0.0,0,0,0.0,0,0,0,0,0,0.0,0,0,0,0,0,0,0,0.0,0,0.0,0,0,0,0.0,0,0.0,0.0,0,0,156.87334560267294,106.87334560267294,106.87334560267294,< ₹1 Cr
P0602,2017,Darren Bravo,Batsman,Overseas,,50.0,KKR,0,0,0,0,0,0,0,0.0,0,0,0.0,0,0,0,0,0,0.0,0,0,0,0,0,0,0,0.0,0,0.0,0,0,0,0.0,0,50.0,1.0,0,0,158.02675513366594,108.02675513366594,108.02675513366594,< ₹1 Cr
P0603,2022,Mukesh Choudhary,Bowler,Indian,,20.0,CSK,0,0,0,0,0,0,0,0.0,0,0,0.0,0,0,0,0,0,0.0,0,0,0,0,0,0,0,0.0,0,0.0,0,0,0,0.0,0,0.0,0.0,0,0,118.97564863234453,98.97564863234453,98.97564863234453,< ₹1 Cr
P0605,2016,Peter Handscomb,Wicket-Keeper,Overseas,,30.0,RPS,0,0,0,0,0,0,0,0.0,0,0,0.0,0,0,0,0,0,0.0,0,0,0,0,0,0,0,0.0,0,0.0,0,0,0,0.0,0,0.0,0.0,0,0,119.9781973269935,89.9781973269935,89.9781973269935,< ₹1 Cr
P0607,2013,Ben Laughlin,Bowler,Overseas,,15.0,CSK,0,0,0,0,0,0,0,0.0,0,0,0.0,0,0,0,0,0,0.0,0,0,0,0,0,0,0,0.0,0,0.0,0,0,0,0.0,0,0.0,0.0,0,0,202.41212654874937,187.41212654874937,187.41212654874937,< ₹1 Cr
P0607,2017,Ben Laughlin,Bowler,Overseas,,30.0,SRH,4,9,2,0,0,0,0,44.44444444444444,4,9,44.44444444444444,0,0,4,0,0,44.44444444444444,1,1,42,71,0,0,0,10.142857142857142,1,10.142857142857142,42,1,42,10.142857142857142,1,15.0,1.0,1,1,161.7704034127371,131.7704034127371,131.7704034127371,< ₹1 Cr
P0607,2018,Ben Laughlin,Bowler,Overseas,,50.0,RR,4,9,2,0,0,0,0,44.44444444444444,4,9,44.44444444444444,0,0,4,0,0,44.44444444444444,1,1,42,71,0,0,0,10.142857142857142,1,10.142857142857142,42,1,42,10.142857142857142,1,30.0,2.0,1,1,161.61295023361018,111.61295023361018,111.61295023361018,< ₹1 Cr
P0608,2014,Parvinder Awana,Bowler,Indian,,65.0,PBKS,5,14,5,0,0,0,0,35.714285714285715,1,9,11.11111111111111,0,0,5,0,0,35.714285714285715,2,32,606,784,3,1,0,7.762376237623762,15,7.62962962962963,324,32,606,7.762376237623762,2,0.0,0.0,1,1,136.92752017597465,71.92752017597465,71.92752017597465,< ₹1 Cr
P0609,2017,Billy Stanlake,Bowler,Overseas,,30.0,RCB,0,0,0,0,0,0,0,0.0,0,0,0.0,0,0,0,0,0,0.0,0,0,0,0,0,0,0,0.0,0,0.0,0,0,0,0.0,0,0.0,0.0,0,0,202.41212654874937,172.41212654874937,172.41212654874937,< ₹1 Cr
P0609,2018,Billy Stanlake,Batsman,Overseas,,50.0,SRH,0,0,0,0,0,0,0,0.0,0,0,0.0,0,0,0,0,0,0.0,0,2,48,70,0,0,0,8.75,2,8.75,48,2,48,8.75,1,30.0,1.0,0,1,148.3718983210194,98.37189832101939,98.37189832101939,< ₹1 Cr
P0610,2011,Nuwan Kulasekara,,Overseas,45.0,45.0,CSK,0,0,0,0,0,0,0,0.0,0,0,0.0,0,0,0,0,0,0.0,0,0,0,0,0,0,0,0.0,0,0.0,0,0,0,0.0,0,0.0,0.0,0,0,156.87334560267294,111.87334560267294,111.87334560267294,< ₹1 Cr
P0613,2014,Shivam Sharma,Bowler,Indian,,10.0,PBKS,0,0,0,0,0,0,0,0.0,0,0,0.0,0,0,0,0,0,0.0,0,0,0,0,0,0,0,0.0,0,0.0,0,0,0,0.0,0,0.0,0.0,0,0,118.97564863234453,108.97564863234453,108.97564863234453,< ₹1 Cr
P0614,2022,Fazalhaq Farooqi,Bowler,Overseas,,50.0,SRH,0,0,0,0,0,0,0,0.0,0,0,0.0,0,0,0,0,0,0.0,0,0,0,0,0,0,0,0.0,0,0.0,0,0,0,0.0,0,0.0,0.0,0,0,202.41212654874937,152.41212654874937,152.41212654874937,< ₹1 Cr
P0617,2022,Yash Dayal,Bowler,Indian,,320.0,GT,0,0,0,0,0,0,0,0.0,0,0,0.0,0,0,0,0,0,0.0,0,0,0,0,0,0,0,0.0,0,0.0,0,0,0,0.0,0,0.0,0.0,0,0,118.97564863234453,-201.02435136765547,201.02435136765547,₹2–5 Cr
P0620,2013,Akila Dananjaya,All-Rounder,Overseas,,15.0,CSK,0,0,0,0,0,0,0,0.0,0,0,0.0,0,0,0,0,0,0.0,0,0,0,0,0,0,0,0.0,0,0.0,0,0,0,0.0,0,0.0,0.0,0,0,268.5313619705029,253.53136197050293,253.53136197050293,< ₹1 Cr
P0622,2022,Abhijeet Tomar,Batsman,Indian,,40.0,KKR,0,0,0,0,0,0,0,0.0,0,0,0.0,0,0,0,0,0,0.0,0,0,0,0,0,0,0,0.0,0,0.0,0,0,0,0.0,0,0.0,0.0,0,0,109.70681158718025,69.70681158718025,69.70681158718025,< ₹1 Cr
P0623,2009,Fidel Edwards,Bowler,Overseas,,72.0,DCH,0,0,0,0,0,0,0,0.0,0,0,0.0,0,0,0,0,0,0.0,0,0,0,0,0,0,0,0.0,0,0.0,0,0,0,0.0,0,0.0,0.0,0,0,202.41212654874937,130.41212654874937,130.41212654874937,< ₹1 Cr
P0623,2013,Fidel Edwards,Bowler,Overseas,,157.5,RR,4,5,2,0,0,0,0,80.0,4,5,80.0,0,0,4,0,0,80.0,1,5,140,154,0,0,0,6.6000000000000005,5,6.6000000000000005,140,5,140,6.6000000000000005,1,72.0,1.0,1,1,188.56686726774913,31.06686726774913,31.06686726774913,₹1–2 Cr
P0626,2008,Glenn McGrath,Bowler,Overseas,,147.5,DC,0,0,0,0,0,0,0,0.0,0,0,0.0,0,0,0,0,0,0.0,0,0,0,0,0,0,0,0.0,0,0.0,0,0,0,0.0,0,0.0,0.0,0,0,202.41212654874937,54.91212654874937,54.91212654874937,₹1–2 Cr
P0630,2009,Kamran Khan,Bowler,Indian,,30.0,RR,0,0,0,0,0,0,0,0.0,0,0,0.0,0,0,0,0,0,0.0,0,0,0,0,0,0,0,0.0,0,0.0,0,0,0,0.0,0,0.0,0.0,0,0,118.97564863234453,88.97564863234453,88.97564863234453,< ₹1 Cr
P0633,2009,Jerome Taylor,Bowler,Overseas,,72.0,PBKS,0,0,0,0,0,0,0,0.0,0,0,0.0,0,0,0,0,0,0.0,0,0,0,0,0,0,0,0.0,0,0.0,0,0,0,0.0,0,0.0,0.0,0,0,202.41212654874937,130.41212654874937,130.41212654874937,< ₹1 Cr
P0633,2011,Jerome Taylor,,Overseas,45.0,45.0,PWI,0,0,0,0,0,0,0,0.0,0,0,0.0,0,0,0,0,0,0.0,0,0,0,0,0,0,0,0.0,0,0.0,0,0,0,0.0,0,72.0,1.0,0,0,129.35119474917008,84.35119474917008,84.35119474917008,< ₹1 Cr
P0637,2013,Ajantha Mendis,Bowler,Overseas,,543.75,PWI,1,2,2,0,0,0,0,50.0,1,1,100.0,0,0,1,0,0,50.0,2,6,168,207,0,0,0,7.392857142857143,2,8.25,48,6,168,7.392857142857143,3,0.0,0.0,1,1,215.39416637453516,-328.3558336254648,328.3558336254648,₹5–10 Cr
P0638,2019,Hardus Viljoen,Bowler,Overseas,,75.0,PBKS,0,0,0,0,0,0,0,0.0,0,0,0.0,0,0,0,0,0,0.0,0,0,0,0,0,0,0,0.0,0,0.0,0,0,0,0.0,0,0.0,0.0,0,0,202.41212654874937,127.41212654874937,127.41212654874937,< ₹1 Cr
P0643,2009,Mashrafe Mortaza,Bowler,Overseas,,288.0,KKR,0,0,0,0,0,0,0,0.0,0,0,0.0,0,0,0,0,0,0.0,0,0,0,0,0,0,0,0.0,0,0.0,0,0,0,0.0,0,0.0,0.0,0,0,202.41212654874937,-85.58787345125063,85.58787345125063,₹2–5 Cr
P0652,2014,Ronit More,Bowler,Indian,,10.0,CSK,0,0,0,0,0,0,0,0.0,0,0,0.0,0,0,0,0,0,0.0,0,0,0,0,0,0,0,0.0,0,0.0,0,0,0,0.0,0,0.0,0.0,0,0,118.97564863234453,108.97564863234453,108.97564863234453,< ₹1 Cr
P0659,2023,Manoj Bhandage,All-Rounder,Indian,20.0,20.0,RCB,0,0,0,0,0,0,0,0.0,0,0,0.0,0,0,0,0,0,0.0,0,0,0,0,0,0,0,0.0,0,0.0,0,0,0,0.0,0,0.0,0.0,0,0,112.9879307388618,92.9879307388618,92.9879307388618,< ₹1 Cr
P0660,2023,Mohit Rathee,All-Rounder,Indian,20.0,20.0,PBKS,0,0,0,0,0,0,0,0.0,0,0,0.0,0,0,0,0,0,0.0,0,0,0,0,0,0,0,0.0,0,0.0,0,0,0,0.0,0,0.0,0.0,0,0,112.9879307388618,92.9879307388618,92.9879307388618,< ₹1 Cr
P0668,2023,Shams Mulani,All-Rounder,Indian,20.0,20.0,MI,0,0,0,0,0,0,0,0.0,0,0,0.0,0,0,0,0,0,0.0,0,0,0,0,0,0,0,0.0,0,0.0,0,0,0,0.0,0,0.0,0.0,0,0,112.9879307388618,92.9879307388618,92.9879307388618,< ₹1 Cr
P0671,2014,Beuran Hendricks,Bowler,Overseas,,180.0,PBKS,0,0,0,0,0,0,0,0.0,0,0,0.0,0,0,0,0,0,0.0,0,0,0,0,0,0,0,0.0,0,0.0,0,0,0,0.0,0,0.0,0.0,0,0,202.41212654874937,22.41212654874937,22.41212654874937,₹1–2 Cr
P0673,2012,Marchant de Lange,,Overseas,25.0,25.0,KKR,0,0,0,0,0,0,0,0.0,0,0,0.0,0,0,0,0,0,0.0,0,0,0,0,0,0,0,0.0,0,0.0,0,0,0,0.0,0,0.0,0.0,0,0,156.87334560267294,131.87334560267294,131.87334560267294,< ₹1 Cr
P0673,2014,Marchant De Lange,Bowler,Overseas,,30.0,MI,0,0,0,0,0,0,0,0.0,0,0,0.0,0,0,0,0,0,0.0,0,3,60,107,1,0,0,10.700000000000001,3,10.700000000000001,60,3,60,10.700000000000001,1,25.0,1.0,0,1,144.784249319487,114.784249319487,114.784249319487,< ₹1 Cr
P0675,2010,Shane Bond,Bowler,Overseas,,337.5,KKR,0,0,0,0,0,0,0,0.0,0,0,0.0,0,0,0,0,0,0.0,0,0,0,0,0,0,0,0.0,0,0.0,0,0,0,0.0,0,0.0,0.0,0,0,202.41212654874937,-135.08787345125063,135.08787345125063,₹2–5 Cr
P0678,2010,Harmeet Singh,Bowler,Indian,,20.0,MI,0,0,0,0,0,0,0,0.0,0,0,0.0,0,0,0,0,0,0.0,0,0,0,0,0,0,0,0.0,0,0.0,0,0,0,0.0,0,0.0,0.0,0,0,118.97564863234453,98.97564863234453,98.97564863234453,< ₹1 Cr
P0683,2019,Prithvi Raj Yarra,Bowler,Indian,,20.0,KKR,0,0,0,0,0,0,0,0.0,0,0,0.0,0,0,0,0,0,0.0,0,0,0,0,0,0,0,0.0,0,0.0,0,0,0,0.0,0,0.0,0.0,0,0,118.97564863234453,98.97564863234453,98.97564863234453,< ₹1 Cr
P0687,2022,Rajvardhan Hangargekar,All-Rounder,Indian,,150.0,CSK,0,0,0,0,0,0,0,0.0,0,0,0.0,0,0,0,0,0,0.0,0,0,0,0,0,0,0,0.0,0,0.0,0,0,0,0.0,0,0.0,0.0,0,0,112.9879307388618,-37.012069261138194,37.012069261138194,₹1–2 Cr
P0690,2023,Yash Thakur,Bowler,Indian,20.0,45.0,LSG,0,0,0,0,0,0,0,0.0,0,0,0.0,0,0,0,0,0,0.0,0,0,0,0,0,0,0,0.0,0,0.0,0,0,0,0.0,0,0.0,0.0,0,0,118.97564863234453,73.97564863234453,73.97564863234453,< ₹1 Cr
P0691,2022,Ishan Porel,Bowler,Indian,,25.0,PBKS,0,0,0,0,0,0,0,0.0,0,0,0.0,0,0,0,0,0,0.0,0,1,24,39,0,0,0,9.75,1,9.75,24,1,24,9.75,1,0.0,0.0,0,1,82.7146941805538,57.714694180553806,57.714694180553806,< ₹1 Cr
P0698,2019,Joe Denly,Batsman,Overseas,,100.0,KKR,0,0,0,0,0,0,0,0.0,0,0,0.0,0,0,0,0,0,0.0,0,0,0,0,0,0,0,0.0,0,0.0,0,0,0,0.0,0,0.0,0.0,0,0,193.840539245101,93.84053924510101,93.84053924510101,₹1–2 Cr
P0703,2018,Asif K M,Bowler,Indian,,40.0,CSK,0,0,0,0,0,0,0,0.0,0,0,0.0,0,0,0,0,0,0.0,0,0,0,0,0,0,0,0.0,0,0.0,0,0,0,0.0,0,0.0,0.0,0,0,118.97564863234453,78.97564863234453,78.97564863234453,< ₹1 Cr
P0707,2018,Midhun S,All-Rounder,Indian,,20.0,RR,0,0,0,0,0,0,0,0.0,0,0,0.0,0,0,0,0,0,0.0,0,0,0,0,0,0,0,0.0,0,0.0,0,0,0,0.0,0,0.0,0.0,0,0,112.9879307388618,92.9879307388618,92.9879307388618,< ₹1 Cr
P0708,2023,Suyash Sharma,Bowler,Indian,20.0,20.0,KKR,0,0,0,0,0,0,0,0.0,0,0,0.0,0,0,0,0,0,0.0,0,0,0,0,0,0,0,0.0,0,0.0,0,0,0,0.0,0,0.0,0.0,0,0,118.97564863234453,98.97564863234453,98.97564863234453,< ₹1 Cr
P0711,2014,Veer Pratap Singh,Bowler,Indian,,40.0,KKR,0,1,1,0,0,0,0,0.0,0,1,0.0,0,0,0,0,0,0.0,1,10,204,296,0,0,0,8.705882352941176,10,8.705882352941176,204,10,204,8.705882352941176,1,0.0,0.0,1,1,123.89436757973557,83.89436757973557,83.89436757973557,< ₹1 Cr
P0712,2018,Mayank Dagar,All-Rounder,Indian,,20.0,PBKS,0,0,0,0,0,0,0,0.0,0,0,0.0,0,0,0,0,0,0.0,0,0,0,0,0,0,0,0.0,0,0.0,0,0,0,0.0,0,0.0,0.0,0,0,112.9879307388618,92.9879307388618,92.9879307388618,< ₹1 Cr
P0712,2023,Mayank Dagar,All-Rounder,Indian,20.0,180.0,SRH,0,0,0,0,0,0,0,0.0,0,0,0.0,0,0,0,0,0,0.0,0,0,0,0,0,0,0,0.0,0,0.0,0,0,0,0.0,0,20.0,1.0,0,0,107.6665868291324,-72.3334131708676,72.3334131708676,₹1–2 Cr
P0716,2017,Kulwant Khejroliya,Bowler,Indian,,10.0,MI,0,0,0,0,0,0,0,0.0,0,0,0.0,0,0,0,0,0,0.0,0,0,0,0,0,0,0,0.0,0,0.0,0,0,0,0.0,0,0.0,0.0,0,0,118.97564863234453,108.97564863234453,108.97564863234453,< ₹1 Cr
P0716,2018,Kulwant Khejroliya,Bowler,Indian,,85.0,RCB,0,0,0,0,0,0,0,0.0,0,0,0.0,0,0,0,0,0,0.0,0,0,0,0,0,0,0,0.0,0,0.0,0,0,0,0.0,0,10.0,1.0,0,0,119.30432851918869,34.30432851918869,34.30432851918869,< ₹1 Cr
P0716,2023,Kulwant Khejroliya,Bowler,Indian,20.0,20.0,KKR,0,0,0,0,0,0,0,0.0,0,0,0.0,0,0,0,0,0,0.0,0,3,95,153,0,0,0,9.663157894736841,1,9.200000000000001,30,3,95,9.663157894736841,2,85.0,2.0,0,1,85.89067807051381,65.89067807051381,65.89067807051381,< ₹1 Cr
P0719,2015,Prasanth Padmanabhan,All-Rounder,Indian,,10.0,SRH,0,0,0,0,0,0,0,0.0,0,0,0.0,0,0,0,0,0,0.0,0,0,6,18,0,0,0,18.0,0,18.0,6,0,6,18.0,1,0.0,0.0,0,1,102.40779565955296,92.40779565955296,92.40779565955296,< ₹1 Cr
P0721,2011,Ben Hilfenhaus,,Overseas,22.5,42.75,CSK,0,0,0,0,0,0,0,0.0,0,0,0.0,0,0,0,0,0,0.0,0,0,0,0,0,0,0,0.0,0,0.0,0,0,0,0.0,0,0.0,0.0,0,0,156.87334560267294,114.12334560267294,114.12334560267294,< ₹1 Cr
P0721,2014,Ben Hilfenhaus,Bowler,Overseas,,100.0,CSK,0,0,0,0,0,0,0,0.0,0,0,0.0,0,0,0,0,0,0.0,0,14,204,233,1,0,0,6.852941176470588,14,6.852941176470588,204,14,204,6.852941176470588,1,42.75,1.0,0,1,177.91387731640225,77.91387731640225,77.91387731640225,₹1–2 Cr
P0724,2021,Riley Meredith,Bowler,Overseas,40.0,800.0,PBKS,0,0,0,0,0,0,0,0.0,0,0,0.0,0,0,0,0,0,0.0,0,0,0,0,0,0,0,0.0,0,0.0,0,0,0,0.0,0,0.0,0.0,0,0,202.41212654874937,-597.5878734512506,597.5878734512506,₹5–10 Cr
P0724,2022,Riley Meredith,Bowler,Overseas,,100.0,MI,0,0,0,0,0,0,0,0.0,0,0,0.0,0,0,0,0,0,0.0,0,4,102,169,0,0,0,9.941176470588236,4,9.941176470588236,102,4,102,9.941176470588236,1,800.0,1.0,0,1,181.16115305515896,81.16115305515896,81.16115305515896,₹1–2 Cr
P0727,2022,Kuldeep Sen,Bowler,Indian,,20.0,RR,0,0,0,0,0,0,0,0.0,0,0,0.0,0,0,0,0,0,0.0,0,0,0,0,0,0,0,0.0,0,0.0,0,0,0,0.0,0,0.0,0.0,0,0,118.97564863234453,98.97564863234453,98.97564863234453,< ₹1 Cr
P0727,2026,Kuldeep Sen,Bowler,Indian,,75.0,RR,0,3,1,0,0,0,0,0.0,0,3,0.0,0,0,0,0,0,0.0,1,14,241,387,1,1,0,9.634854771784234,6,10.166666666666666,72,14,241,9.634854771784234,3,20.0,1.0,1,1,130.3102646234296,55.31026462342959,55.31026462342959,< ₹1 Cr
P0728,2020,M Siddharth,Bowler,Indian,,20.0,KKR,0,0,0,0,0,0,0,0.0,0,0,0.0,0,0,0,0,0,0.0,0,0,0,0,0,0,0,0.0,0,0.0,0,0,0,0.0,0,0.0,0.0,0,0,118.97564863234453,98.97564863234453,98.97564863234453,< ₹1 Cr
P0728,2021,M Siddharth,Bowler,Indian,,20.0,DC,0,0,0,0,0,0,0,0.0,0,0,0.0,0,0,0,0,0,0.0,0,0,0,0,0,0,0,0.0,0,0.0,0,0,0,0.0,0,20.0,1.0,0,0,102.57434432580749,82.57434432580749,82.57434432580749,< ₹1 Cr
P0729,2015,Gurinder Sandhu,Bowler,Indian,,170.0,DC,0,0,0,0,0,0,0,0.0,0,0,0.0,0,0,0,0,0,0.0,0,0,0,0,0,0,0,0.0,0,0.0,0,0,0,0.0,0,0.0,0.0,0,0,118.97564863234453,-51.02435136765547,51.02435136765547,₹1–2 Cr
P0730,2018,Sandeep Lamichhane,Bowler,Overseas,,20.0,DC,0,0,0,0,0,0,0,0.0,0,0,0.0,0,0,0,0,0,0.0,0,0,0,0,0,0,0,0.0,0,0.0,0,0,0,0.0,0,0.0,0.0,0,0,202.41212654874937,182.41212654874937,182.41212654874937,< ₹1 Cr
P0737,2020,Sheldon Cottrell,Bowler,Overseas,,850.0,PBKS,0,0,0,0,0,0,0,0.0,0,0,0.0,0,0,0,0,0,0.0,0,0,0,0,0,0,0,0.0,0,0.0,0,0,0,0.0,0,0.0,0.0,0,0,202.41212654874937,-647.5878734512506,647.5878734512506,₹5–10 Cr
P0739,2026,Lungi Ngidi,Bowler,Overseas,,200.0,DC,0,2,1,0,0,0,0,0.0,0,2,0.0,0,0,0,0,0,0.0,1,29,372,529,4,1,0,8.53225806451613,4,10.125,48,18,216,10.36111111111111,4,0.0,0.0,1,1,226.44342094284642,26.443420942846416,26.443420942846416,₹2–5 Cr
P0740,2020,Chris Green,All-Rounder,Overseas,,20.0,KKR,0,0,0,0,0,0,0,0.0,0,0,0.0,0,0,0,0,0,0.0,0,0,0,0,0,0,0,0.0,0,0.0,0,0,0,0.0,0,0.0,0.0,0,0,268.5313619705029,248.53136197050293,248.53136197050293,< ₹1 Cr
P0742,2011,John Hastings,,Overseas,22.5,36.0,KTK,0,0,0,0,0,0,0,0.0,0,0,0.0,0,0,0,0,0,0.0,0,0,0,0,0,0,0,0.0,0,0.0,0,0,0,0.0,0,0.0,0.0,0,0,156.87334560267294,120.87334560267294,120.87334560267294,< ₹1 Cr
P0742,2014,John Hastings,All-Rounder,Overseas,,50.0,CSK,0,0,0,0,0,0,0,0.0,0,0,0.0,0,0,0,0,0,0.0,0,0,0,0,0,0,0,0.0,0,0.0,0,0,0,0.0,0,36.0,1.0,0,0,178.6259875389462,128.6259875389462,128.6259875389462,< ₹1 Cr
P0742,2016,John Hastings,Bowler,Overseas,,130.0,KKR,0,0,0,0,0,0,0,0.0,0,0,0.0,0,0,0,0,0,0.0,0,1,18,29,0,0,0,9.666666666666668,1,9.666666666666668,18,1,18,9.666666666666668,1,50.0,2.0,0,1,179.5539255996493,49.55392559964929,49.55392559964929,₹1–2 Cr
P0744,2014,Pawan Suyal,Bowler,Indian,,10.0,MI,0,0,0,0,0,0,0,0.0,0,0,0.0,0,0,0,0,0,0.0,0,1,18,21,0,0,0,7.0,1,7.0,18,1,18,7.0,1,0.0,0.0,0,1,88.8023560760544,78.8023560760544,78.8023560760544,< ₹1 Cr
P0744,2016,Pawan Suyal,Bowler,Indian,,10.0,DC,0,0,0,0,0,0,0,0.0,0,0,0.0,0,0,0,0,0,0.0,0,2,96,151,0,0,0,9.4375,0,9.5,60,2,96,9.4375,3,10.0,1.0,0,1,117.25632112870473,107.25632112870473,107.25632112870473,< ₹1 Cr
P0754,2016,Nathu Singh,Bowler,Indian,,320.0,MI,0,0,0,0,0,0,0,0.0,0,0,0.0,0,0,0,0,0,0.0,0,0,0,0,0,0,0,0.0,0,0.0,0,0,0,0.0,0,0.0,0.0,0,0,118.97564863234453,-201.02435136765547,201.02435136765547,₹2–5 Cr
P0754,2017,Nathu Singh,Bowler,Indian,,50.0,GL,0,0,0,0,0,0,0,0.0,0,0,0.0,0,0,0,0,0,0.0,0,0,0,0,0,0,0,0.0,0,0.0,0,0,0,0.0,0,320.0,1.0,0,0,105.2093306840624,55.209330684062394,55.209330684062394,< ₹1 Cr
P0754,2019,Nathu Singh,Bowler,Indian,,20.0,DC,0,0,0,0,0,0,0,0.0,0,0,0.0,0,0,0,0,0,0.0,0,1,24,15,0,0,0,3.75,1,3.75,24,1,24,3.75,1,50.0,2.0,0,1,75.08241137159146,55.08241137159146,55.08241137159146,< ₹1 Cr
P0758,2020,Akash Singh,Bowler,Indian,,20.0,RR,0,0,0,0,0,0,0,0.0,0,0,0.0,0,0,0,0,0,0.0,0,0,0,0,0,0,0,0.0,0,0.0,0,0,0,0.0,0,0.0,0.0,0,0,118.97564863234453,98.97564863234453,98.97564863234453,< ₹1 Cr
P0758,2021,Akash Singh,Bowler,Indian,20.0,20.0,RR,0,0,0,0,0,0,0,0.0,0,0,0.0,0,0,0,0,0,0.0,0,0,0,0,0,0,0,0.0,0,0.0,0,0,0,0.0,0,20.0,1.0,0,0,102.57434432580749,82.57434432580749,82.57434432580749,< ₹1 Cr
P0759,2014,Ishwar Chandra Pandey,Bowler,Indian,,150.0,CSK,0,2,1,0,0,0,0,0.0,0,2,0.0,0,0,0,0,0,0.0,1,1,24,50,0,0,0,12.5,1,12.5,24,1,24,12.5,1,0.0,0.0,1,1,113.08051173511876,-36.91948826488124,36.91948826488124,₹1–2 Cr
P0759,2016,Ishwar Chandra Pandey,Bowler,Indian,,20.0,RPS,0,2,1,0,0,0,0,0.0,0,2,0.0,0,0,0,0,0,0.0,1,18,462,591,0,0,0,7.675324675324676,11,7.193548387096774,186,18,462,7.675324675324676,3,150.0,1.0,1,1,119.5680728002647,99.5680728002647,99.5680728002647,< ₹1 Cr
P0760,2016,Scott Boland,Bowler,Overseas,,50.0,RPS,0,0,0,0,0,0,0,0.0,0,0,0.0,0,0,0,0,0,0.0,0,0,0,0,0,0,0,0.0,0,0.0,0,0,0,0.0,0,0.0,0.0,0,0,202.41212654874937,152.41212654874937,152.41212654874937,< ₹1 Cr
P0764,2017,R Sanjay Yadav,All-Rounder,Indian,,10.0,KKR,0,0,0,0,0,0,0,0.0,0,0,0.0,0,0,0,0,0,0.0,0,0,0,0,0,0,0,0.0,0,0.0,0,0,0,0.0,0,0.0,0.0,0,0,112.9879307388618,102.9879307388618,102.9879307388618,< ₹1 Cr
P0765,2022,Tejas Baroka,Bowler,Indian,,20.0,RR,0,0,0,0,0,0,0,0.0,0,0,0.0,0,0,0,0,0,0.0,0,0,21,33,0,0,0,9.428571428571429,0,9.428571428571429,21,0,21,9.428571428571429,1,0.0,0.0,0,1,82.9302884972101,62.9302884972101,62.9302884972101,< ₹1 Cr
P0768,2019,Himmat Singh,Batsman,Indian,,65.0,RCB,0,0,0,0,0,0,0,0.0,0,0,0.0,0,0,0,0,0,0.0,0,0,0,0,0,0,0,0.0,0,0.0,0,0,0,0.0,0,0.0,0.0,0,0,109.70681158718025,44.706811587180255,44.706811587180255,< ₹1 Cr
,2008,MS Dhoni,Wicket-Keeper,Indian,,950.0,CSK,0,0,0,0,0,0,0,0.0,0,0,0.0,0,0,0,0,0,0.0,0,0,0,0,0,0,0,0.0,0,0.0,0,0,0,0.0,0,0.0,,0,0,91.45862118287081,-858.5413788171292,858.5413788171292,₹5–10 Cr
,2008,RP Singh,Bowler,Indian,,375.0,DCH,0,0,0,0,0,0,0,0.0,0,0,0.0,0,0,0,0,0,0.0,0,0,0,0,0,0,0,0.0,0,0.0,0,0,0,0.0,0,0.0,,0,0,118.67426430406971,-256.3257356959303,256.3257356959303,₹2–5 Cr
,2008,Robin Uthappa,Batsman,Indian,,300.0,MI,0,0,0,0,0,0,0,0.0,0,0,0.0,0,0,0,0,0,0.0,0,0,0,0,0,0,0,0.0,0,0.0,0,0,0,0.0,0,0.0,,0,0,110.08526455056162,-189.91473544943838,189.91473544943838,₹2–5 Cr
,2008,Mohammed Kaif,Batsman,Indian,,150.0,RR,0,0,0,0,0,0,0,0.0,0,0,0.0,0,0,0,0,0,0.0,0,0,0,0,0,0,0,0.0,0,0.0,0,0,0,0.0,0,0.0,,0,0,110.08526455056162,-39.91473544943838,39.91473544943838,₹1–2 Cr
,2008,Mohammed Asif,Bowler,Overseas,,125.0,DC,0,0,0,0,0,0,0,0.0,0,0,0.0,0,0,0,0,0,0.0,0,0,0,0,0,0,0,0.0,0,0.0,0,0,0,0.0,0,0.0,,0,0,196.19689931298905,71.19689931298905,71.19689931298905,₹1–2 Cr
,2008,VVS Laxman,Batsman,Indian,,125.0,DCH,0,0,0,0,0,0,0,0.0,0,0,0.0,0,0,0,0,0,0.0,0,0,0,0,0,0,0,0.0,0,0.0,0,0,0,0.0,0,0.0,,0,0,110.08526455056162,-14.914735449438382,14.914735449438382,₹1–2 Cr
,2008,James Hopes,All-Rounder,Overseas,,75.0,PBKS,0,0,0,0,0,0,0,0.0,0,0,0.0,0,0,0,0,0,0.0,0,0,0,0,0,0,0,0.0,0,0.0,0,0,0,0.0,0,0.0,,0,0,246.04276635822015,171.04276635822015,171.04276635822015,< ₹1 Cr
,2008,David Hussey,All-Rounder,Overseas,,62.5,KKR,0,0,0,0,0,0,0,0.0,0,0,0.0,0,0,0,0,0,0.0,0,0,0,0,0,0,0,0.0,0,0.0,0,0,0,0.0,0,0.0,,0,0,246.04276635822015,183.54276635822015,183.54276635822015,< ₹1 Cr
,2008,Ambati Rayudu,Batsman,Indian,,30.0,MI,0,0,0,0,0,0,0,0.0,0,0,0.0,0,0,0,0,0,0.0,0,0,0,0,0,0,0,0.0,0,0.0,0,0,0,0.0,0,0.0,,0,0,110.08526455056162,80.08526455056162,80.08526455056162,< ₹1 Cr
,2009,JP Duminy,Batsman,Overseas,,456.0,MI,0,0,0,0,0,0,0,0.0,0,0,0.0,0,0,0,0,0,0.0,0,0,0,0,0,0,0,0.0,0,0.0,0,0,0,0.0,0,0.0,,0,0,187.70976138329343,-268.2902386167066,268.2902386167066,₹2–5 Cr
,2009,Tyron Henderson,All-Rounder,Overseas,,312.0,RR,0,0,0,0,0,0,0,0.0,0,0,0.0,0,0,0,0,0,0.0,0,0,0,0,0,0,0,0.0,0,0.0,0,0,0,0.0,0,0.0,,0,0,246.04276635822015,-65.95723364177985,65.95723364177985,₹2–5 Cr
,2009,Kyle Mills,Bowler,Overseas,,72.0,PBKS,0,0,0,0,0,0,0,0.0,0,0,0.0,0,0,0,0,0,0.0,0,0,0,0,0,0,0,0.0,0,0.0,0,0,0,0.0,0,0.0,,0,0,196.19689931298905,124.19689931298905,124.19689931298905,< ₹1 Cr
,2009,Yusuf Abdulla,All-Rounder,Overseas,,40.0,DC,0,0,0,0,0,0,0,0.0,0,0,0.0,0,0,0,0,0,0.0,0,0,0,0,0,0,0,0.0,0,0.0,0,0,0,0.0,0,0.0,,0,0,246.04276635822015,206.04276635822015,206.04276635822015,< ₹1 Cr
,2009,Mohammed Ashraful,Batsman,Overseas,,36.0,KKR,0,0,0,0,0,0,0,0.0,0,0,0.0,0,0,0,0,0,0.0,0,0,0,0,0,0,0,0.0,0,0.0,0,0,0,0.0,0,0.0,,0,0,187.70976138329343,151.70976138329343,151.70976138329343,< ₹1 Cr
,2009,S Badrinath,Batsman,Indian,,30.0,CSK,0,0,0,0,0,0,0,0.0,0,0,0.0,0,0,0,0,0,0.0,0,0,0,0,0,0,0,0.0,0,0.0,0,0,0,0.0,0,0.0,,0,0,110.08526455056162,80.08526455056162,80.08526455056162,< ₹1 Cr
,2009,Siddharth Trivedi,Bowler,Indian,,30.0,RR,0,0,0,0,0,0,0,0.0,0,0,0.0,0,0,0,0,0,0.0,0,0,0,0,0,0,0,0.0,0,0.0,0,0,0,0.0,0,0.0,,0,0,118.67426430406971,88.67426430406971,88.67426430406971,< ₹1 Cr
,2009,Ankit Chavan,Bowler,Indian,,25.0,RR,0,0,0,0,0,0,0,0.0,0,0,0.0,0,0,0,0,0,0.0,0,0,0,0,0,0,0,0.0,0,0.0,0,0,0,0.0,0,0.0,,0,0,118.67426430406971,93.67426430406971,93.67426430406971,< ₹1 Cr
,2009,Laxmi Ratan Shukla,All-Rounder,Indian,,25.0,KKR,0,0,0,0,0,0,0,0.0,0,0,0.0,0,0,0,0,0,0.0,0,0,0,0,0,0,0,0.0,0,0.0,0,0,0,0.0,0,0.0,,0,0,117.0631084083359,92.0631084083359,92.0631084083359,< ₹1 Cr
,2009,Swapnil Asnodkar,Batsman,Indian,,25.0,RR,0,0,0,0,0,0,0,0.0,0,0,0.0,0,0,0,0,0,0.0,0,0,0,0,0,0,0,0.0,0,0.0,0,0,0,0.0,0,0.0,,0,0,110.08526455056162,85.08526455056162,85.08526455056162,< ₹1 Cr
,2009,Venugopal Rao,Batsman,Indian,,25.0,DCH,0,0,0,0,0,0,0,0.0,0,0,0.0,0,0,0,0,0,0.0,0,0,0,0,0,0,0,0.0,0,0.0,0,0,0,0.0,0,0.0,,0,0,110.08526455056162,85.08526455056162,85.08526455056162,< ₹1 Cr
,2009,Paul Valthaty,Batsman,Indian,,20.0,PBKS,0,0,0,0,0,0,0,0.0,0,0,0.0,0,0,0,0,0,0.0,0,0,0,0,0,0,0,0.0,0,0.0,0,0,0,0.0,0,0.0,,0,0,110.08526455056162,90.08526455056162,90.08526455056162,< ₹1 Cr
,2009,Vinay Kumar,Bowler,Indian,,20.0,RCB,0,0,0,0,0,0,0,0.0,0,0,0.0,0,0,0,0,0,0.0,0,0,0,0,0,0,0,0.0,0,0.0,0,0,0,0.0,0,0.0,,0,0,118.67426430406971,98.67426430406971,98.67426430406971,< ₹1 Cr
,2009,Yo Mahesh,Bowler,Indian,,20.0,CSK,0,0,0,0,0,0,0,0.0,0,0,0.0,0,0,0,0,0,0.0,0,0,0,0,0,0,0,0.0,0,0.0,0,0,0,0.0,0,0.0,,0,0,118.67426430406971,98.67426430406971,98.67426430406971,< ₹1 Cr
,2009,Abhishek Jhunjhunwala,Batsman,Indian,,15.0,KKR,0,0,0,0,0,0,0,0.0,0,0,0.0,0,0,0,0,0,0.0,0,0,0,0,0,0,0,0.0,0,0.0,0,0,0,0.0,0,0.0,,0,0,110.08526455056162,95.08526455056162,95.08526455056162,< ₹1 Cr
,2009,Anirudha Srikkanth,Batsman,Indian,,15.0,CSK,0,0,0,0,0,0,0,0.0,0,0,0.0,0,0,0,0,0,0.0,0,0,0,0,0,0,0,0.0,0,0.0,0,0,0,0.0,0,0.0,,0,0,110.08526455056162,95.08526455056162,95.08526455056162,< ₹1 Cr
,2009,Arun Karthik,Wicket-Keeper,Indian,,15.0,RCB,0,0,0,0,0,0,0,0.0,0,0,0.0,0,0,0,0,0,0.0,0,0,0,0,0,0,0,0.0,0,0.0,0,0,0,0.0,0,0.0,,0,0,91.45862118287081,76.45862118287081,76.45862118287081,< ₹1 Cr
,2010,Kieron Pollard,All-Rounder,Overseas,,337.5,MI,0,0,0,0,0,0,0,0.0,0,0,0.0,0,0,0,0,0,0.0,0,0,0,0,0,0,0,0.0,0,0.0,0,0,0,0.0,0,0.0,,0,0,246.04276635822015,-91.45723364177985,91.45723364177985,₹2–5 Cr
,2010,Dirk Nannes,Bowler,Overseas,,150.0,DC,0,0,0,0,0,0,0,0.0,0,0,0.0,0,0,0,0,0,0.0,0,0,0,0,0,0,0,0.0,0,0.0,0,0,0,0.0,0,0.0,,0,0,196.19689931298905,46.196899312989046,46.196899312989046,₹1–2 Cr
,2010,Mohammed Kaif,Batsman,Indian,,112.5,RR,0,0,0,0,0,0,0,0.0,0,0,0.0,0,0,0,0,0,0.0,0,0,0,0,0,0,0,0.0,0,0.0,0,0,0,0.0,0,0.0,,0,0,110.08526455056162,-2.414735449438382,2.414735449438382,₹1–2 Cr
,2010,David Hussey,All-Rounder,Overseas,,60.0,PBKS,0,0,0,0,0,0,0,0.0,0,0,0.0,0,0,0,0,0,0.0,0,0,0,0,0,0,0,0.0,0,0.0,0,0,0,0.0,0,0.0,,0,0,246.04276635822015,186.04276635822015,186.04276635822015,< ₹1 Cr
,2010,Michael Lumb,Batsman,Overseas,,50.0,RR,0,0,0,0,0,0,0,0.0,0,0,0.0,0,0,0,0,0,0.0,0,0,0,0,0,0,0,0.0,0,0.0,0,0,0,0.0,0,0.0,,0,0,187.70976138329343,137.70976138329343,137.70976138329343,< ₹1 Cr
,2010,Sudeep Tyagi,Bowler,Indian,,50.0,CSK,0,0,0,0,0,0,0,0.0,0,0,0.0,0,0,0,0,0,0.0,0,0,0,0,0,0,0,0.0,0,0.0,0,0,0,0.0,0,0.0,,0,0,118.67426430406971,68.67426430406971,68.67426430406971,< ₹1 Cr
,2010,Ankeet Chavan,Bowler,Indian,,30.0,RR,0,0,0,0,0,0,0,0.0,0,0,0.0,0,0,0,0,0,0.0,0,0,0,0,0,0,0,0.0,0,0.0,0,0,0,0.0,0,0.0,,0,0,118.67426430406971,88.67426430406971,88.67426430406971,< ₹1 Cr
,2010,Amit Singh,Bowler,Indian,,25.0,PBKS,0,0,0,0,0,0,0,0.0,0,0,0.0,0,0,0,0,0,0.0,0,0,0,0,0,0,0,0.0,0,0.0,0,0,0,0.0,0,0.0,,0,0,118.67426430406971,93.67426430406971,93.67426430406971,< ₹1 Cr
,2010,Jaidev Unadkat,Bowler,Indian,,25.0,RR,0,0,0,0,0,0,0,0.0,0,0,0.0,0,0,0,0,0,0.0,0,0,0,0,0,0,0,0.0,0,0.0,0,0,0,0.0,0,0.0,,0,0,118.67426430406971,93.67426430406971,93.67426430406971,< ₹1 Cr
,2010,Manvinder Bisla,Wicket-Keeper,Indian,,25.0,RCB,0,0,0,0,0,0,0,0.0,0,0,0.0,0,0,0,0,0,0.0,0,0,0,0,0,0,0,0.0,0,0.0,0,0,0,0.0,0,0.0,,0,0,91.45862118287081,66.45862118287081,66.45862118287081,< ₹1 Cr
,2010,Yusuf Abdulla,All-Rounder,Overseas,,22.5,DC,0,0,0,0,0,0,0,0.0,0,0,0.0,0,0,0,0,0,0.0,0,0,0,0,0,0,0,0.0,0,0.0,0,0,0,0.0,0,0.0,,0,0,246.04276635822015,223.54276635822015,223.54276635822015,< ₹1 Cr
,2010,Dinesh Salunkhe,Bowler,Indian,,20.0,CSK,0,0,0,0,0,0,0,0.0,0,0,0.0,0,0,0,0,0,0.0,0,0,0,0,0,0,0,0.0,0,0.0,0,0,0,0.0,0,0.0,,0,0,118.67426430406971,98.67426430406971,98.67426430406971,< ₹1 Cr
,2011,Robin Uthappa,,Indian,90.0,900.0,PWI,0,0,0,0,0,0,0,0.0,0,0,0.0,0,0,0,0,0,0.0,0,0,0,0,0,0,0,0.0,0,0.0,0,0,0,0.0,0,0.0,,0,0,111.34902391597568,-788.6509760840244,788.6509760840244,₹5–10 Cr
,2011,David Hussey,,Overseas,90.0,540.0,KKR,0,0,0,0,0,0,0,0.0,0,0,0.0,0,0,0,0,0,0.0,0,0,0,0,0,0,0,0.0,0,0.0,0,0,0,0.0,0,0.0,,0,0,150.875352632023,-389.124647367977,389.124647367977,₹5–10 Cr
,2011,Sreesanth,,Indian,180.0,405.0,KTK,0,0,0,0,0,0,0,0.0,0,0,0.0,0,0,0,0,0,0.0,0,0,0,0,0,0,0,0.0,0,0.0,0,0,0,0.0,0,0.0,,0,0,111.34902391597568,-293.6509760840243,293.6509760840243,₹2–5 Cr
,2011,Dan Christian,,Overseas,45.0,382.5,DCH,0,0,0,0,0,0,0,0.0,0,0,0.0,0,0,0,0,0,0.0,0,0,0,0,0,0,0,0.0,0,0.0,0,0,0,0.0,0,0.0,,0,0,150.875352632023,-231.624647367977,231.624647367977,₹2–5 Cr
,2011,Ravichandran Ashwin,,Indian,90.0,382.5,CSK,0,0,0,0,0,0,0,0.0,0,0,0.0,0,0,0,0,0,0.0,0,0,0,0,0,0,0,0.0,0,0.0,0,0,0,0.0,0,0.0,,0,0,111.34902391597568,-271.1509760840243,271.1509760840243,₹2–5 Cr
,2011,Venugopal Rao,,Indian,135.0,315.0,DC,0,0,0,0,0,0,0,0.0,0,0,0.0,0,0,0,0,0,0.0,0,0,0,0,0,0,0,0.0,0,0.0,0,0,0,0.0,0,0.0,,0,0,111.34902391597568,-203.6509760840243,203.6509760840243,₹2–5 Cr
,2011,Dirk Nannes,,Overseas,180.0,292.5,RCB,0,0,0,0,0,0,0,0.0,0,0,0.0,0,0,0,0,0,0.0,0,0,0,0,0,0,0,0.0,0,0.0,0,0,0,0.0,0,0.0,,0,0,150.875352632023,-141.624647367977,141.624647367977,₹2–5 Cr
,2011,RP Singh,,Indian,45.0,225.0,KTK,0,0,0,0,0,0,0,0.0,0,0,0.0,0,0,0,0,0,0.0,0,0,0,0,0,0,0,0.0,0,0.0,0,0,0,0.0,0,0.0,,0,0,111.34902391597568,-113.65097608402432,113.65097608402432,₹2–5 Cr
,2011,Morné Morkel,,Overseas,180.0,213.75,DC,0,0,0,0,0,0,0,0.0,0,0,0.0,0,0,0,0,0,0.0,0,0,0,0,0,0,0,0.0,0,0.0,0,0,0,0.0,0,0.0,,0,0,150.875352632023,-62.87464736797699,62.87464736797699,₹2–5 Cr
,2011,Vinay Kumar,,Indian,90.0,202.5,KTK,0,0,0,0,0,0,0,0.0,0,0,0.0,0,0,0,0,0,0.0,0,0,0,0,0,0,0,0.0,0,0.0,0,0,0,0.0,0,0.0,,0,0,111.34902391597568,-91.15097608402432,91.15097608402432,₹2–5 Cr
,2011,Brad Hodge,,Overseas,90.0,191.25,KTK,0,0,0,0,0,0,0,0.0,0,0,0.0,0,0,0,0,0,0.0,0,0,0,0,0,0,0,0.0,0,0.0,0,0,0,0.0,0,0.0,,0,0,150.875352632023,-40.37464736797699,40.37464736797699,₹1–2 Cr
,2011,Stuart Broad,,Overseas,135.0,180.0,PBKS,0,0,0,0,0,0,0,0.0,0,0,0.0,0,0,0,0,0,0.0,0,0,0,0,0,0,0,0.0,0,0.0,0,0,0,0.0,0,0.0,,0,0,150.875352632023,-29.12464736797699,29.12464736797699,₹1–2 Cr
,2011,VVS Laxman,,Indian,90.0,180.0,KTK,0,0,0,0,0,0,0,0.0,0,0,0.0,0,0,0,0,0,0.0,0,0,0,0,0,0,0,0.0,0,0.0,0,0,0,0.0,0,0.0,,0,0,111.34902391597568,-68.65097608402432,68.65097608402432,₹1–2 Cr
,2011,Ashok Dinda,,Indian,90.0,157.5,DC,0,0,0,0,0,0,0,0.0,0,0,0.0,0,0,0,0,0,0.0,0,0,0,0,0,0,0,0.0,0,0.0,0,0,0,0.0,0,0.0,,0,0,111.34902391597568,-46.15097608402432,46.15097608402432,₹1–2 Cr
,2011,James Hopes,,Overseas,90.0,146.25,DC,0,0,0,0,0,0,0,0.0,0,0,0.0,0,0,0,0,0,0.0,0,0,0,0,0,0,0,0.0,0,0.0,0,0,0,0.0,0,0.0,,0,0,150.875352632023,4.625352632023009,4.625352632023009,₹1–2 Cr
,2011,JP Duminy,,Overseas,135.0,135.0,DCH,0,0,0,0,0,0,0,0.0,0,0,0.0,0,0,0,0,0,0.0,0,0,0,0,0,0,0,0.0,0,0.0,0,0,0,0.0,0,0.0,,0,0,150.875352632023,15.87535263202301,15.87535263202301,₹1–2 Cr
,2011,Manpreet Gony,,Indian,45.0,121.5,DCH,0,0,0,0,0,0,0,0.0,0,0,0.0,0,0,0,0,0,0.0,0,0,0,0,0,0,0,0.0,0,0.0,0,0,0,0.0,0,0.0,,0,0,111.34902391597568,-10.150976084024322,10.150976084024322,₹1–2 Cr
,2011,Sudeep Tyagi,,Indian,45.0,94.5,CSK,0,0,0,0,0,0,0,0.0,0,0,0.0,0,0,0,0,0,0.0,0,0,0,0,0,0,0,0.0,0,0.0,0,0,0,0.0,0,0.0,,0,0,111.34902391597568,16.84902391597568,16.84902391597568,< ₹1 Cr
,2011,Davy Jacobs,,Overseas,45.0,81.0,MI,0,0,0,0,0,0,0,0.0,0,0,0.0,0,0,0,0,0,0.0,0,0,0,0,0,0,0,0.0,0,0.0,0,0,0,0.0,0,0.0,,0,0,150.875352632023,69.87535263202301,69.87535263202301,< ₹1 Cr
,2011,Ryan ten Doeschate,,Overseas,45.0,67.5,KKR,0,0,0,0,0,0,0,0.0,0,0,0.0,0,0,0,0,0,0.0,0,0,0,0,0,0,0,0.0,0,0.0,0,0,0,0.0,0,0.0,,0,0,150.875352632023,83.37535263202301,83.37535263202301,< ₹1 Cr
,2011,Mohammed Kaif,,Indian,9.0,54.0,RCB,0,0,0,0,0,0,0,0.0,0,0,0.0,0,0,0,0,0,0.0,0,0,0,0,0,0,0,0.0,0,0.0,0,0,0,0.0,0,0.0,,0,0,111.34902391597568,57.34902391597568,57.34902391597568,< ₹1 Cr
,2011,Francois du Plessis,,Overseas,45.0,49.5,CSK,0,0,0,0,0,0,0,0.0,0,0,0.0,0,0,0,0,0,0.0,0,0,0,0,0,0,0,0.0,0,0.0,0,0,0,0.0,0,0.0,,0,0,150.875352632023,101.37535263202301,101.37535263202301,< ₹1 Cr
,2011,Dimitri Mascarenhas,,Overseas,45.0,45.0,PBKS,0,0,0,0,0,0,0,0.0,0,0,0.0,0,0,0,0,0,0.0,0,0,0,0,0,0,0,0.0,0,0.0,0,0,0,0.0,0,0.0,,0,0,150.875352632023,105.87535263202301,105.87535263202301,< ₹1 Cr
,2011,Alfonso Thomas,,Overseas,45.0,45.0,PWI,0,0,0,0,0,0,0,0.0,0,0,0.0,0,0,0,0,0,0.0,0,0,0,0,0,0,0,0.0,0,0.0,0,0,0,0.0,0,0.0,,0,0,150.875352632023,105.87535263202301,105.87535263202301,< ₹1 Cr
,2011,Clint McKay,,Overseas,45.0,45.0,MI,0,0,0,0,0,0,0,0.0,0,0,0.0,0,0,0,0,0,0.0,0,0,0,0,0,0,0,0.0,0,0.0,0,0,0,0.0,0,0.0,,0,0,150.875352632023,105.87535263202301,105.87535263202301,< ₹1 Cr
,2011,Nathan McCullum,,Overseas,45.0,45.0,PWI,0,0,0,0,0,0,0,0.0,0,0,0.0,0,0,0,0,0,0.0,0,0,0,0,0,0,0,0.0,0,0.0,0,0,0,0.0,0,0.0,,0,0,150.875352632023,105.87535263202301,105.87535263202301,< ₹1 Cr
,2011,Rusty Theron,,Overseas,22.5,36.0,DCH,0,0,0,0,0,0,0,0.0,0,0,0.0,0,0,0,0,0,0.0,0,0,0,0,0,0,0,0.0,0,0.0,0,0,0,0.0,0,0.0,,0,0,150.875352632023,114.87535263202301,114.87535263202301,< ₹1 Cr
,2011,Thissara Perera,,Overseas,22.5,36.0,KTK,0,0,0,0,0,0,0,0.0,0,0,0.0,0,0,0,0,0,0.0,0,0,0,0,0,0,0,0.0,0,0.0,0,0,0,0.0,0,0.0,,0,0,150.875352632023,114.87535263202301,114.87535263202301,< ₹1 Cr
,2011,Michael Lumb,,Overseas,9.0,33.75,DCH,0,0,0,0,0,0,0,0.0,0,0,0.0,0,0,0,0,0,0.0,0,0,0,0,0,0,0,0.0,0,0.0,0,0,0,0.0,0,0.0,,0,0,150.875352632023,117.12535263202301,117.12535263202301,< ₹1 Cr
,2011,Johan van der Wath,,Overseas,22.5,22.5,RCB,0,0,0,0,0,0,0,0.0,0,0,0.0,0,0,0,0,0,0.0,0,0,0,0,0,0,0,0.0,0,0.0,0,0,0,0.0,0,0.0,,0,0,150.875352632023,128.375352632023,128.375352632023,< ₹1 Cr
,2011,Michael Klinger,,Overseas,22.5,22.5,KTK,0,0,0,0,0,0,0,0.0,0,0,0.0,0,0,0,0,0,0.0,0,0,0,0,0,0,0,0.0,0,0.0,0,0,0,0.0,0,0.0,,0,0,150.875352632023,128.375352632023,128.375352632023,< ₹1 Cr
,2011,Aiden Blizzard,,Overseas,9.0,9.0,MI,0,0,0,0,0,0,0,0.0,0,0,0.0,0,0,0,0,0,0.0,0,0,0,0,0,0,0,0.0,0,0.0,0,0,0,0.0,0,0.0,,0,0,150.875352632023,141.875352632023,141.875352632023,< ₹1 Cr
,2011,Jonathan Vandiar,,Overseas,9.0,9.0,RCB,0,0,0,0,0,0,0,0.0,0,0,0.0,0,0,0,0,0,0.0,0,0,0,0,0,0,0,0.0,0,0.0,0,0,0,0.0,0,0.0,,0,0,150.875352632023,141.875352632023,141.875352632023,< ₹1 Cr
,2011,Luke Pomersbach,,Overseas,9.0,9.0,RCB,0,0,0,0,0,0,0,0.0,0,0,0.0,0,0,0,0,0,0.0,0,0,0,0,0,0,0,0.0,0,0.0,0,0,0,0.0,0,0.0,,0,0,150.875352632023,141.875352632023,141.875352632023,< ₹1 Cr
,2011,Nathan Rimmington,,Overseas,9.0,9.0,PBKS,0,0,0,0,0,0,0,0.0,0,0,0.0,0,0,0,0,0,0.0,0,0,0,0,0,0,0,0.0,0,0.0,0,0,0,0.0,0,0.0,,0,0,150.875352632023,141.875352632023,141.875352632023,< ₹1 Cr
,2011,Nuwan Pradeep,,Overseas,9.0,9.0,RCB,0,0,0,0,0,0,0,0.0,0,0,0.0,0,0,0,0,0,0.0,0,0,0,0,0,0,0,0.0,0,0.0,0,0,0,0.0,0,0.0,,0,0,150.875352632023,141.875352632023,141.875352632023,< ₹1 Cr
,2011,Robert Frylinck,,Overseas,9.0,9.0,DC,0,0,0,0,0,0,0,0.0,0,0,0.0,0,0,0,0,0,0.0,0,0,0,0,0,0,0,0.0,0,0.0,0,0,0,0.0,0,0.0,,0,0,150.875352632023,141.875352632023,141.875352632023,< ₹1 Cr
,2011,Suraj Randiv,,Overseas,9.0,9.0,CSK,0,0,0,0,0,0,0,0.0,0,0,0.0,0,0,0,0,0,0.0,0,0,0,0,0,0,0,0.0,0,0.0,0,0,0,0.0,0,0.0,,0,0,150.875352632023,141.875352632023,141.875352632023,< ₹1 Cr
,2011,Travis Birt,,Overseas,9.0,9.0,DC,0,0,0,0,0,0,0,0.0,0,0,0.0,0,0,0,0,0,0.0,0,0,0,0,0,0,0,0.0,0,0.0,0,0,0,0.0,0,0.0,,0,0,150.875352632023,141.875352632023,141.875352632023,< ₹1 Cr
,2011,Stephen O'Keefe,,Overseas,,,KTK,0,0,0,0,0,0,0,0.0,0,0,0.0,0,0,0,0,0,0.0,0,0,0,0,0,0,0,0.0,0,0.0,0,0,0,0.0,0,0.0,,0,0,150.875352632023,,,₹10+ Cr
,2012,Vinay Kumar,,Indian,50.0,500.0,RCB,0,0,0,0,0,0,0,0.0,0,0,0.0,0,0,0,0,0,0.0,0,0,0,0,0,0,0,0.0,0,0.0,0,0,0,0.0,0,0.0,,0,0,111.34902391597568,-388.6509760840243,388.6509760840243,₹5–10 Cr
,2012,Brad Hodge,,Overseas,100.0,237.5,RR,0,0,0,0,0,0,0,0.0,0,0,0.0,0,0,0,0,0,0.0,0,0,0,0,0,0,0,0.0,0,0.0,0,0,0,0.0,0,0.0,,0,0,150.875352632023,-86.62464736797699,86.62464736797699,₹2–5 Cr
,2012,Sreesanth,,Indian,200.0,200.0,RR,0,0,0,0,0,0,0,0.0,0,0,0.0,0,0,0,0,0,0.0,0,0,0,0,0,0,0,0.0,0,0.0,0,0,0,0.0,0,0.0,,0,0,111.34902391597568,-88.65097608402432,88.65097608402432,₹2–5 Cr
,2012,Daniel Harris,,Overseas,25.0,35.0,DCH,0,0,0,0,0,0,0,0.0,0,0,0.0,0,0,0,0,0,0.0,0,0,0,0,0,0,0,0.0,0,0.0,0,0,0,0.0,0,0.0,,0,0,150.875352632023,115.87535263202301,115.87535263202301,< ₹1 Cr
,2012,Dinesh Chandimal,,Overseas,25.0,25.0,RR,0,0,0,0,0,0,0,0.0,0,0,0.0,0,0,0,0,0,0.0,0,0,0,0,0,0,0,0.0,0,0.0,0,0,0,0.0,0,0.0,,0,0,150.875352632023,125.87535263202301,125.87535263202301,< ₹1 Cr
,2012,Doug Bracewell,,Overseas,25.0,25.0,DC,0,0,0,0,0,0,0,0.0,0,0,0.0,0,0,0,0,0,0.0,0,0,0,0,0,0,0,0.0,0,0.0,0,0,0,0.0,0,0.0,,0,0,150.875352632023,125.87535263202301,125.87535263202301,< ₹1 Cr
,2012,Kevon Cooper,,Overseas,25.0,25.0,RR,0,0,0,0,0,0,0,0.0,0,0,0.0,0,0,0,0,0,0.0,0,0,0,0,0,0,0,0.0,0,0.0,0,0,0,0.0,0,0.0,,0,0,150.875352632023,125.87535263202301,125.87535263202301,< ₹1 Cr
,2013,Christopher Morris,All-Rounder,Overseas,,468.75,CSK,0,0,0,0,0,0,0,0.0,0,0,0.0,0,0,0,0,0,0.0,0,0,0,0,0,0,0,0.0,0,0.0,0,0,0,0.0,0,0.0,,0,0,246.04276635822015,-222.70723364177985,222.70723364177985,₹2–5 Cr
,2013,Sachithra Senanayaka,All-Rounder,Overseas,,468.75,KKR,0,0,0,0,0,0,0,0.0,0,0,0.0,0,0,0,0,0,0.0,0,0,0,0,0,0,0,0.0,0,0.0,0,0,0,0.0,0,0.0,,0,0,246.04276635822015,-222.70723364177985,222.70723364177985,₹2–5 Cr
,2013,Dirk Nannes,Bowler,Overseas,,450.0,CSK,0,0,0,0,0,0,0,0.0,0,0,0.0,0,0,0,0,0,0.0,0,0,0,0,0,0,0,0.0,0,0.0,0,0,0,0.0,0,0.0,,0,0,196.19689931298905,-253.80310068701095,253.80310068701095,₹2–5 Cr
,2013,Manpreet Gony,Bowler,Indian,,375.0,PBKS,0,0,0,0,0,0,0,0.0,0,0,0.0,0,0,0,0,0,0.0,0,0,0,0,0,0,0,0.0,0,0.0,0,0,0,0.0,0,0.0,,0,0,118.67426430406971,-256.3257356959303,256.3257356959303,₹2–5 Cr
,2013,Darren Sammy,All-Rounder,Overseas,,318.75,SRH,0,0,0,0,0,0,0,0.0,0,0,0.0,0,0,0,0,0,0.0,0,0,0,0,0,0,0,0.0,0,0.0,0,0,0,0.0,0,0.0,,0,0,246.04276635822015,-72.70723364177985,72.70723364177985,₹2–5 Cr
,2013,Rudra Pratap Singh,Bowler,Indian,,300.0,RCB,0,0,0,0,0,0,0,0.0,0,0,0.0,0,0,0,0,0,0.0,0,0,0,0,0,0,0,0.0,0,0.0,0,0,0,0.0,0,0.0,,0,0,118.67426430406971,-181.3257356959303,181.3257356959303,₹2–5 Cr
,2013,Luke Pomersbach,Batsman,Overseas,,225.0,PBKS,0,0,0,0,0,0,0,0.0,0,0,0.0,0,0,0,0,0,0.0,0,0,0,0,0,0,0,0.0,0,0.0,0,0,0,0.0,0,0.0,,0,0,187.70976138329343,-37.290238616706574,37.290238616706574,₹2–5 Cr
,2013,Nathan McCullum,Bowler,Overseas,,75.0,SRH,0,0,0,0,0,0,0,0.0,0,0,0.0,0,0,0,0,0,0.0,0,0,0,0,0,0,0,0.0,0,0.0,0,0,0,0.0,0,0.0,,0,0,196.19689931298905,121.19689931298905,121.19689931298905,< ₹1 Cr
,2013,Philip Hughes,Batsman,Overseas,,75.0,MI,0,0,0,0,0,0,0,0.0,0,0,0.0,0,0,0,0,0,0.0,0,0,0,0,0,0,0,0.0,0,0.0,0,0,0,0.0,0,0.0,,0,0,187.70976138329343,112.70976138329343,112.70976138329343,< ₹1 Cr
,2013,Sudeep Tyagi,Bowler,Indian,,75.0,SRH,0,0,0,0,0,0,0,0.0,0,0,0.0,0,0,0,0,0,0.0,0,0,0,0,0,0,0,0.0,0,0.0,0,0,0,0.0,0,0.0,,0,0,118.67426430406971,43.67426430406971,43.67426430406971,< ₹1 Cr
,2013,Christopher Barnwell,All-Rounder,Overseas,,37.5,RCB,0,0,0,0,0,0,0,0.0,0,0,0.0,0,0,0,0,0,0.0,0,0,0,0,0,0,0,0.0,0,0.0,0,0,0,0.0,0,0.0,,0,0,246.04276635822015,208.54276635822015,208.54276635822015,< ₹1 Cr
,2013,Jeevan Mendis,All-Rounder,Overseas,,37.5,DC,0,0,0,0,0,0,0,0.0,0,0,0.0,0,0,0,0,0,0.0,0,0,0,0,0,0,0,0.0,0,0.0,0,0,0,0.0,0,0.0,,0,0,246.04276635822015,208.54276635822015,208.54276635822015,< ₹1 Cr
,2013,Kusal Janith Perera,Wicket-Keeper,Indian,,15.0,RR,0,0,0,0,0,0,0,0.0,0,0,0.0,0,0,0,0,0,0.0,0,0,0,0,0,0,0,0.0,0,0.0,0,0,0,0.0,0,0.0,,0,0,91.45862118287081,76.45862118287081,76.45862118287081,< ₹1 Cr
,2014,Robin Uthappa,Batsman,Indian,,500.0,KKR,0,0,0,0,0,0,0,0.0,0,0,0.0,0,0,0,0,0,0.0,0,0,0,0,0,0,0,0.0,0,0.0,0,0,0,0.0,0,0.0,,0,0,110.08526455056162,-389.91473544943835,389.91473544943835,₹5–10 Cr
,2014,Karn Sharma,Bowler,Indian,,375.0,SRH,0,0,0,0,0,0,0,0.0,0,0,0.0,0,0,0,0,0,0.0,0,0,0,0,0,0,0,0.0,0,0.0,0,0,0,0.0,0,0.0,,0,0,118.67426430406971,-256.3257356959303,256.3257356959303,₹2–5 Cr
,2014,Darren Sammy,All-Rounder,Overseas,,350.0,SRH,0,0,0,0,0,0,0,0.0,0,0,0.0,0,0,0,0,0,0.0,0,0,0,0,0,0,0,0.0,0,0.0,0,0,0,0.0,0,0.0,,0,0,246.04276635822015,-103.95723364177985,103.95723364177985,₹2–5 Cr
,2014,Rishi Dhawan,All-Rounder,Indian,,300.0,PBKS,0,0,0,0,0,0,0,0.0,0,0,0.0,0,0,0,0,0,0.0,0,0,0,0,0,0,0,0.0,0,0.0,0,0,0,0.0,0,0.0,,0,0,117.0631084083359,-182.9368915916641,182.9368915916641,₹2–5 Cr
,2014,Ranganath Vinay Kumar,Bowler,Indian,,280.0,KKR,0,0,0,0,0,0,0,0.0,0,0,0.0,0,0,0,0,0,0.0,0,0,0,0,0,0,0,0.0,0,0.0,0,0,0,0.0,0,0.0,,0,0,118.67426430406971,-161.3257356959303,161.3257356959303,₹2–5 Cr
,2014,Brad Hodge,Batsman,Overseas,,240.0,RR,0,0,0,0,0,0,0,0.0,0,0,0.0,0,0,0,0,0,0.0,0,0,0,0,0,0,0,0.0,0,0.0,0,0,0,0.0,0,0.0,,0,0,187.70976138329343,-52.290238616706574,52.290238616706574,₹2–5 Cr
,2014,Kedar Jadhav,Batsman,Indian,,200.0,DC,0,0,0,0,0,0,0,0.0,0,0,0.0,0,0,0,0,0,0.0,0,0,0,0,0,0,0,0.0,0,0.0,0,0,0,0.0,0,0.0,,0,0,110.08526455056162,-89.91473544943838,89.91473544943838,₹2–5 Cr
,2014,Rahul Sharma,Bowler,Indian,,190.0,DC,0,0,0,0,0,0,0,0.0,0,0,0.0,0,0,0,0,0,0.0,0,0,0,0,0,0,0,0.0,0,0.0,0,0,0,0.0,0,0.0,,0,0,118.67426430406971,-71.32573569593029,71.32573569593029,₹1–2 Cr
,2014,Ashok Dinda,Bowler,Indian,,150.0,RCB,0,0,0,0,0,0,0,0.0,0,0,0.0,0,0,0,0,0,0.0,0,0,0,0,0,0,0,0.0,0,0.0,0,0,0,0.0,0,0.0,,0,0,118.67426430406971,-31.32573569593029,31.32573569593029,₹1–2 Cr
,2014,Laxmi Ratan Shukla,All-Rounder,Indian,,150.0,DC,0,0,0,0,0,0,0,0.0,0,0,0.0,0,0,0,0,0,0.0,0,0,0,0,0,0,0,0.0,0,0.0,0,0,0,0.0,0,0.0,,0,0,117.0631084083359,-32.93689159166409,32.93689159166409,₹1–2 Cr
,2014,Gurkeerat Singh Mann,Batsman,Indian,,130.0,PBKS,0,0,0,0,0,0,0,0.0,0,0,0.0,0,0,0,0,0,0.0,0,0,0,0,0,0,0,0.0,0,0.0,0,0,0,0.0,0,0.0,,0,0,110.08526455056162,-19.914735449438382,19.914735449438382,₹1–2 Cr
,2014,KL Rahul,Batsman,Indian,,100.0,SRH,0,0,0,0,0,0,0,0.0,0,0,0.0,0,0,0,0,0,0.0,0,0,0,0,0,0,0,0.0,0,0.0,0,0,0,0.0,0,0.0,,0,0,110.08526455056162,10.085264550561618,10.085264550561618,₹1–2 Cr
,2014,Pat Cummins,Bowler,Overseas,,100.0,KKR,0,0,0,0,0,0,0,0.0,0,0,0.0,0,0,0,0,0,0.0,0,0,0,0,0,0,0,0.0,0,0.0,0,0,0,0.0,0,0.0,,0,0,196.19689931298905,96.19689931298905,96.19689931298905,₹1–2 Cr
,2014,Ryan Ten Doeschate,All-Rounder,Overseas,,100.0,KKR,0,0,0,0,0,0,0,0.0,0,0,0.0,0,0,0,0,0,0.0,0,0,0,0,0,0,0,0.0,0,0.0,0,0,0,0.0,0,0.0,,0,0,246.04276635822015,146.04276635822015,146.04276635822015,₹1–2 Cr
,2014,Parveez Rasool,All-Rounder,Indian,,95.0,SRH,0,0,0,0,0,0,0,0.0,0,0,0.0,0,0,0,0,0,0.0,0,0,0,0,0,0,0,0.0,0,0.0,0,0,0,0.0,0,0.0,,0,0,117.0631084083359,22.063108408335907,22.063108408335907,< ₹1 Cr
,2014,Jalaj Saxena,All-Rounder,Indian,,90.0,MI,0,0,0,0,0,0,0,0.0,0,0,0.0,0,0,0,0,0,0.0,0,0,0,0,0,0,0,0.0,0,0.0,0,0,0,0.0,0,0.0,,0,0,117.0631084083359,27.063108408335907,27.063108408335907,< ₹1 Cr
,2014,Mandeep Hardev Singh,All-Rounder,Indian,,80.0,PBKS,0,0,0,0,0,0,0,0.0,0,0,0.0,0,0,0,0,0,0.0,0,0,0,0,0,0,0,0.0,0,0.0,0,0,0,0.0,0,0.0,,0,0,117.0631084083359,37.06310840833591,37.06310840833591,< ₹1 Cr
,2014,Akshar Rajesh Patel,All-Rounder,Indian,,75.0,PBKS,0,0,0,0,0,0,0,0.0,0,0,0.0,0,0,0,0,0,0.0,0,0,0,0,0,0,0,0.0,0,0.0,0,0,0,0.0,0,0.0,,0,0,117.0631084083359,42.06310840833591,42.06310840833591,< ₹1 Cr
,2014,Suryakumar Yadav,Batsman,Indian,,70.0,KKR,0,0,0,0,0,0,0,0.0,0,0,0.0,0,0,0,0,0,0.0,0,0,0,0,0,0,0,0.0,0,0.0,0,0,0,0.0,0,0.0,,0,0,110.08526455056162,40.08526455056162,40.08526455056162,< ₹1 Cr
,2014,Iqbal Abdullah,All-Rounder,Indian,,65.0,RR,0,0,0,0,0,0,0,0.0,0,0,0.0,0,0,0,0,0,0.0,0,0,0,0,0,0,0,0.0,0,0.0,0,0,0,0.0,0,0.0,,0,0,117.0631084083359,52.06310840833591,52.06310840833591,< ₹1 Cr
,2014,Manvinder Bisla,Wicket-Keeper,Indian,,60.0,KKR,0,0,0,0,0,0,0,0.0,0,0,0.0,0,0,0,0,0,0.0,0,0,0,0,0,0,0,0.0,0,0.0,0,0,0,0.0,0,0.0,,0,0,91.45862118287081,31.458621182870814,31.458621182870814,< ₹1 Cr
,2014,Venugopal Rao,Batsman,Indian,,55.0,SRH,0,0,0,0,0,0,0,0.0,0,0,0.0,0,0,0,0,0,0.0,0,0,0,0,0,0,0,0.0,0,0.0,0,0,0,0.0,0,0.0,,0,0,110.08526455056162,55.08526455056162,55.08526455056162,< ₹1 Cr
,2014,Nic Maddinson,Batsman,Overseas,,50.0,RCB,0,0,0,0,0,0,0,0.0,0,0,0.0,0,0,0,0,0,0.0,0,0,0,0,0,0,0,0.0,0,0.0,0,0,0,0.0,0,0.0,,0,0,187.70976138329343,137.70976138329343,137.70976138329343,< ₹1 Cr
,2014,Siddarth Kaul,Bowler,Indian,,45.0,DC,0,0,0,0,0,0,0,0.0,0,0,0.0,0,0,0,0,0,0.0,0,0,0,0,0,0,0,0.0,0,0.0,0,0,0,0.0,0,0.0,,0,0,118.67426430406971,73.67426430406971,73.67426430406971,< ₹1 Cr
,2014,Deepak Hooda,Bowler,Indian,,40.0,RR,0,0,0,0,0,0,0,0.0,0,0,0.0,0,0,0,0,0,0.0,0,0,0,0,0,0,0,0.0,0,0.0,0,0,0,0.0,0,0.0,,0,0,118.67426430406971,78.67426430406971,78.67426430406971,< ₹1 Cr
,2014,Harshal Patel,Bowler,Indian,,40.0,RCB,0,0,0,0,0,0,0,0.0,0,0,0.0,0,0,0,0,0,0.0,0,0,0,0,0,0,0,0.0,0,0.0,0,0,0,0.0,0,0.0,,0,0,118.67426430406971,78.67426430406971,78.67426430406971,< ₹1 Cr
,2014,Kuldeep Yadav,Bowler,Indian,,40.0,KKR,0,0,0,0,0,0,0,0.0,0,0,0.0,0,0,0,0,0,0.0,0,0,0,0,0,0,0,0.0,0,0.0,0,0,0,0.0,0,0.0,,0,0,118.67426430406971,78.67426430406971,78.67426430406971,< ₹1 Cr
,2014,Brendan Taylor,Wicket-Keeper,Overseas,,30.0,SRH,0,0,0,0,0,0,0,0.0,0,0,0.0,0,0,0,0,0,0.0,0,0,0,0,0,0,0,0.0,0,0.0,0,0,0,0.0,0,0.0,,0,0,118.31141548890781,88.31141548890781,88.31141548890781,< ₹1 Cr
,2014,Dishant Yagnik,Wicket-Keeper,Indian,,30.0,RR,0,0,0,0,0,0,0,0.0,0,0,0.0,0,0,0,0,0,0.0,0,0,0,0,0,0,0,0.0,0,0.0,0,0,0,0.0,0,0.0,,0,0,91.45862118287081,61.458621182870814,61.458621182870814,< ₹1 Cr
,2014,Kevon Cooper,All-Rounder,Overseas,,30.0,RR,0,0,0,0,0,0,0,0.0,0,0,0.0,0,0,0,0,0,0.0,0,0,0,0,0,0,0,0.0,0,0.0,0,0,0,0.0,0,0.0,,0,0,246.04276635822015,216.04276635822015,216.04276635822015,< ₹1 Cr
,2014,Krismar Santokie,Bowler,Overseas,,30.0,MI,0,0,0,0,0,0,0,0.0,0,0,0.0,0,0,0,0,0,0.0,0,0,0,0,0,0,0,0.0,0,0.0,0,0,0,0.0,0,0.0,,0,0,196.19689931298905,166.19689931298905,166.19689931298905,< ₹1 Cr
,2014,Matt Henry,Bowler,Overseas,,30.0,CSK,0,0,0,0,0,0,0,0.0,0,0,0.0,0,0,0,0,0,0.0,0,0,0,0,0,0,0,0.0,0,0.0,0,0,0,0.0,0,0.0,,0,0,196.19689931298905,166.19689931298905,166.19689931298905,< ₹1 Cr
,2014,Prasanth Parameswaran,Bowler,Indian,,30.0,SRH,0,0,0,0,0,0,0,0.0,0,0,0.0,0,0,0,0,0,0.0,0,0,0,0,0,0,0,0.0,0,0.0,0,0,0,0.0,0,0.0,,0,0,118.67426430406971,88.67426430406971,88.67426430406971,< ₹1 Cr
,2014,Samuel Badree,Bowler,Overseas,,30.0,CSK,0,0,0,0,0,0,0,0.0,0,0,0.0,0,0,0,0,0,0.0,0,0,0,0,0,0,0,0.0,0,0.0,0,0,0,0.0,0,0.0,,0,0,196.19689931298905,166.19689931298905,166.19689931298905,< ₹1 Cr
,2014,Vijay Zol,Batsman,Indian,,30.0,RCB,0,0,0,0,0,0,0,0.0,0,0,0.0,0,0,0,0,0,0.0,0,0,0,0,0,0,0,0.0,0,0.0,0,0,0,0.0,0,0.0,,0,0,110.08526455056162,80.08526455056162,80.08526455056162,< ₹1 Cr
,2014,Ashish Reddy,Bowler,Indian,,20.0,SRH,0,0,0,0,0,0,0,0.0,0,0,0.0,0,0,0,0,0,0.0,0,0,0,0,0,0,0,0.0,0,0.0,0,0,0,0.0,0,0.0,,0,0,118.67426430406971,98.67426430406971,98.67426430406971,< ₹1 Cr
,2014,C M Gautam,Wicket-Keeper,Indian,,20.0,MI,0,0,0,0,0,0,0,0.0,0,0,0.0,0,0,0,0,0,0.0,0,0,0,0,0,0,0,0.0,0,0.0,0,0,0,0.0,0,0.0,,0,0,91.45862118287081,71.45862118287081,71.45862118287081,< ₹1 Cr
,2014,Sachin Rana,Bowler,Indian,,20.0,RCB,0,0,0,0,0,0,0,0.0,0,0,0.0,0,0,0,0,0,0.0,0,0,0,0,0,0,0,0.0,0,0.0,0,0,0,0.0,0,0.0,,0,0,118.67426430406971,98.67426430406971,98.67426430406971,< ₹1 Cr
,2014,Srikkanth Anirudha,Batsman,Indian,,20.0,SRH,0,0,0,0,0,0,0,0.0,0,0,0.0,0,0,0,0,0,0.0,0,0,0,0,0,0,0,0.0,0,0.0,0,0,0,0.0,0,0.0,,0,0,110.08526455056162,90.08526455056162,90.08526455056162,< ₹1 Cr
,2014,Vikramjeet Malik,Bowler,Indian,,20.0,RR,0,0,0,0,0,0,0,0.0,0,0,0.0,0,0,0,0,0,0.0,0,0,0,0,0,0,0,0.0,0,0.0,0,0,0,0.0,0,0.0,,0,0,118.67426430406971,98.67426430406971,98.67426430406971,< ₹1 Cr
,2014,Ankit Nagendra Sharma,Bowler,Indian,,10.0,RR,0,0,0,0,0,0,0,0.0,0,0,0.0,0,0,0,0,0,0.0,0,0,0,0,0,0,0,0.0,0,0.0,0,0,0,0.0,0,0.0,,0,0,118.67426430406971,108.67426430406971,108.67426430406971,< ₹1 Cr
,2014,Ankush Bains,Wicket-Keeper,Indian,,10.0,RR,0,0,0,0,0,0,0,0.0,0,0,0.0,0,0,0,0,0,0.0,0,0,0,0,0,0,0,0.0,0,0.0,0,0,0,0.0,0,0.0,,0,0,91.45862118287081,81.45862118287081,81.45862118287081,< ₹1 Cr
,2014,Apoorv Vijay Wankhade,Batsman,Indian,,10.0,MI,0,0,0,0,0,0,0,0.0,0,0,0.0,0,0,0,0,0,0.0,0,0,0,0,0,0,0,0.0,0,0.0,0,0,0,0.0,0,0.0,,0,0,110.08526455056162,100.08526455056162,100.08526455056162,< ₹1 Cr
,2014,Baba Aparajith,Batsman,Indian,,10.0,CSK,0,0,0,0,0,0,0,0.0,0,0,0.0,0,0,0,0,0,0.0,0,0,0,0,0,0,0,0.0,0,0.0,0,0,0,0.0,0,0.0,,0,0,110.08526455056162,100.08526455056162,100.08526455056162,< ₹1 Cr
,2014,Chama Milind,Bowler,Indian,,10.0,SRH,0,0,0,0,0,0,0,0.0,0,0,0.0,0,0,0,0,0,0.0,0,0,0,0,0,0,0,0.0,0,0.0,0,0,0,0.0,0,0.0,,0,0,118.67426430406971,108.67426430406971,108.67426430406971,< ₹1 Cr
,2014,HS Sharath,Bowler,Indian,,10.0,DC,0,0,0,0,0,0,0,0.0,0,0,0.0,0,0,0,0,0,0.0,0,0,0,0,0,0,0,0.0,0,0.0,0,0,0,0.0,0,0.0,,0,0,118.67426430406971,108.67426430406971,108.67426430406971,< ₹1 Cr
,2014,Manprit Juneja,Batsman,Indian,,10.0,SRH,0,0,0,0,0,0,0,0.0,0,0,0.0,0,0,0,0,0,0.0,0,0,0,0,0,0,0,0.0,0,0.0,0,0,0,0.0,0,0.0,,0,0,110.08526455056162,100.08526455056162,100.08526455056162,< ₹1 Cr
,2014,Milind Kumar,Batsman,Indian,,10.0,DC,0,0,0,0,0,0,0,0.0,0,0,0.0,0,0,0,0,0,0.0,0,0,0,0,0,0,0,0.0,0,0.0,0,0,0,0.0,0,0.0,,0,0,110.08526455056162,100.08526455056162,100.08526455056162,< ₹1 Cr
,2014,Pravin Tambe,Bowler,Indian,,10.0,RR,0,0,0,0,0,0,0,0.0,0,0,0.0,0,0,0,0,0,0.0,0,0,0,0,0,0,0,0.0,0,0.0,0,0,0,0.0,0,0.0,,0,0,118.67426430406971,108.67426430406971,108.67426430406971,< ₹1 Cr
,2014,Rahul Tewatia,All-Rounder,Indian,,10.0,RR,0,0,0,0,0,0,0,0.0,0,0,0.0,0,0,0,0,0,0.0,0,0,0,0,0,0,0,0.0,0,0.0,0,0,0,0.0,0,0.0,,0,0,117.0631084083359,107.0631084083359,107.0631084083359,< ₹1 Cr
,2014,Sandeep Warrier,Bowler,Indian,,10.0,RCB,0,0,0,0,0,0,0,0.0,0,0,0.0,0,0,0,0,0,0.0,0,0,0,0,0,0,0,0.0,0,0.0,0,0,0,0.0,0,0.0,,0,0,118.67426430406971,108.67426430406971,108.67426430406971,< ₹1 Cr
,2014,Sayan Sekhar Mandal,All-Rounder,Indian,,10.0,KKR,0,0,0,0,0,0,0,0.0,0,0,0.0,0,0,0,0,0,0.0,0,0,0,0,0,0,0,0.0,0,0.0,0,0,0,0.0,0,0.0,,0,0,117.0631084083359,107.0631084083359,107.0631084083359,< ₹1 Cr
,2014,Shreyas Gopal,Bowler,Indian,,10.0,MI,0,0,0,0,0,0,0,0.0,0,0,0.0,0,0,0,0,0,0.0,0,0,0,0,0,0,0,0.0,0,0.0,0,0,0,0.0,0,0.0,,0,0,118.67426430406971,108.67426430406971,108.67426430406971,< ₹1 Cr
,2014,Sushant Marathe,Wicket-Keeper,Indian,,10.0,MI,0,0,0,0,0,0,0,0.0,0,0,0.0,0,0,0,0,0,0.0,0,0,0,0,0,0,0,0.0,0,0.0,0,0,0,0.0,0,0.0,,0,0,91.45862118287081,81.45862118287081,81.45862118287081,< ₹1 Cr
,2014,Tanmay Mishra,Batsman,Indian,,10.0,RCB,0,0,0,0,0,0,0,0.0,0,0,0.0,0,0,0,0,0,0.0,0,0,0,0,0,0,0,0.0,0,0.0,0,0,0,0.0,0,0.0,,0,0,110.08526455056162,100.08526455056162,100.08526455056162,< ₹1 Cr
,2014,Yogesh Takawale,Wicket-Keeper,Indian,,10.0,RCB,0,0,0,0,0,0,0,0.0,0,0,0.0,0,0,0,0,0,0.0,0,0,0,0,0,0,0,0.0,0,0.0,0,0,0,0.0,0,0.0,,0,0,91.45862118287081,81.45862118287081,81.45862118287081,< ₹1 Cr
,2014,Yuzvendra Singh Chahal,Bowler,Indian,,10.0,RCB,0,0,0,0,0,0,0,0.0,0,0,0.0,0,0,0,0,0,0.0,0,0,0,0,0,0,0,0.0,0,0.0,0,0,0,0.0,0,0.0,,0,0,118.67426430406971,108.67426430406971,108.67426430406971,< ₹1 Cr
,2015,Darren Sammy,All-Rounder,Overseas,,280.0,RCB,0,0,0,0,0,0,0,0.0,0,0,0.0,0,0,0,0,0,0.0,0,0,0,0,0,0,0,0.0,0,0.0,0,0,0,0.0,0,0.0,,0,0,246.04276635822015,-33.95723364177985,33.95723364177985,₹2–5 Cr
,2015,Christopher Morris,All-Rounder,Overseas,,140.0,RR,0,0,0,0,0,0,0,0.0,0,0,0.0,0,0,0,0,0,0.0,0,0,0,0,0,0,0,0.0,0,0.0,0,0,0,0.0,0,0.0,,0,0,246.04276635822015,106.04276635822015,106.04276635822015,₹1–2 Cr
,2015,Domnic Joseph Muthuswamy,Bowler,Overseas,,75.0,DC,0,0,0,0,0,0,0,0.0,0,0,0.0,0,0,0,0,0,0.0,0,0,0,0,0,0,0,0.0,0,0.0,0,0,0,0.0,0,0.0,,0,0,196.19689931298905,121.19689931298905,121.19689931298905,< ₹1 Cr
,2015,Sarfaraz Naushad Khan,Batsman,Indian,,50.0,RCB,0,0,0,0,0,0,0,0.0,0,0,0.0,0,0,0,0,0,0.0,0,0,0,0,0,0,0,0.0,0,0.0,0,0,0,0.0,0,0.0,,0,0,110.08526455056162,60.08526455056162,60.08526455056162,< ₹1 Cr
,2015,Aiden Blizzard,Batsman,Overseas,,30.0,MI,0,0,0,0,0,0,0,0.0,0,0,0.0,0,0,0,0,0,0.0,0,0,0,0,0,0,0,0.0,0,0.0,0,0,0,0.0,0,0.0,,0,0,187.70976138329343,157.70976138329343,157.70976138329343,< ₹1 Cr
,2015,Juan Theron,Bowler,Overseas,,30.0,RR,0,0,0,0,0,0,0,0.0,0,0,0.0,0,0,0,0,0,0.0,0,0,0,0,0,0,0,0.0,0,0.0,0,0,0,0.0,0,0.0,,0,0,196.19689931298905,166.19689931298905,166.19689931298905,< ₹1 Cr
,2015,Laxmi Ratan Shukla,All-Rounder,Indian,,30.0,SRH,0,0,0,0,0,0,0,0.0,0,0,0.0,0,0,0,0,0,0.0,0,0,0,0,0,0,0,0.0,0,0.0,0,0,0,0.0,0,0.0,,0,0,117.0631084083359,87.0631084083359,87.0631084083359,< ₹1 Cr
,2015,Nikhil Shankar Naik,Wicket-Keeper,Indian,,30.0,PBKS,0,0,0,0,0,0,0,0.0,0,0,0.0,0,0,0,0,0,0.0,0,0,0,0,0,0,0,0.0,0,0.0,0,0,0,0.0,0,0.0,,0,0,91.45862118287081,61.458621182870814,61.458621182870814,< ₹1 Cr
,2015,Rahul Sharma,Bowler,Indian,,30.0,CSK,0,0,0,0,0,0,0,0.0,0,0,0.0,0,0,0,0,0,0.0,0,0,0,0,0,0,0,0.0,0,0.0,0,0,0,0.0,0,0.0,,0,0,118.67426430406971,88.67426430406971,88.67426430406971,< ₹1 Cr
,2015,Aditya Garhwal,All-Rounder,Indian,,25.0,KKR,0,0,0,0,0,0,0,0.0,0,0,0.0,0,0,0,0,0,0.0,0,0,0,0,0,0,0,0.0,0,0.0,0,0,0,0.0,0,0.0,,0,0,117.0631084083359,92.0631084083359,92.0631084083359,< ₹1 Cr
,2015,C M Gautam,Wicket-Keeper,Indian,,20.0,DC,0,0,0,0,0,0,0,0.0,0,0,0.0,0,0,0,0,0,0.0,0,0,0,0,0,0,0,0.0,0,0.0,0,0,0,0.0,0,0.0,,0,0,91.45862118287081,71.45862118287081,71.45862118287081,< ₹1 Cr
,2015,Akshay Wakhare,Bowler,Indian,,10.0,MI,0,0,0,0,0,0,0,0.0,0,0,0.0,0,0,0,0,0,0.0,0,0,0,0,0,0,0,0.0,0,0.0,0,0,0,0.0,0,0.0,,0,0,118.67426430406971,108.67426430406971,108.67426430406971,< ₹1 Cr
,2015,Ankush Bains,Wicket-Keeper,Indian,,10.0,CSK,0,0,0,0,0,0,0,0.0,0,0,0.0,0,0,0,0,0,0.0,0,0,0,0,0,0,0,0.0,0,0.0,0,0,0,0.0,0,0.0,,0,0,91.45862118287081,81.45862118287081,81.45862118287081,< ₹1 Cr
,2015,Barinder Singh Saran,Bowler,Indian,,10.0,RR,0,0,0,0,0,0,0,0.0,0,0,0.0,0,0,0,0,0,0.0,0,0,0,0,0,0,0,0.0,0,0.0,0,0,0,0.0,0,0.0,,0,0,118.67426430406971,108.67426430406971,108.67426430406971,< ₹1 Cr
,2015,Dinesh Salunkhe,All-Rounder,Indian,,10.0,RR,0,0,0,0,0,0,0,0.0,0,0,0.0,0,0,0,0,0,0.0,0,0,0,0,0,0,0,0.0,0,0.0,0,0,0,0.0,0,0.0,,0,0,117.0631084083359,107.0631084083359,107.0631084083359,< ₹1 Cr
,2015,J Suchith,All-Rounder,Indian,,10.0,MI,0,0,0,0,0,0,0,0.0,0,0,0.0,0,0,0,0,0,0.0,0,0,0,0,0,0,0,0.0,0,0.0,0,0,0,0.0,0,0.0,,0,0,117.0631084083359,107.0631084083359,107.0631084083359,< ₹1 Cr
,2015,Jalaj Saxena,All-Rounder,Indian,,10.0,RCB,0,0,0,0,0,0,0,0.0,0,0,0.0,0,0,0,0,0,0.0,0,0,0,0,0,0,0,0.0,0,0.0,0,0,0,0.0,0,0.0,,0,0,117.0631084083359,107.0631084083359,107.0631084083359,< ₹1 Cr
,2015,K K Jiyaz,Bowler,Indian,,10.0,DC,0,0,0,0,0,0,0,0.0,0,0,0.0,0,0,0,0,0,0.0,0,0,0,0,0,0,0,0.0,0,0.0,0,0,0,0.0,0,0.0,,0,0,118.67426430406971,108.67426430406971,108.67426430406971,< ₹1 Cr
,2015,Kona Srikar Bharat,Wicket-Keeper,Indian,,10.0,DC,0,0,0,0,0,0,0,0.0,0,0,0.0,0,0,0,0,0,0.0,0,0,0,0,0,0,0,0.0,0,0.0,0,0,0,0.0,0,0.0,,0,0,91.45862118287081,81.45862118287081,81.45862118287081,< ₹1 Cr
,2015,Pardeep Sahu,All-Rounder,Indian,,10.0,RR,0,0,0,0,0,0,0,0.0,0,0,0.0,0,0,0,0,0,0.0,0,0,0,0,0,0,0,0.0,0,0.0,0,0,0,0.0,0,0.0,,0,0,117.0631084083359,107.0631084083359,107.0631084083359,< ₹1 Cr
,2015,Pratyush Singh,All-Rounder,Indian,,10.0,CSK,0,0,0,0,0,0,0,0.0,0,0,0.0,0,0,0,0,0,0.0,0,0,0,0,0,0,0,0.0,0,0.0,0,0,0,0.0,0,0.0,,0,0,117.0631084083359,107.0631084083359,107.0631084083359,< ₹1 Cr
,2015,Sagar Trivedi,All-Rounder,Indian,,10.0,RR,0,0,0,0,0,0,0,0.0,0,0,0.0,0,0,0,0,0,0.0,0,0,0,0,0,0,0,0.0,0,0.0,0,0,0,0.0,0,0.0,,0,0,117.0631084083359,107.0631084083359,107.0631084083359,< ₹1 Cr
,2015,Shishir Bhavane,Batsman,Indian,,10.0,RCB,0,0,0,0,0,0,0,0.0,0,0,0.0,0,0,0,0,0,0.0,0,0,0,0,0,0,0,0.0,0,0.0,0,0,0,0.0,0,0.0,,0,0,110.08526455056162,100.08526455056162,100.08526455056162,< ₹1 Cr
,2015,Siddarth Kaul,Bowler,Indian,,10.0,SRH,0,0,0,0,0,0,0,0.0,0,0,0.0,0,0,0,0,0,0.0,0,0,0,0,0,0,0,0.0,0,0.0,0,0,0,0.0,0,0.0,,0,0,118.67426430406971,108.67426430406971,108.67426430406971,< ₹1 Cr
,2015,Siddhesh Dinesh Lad,All-Rounder,Indian,,10.0,MI,0,0,0,0,0,0,0,0.0,0,0,0.0,0,0,0,0,0,0.0,0,0,0,0,0,0,0,0.0,0,0.0,0,0,0,0.0,0,0.0,,0,0,117.0631084083359,107.0631084083359,107.0631084083359,< ₹1 Cr
,2015,Sumit Narwal,All-Rounder,Indian,,10.0,KKR,0,0,0,0,0,0,0,0.0,0,0,0.0,0,0,0,0,0,0.0,0,0,0,0,0,0,0,0.0,0,0.0,0,0,0,0.0,0,0.0,,0,0,117.0631084083359,107.0631084083359,107.0631084083359,< ₹1 Cr
,2015,Vaibhav Rawal,All-Rounder,Indian,,10.0,KKR,0,0,0,0,0,0,0,0.0,0,0,0.0,0,0,0,0,0,0.0,0,0,0,0,0,0,0,0.0,0,0.0,0,0,0,0.0,0,0.0,,0,0,117.0631084083359,107.0631084083359,107.0631084083359,< ₹1 Cr
,2015,Yogesh Gowalkar,All-Rounder,Indian,,10.0,PBKS,0,0,0,0,0,0,0,0.0,0,0,0.0,0,0,0,0,0,0.0,0,0,0,0,0,0,0,0.0,0,0.0,0,0,0,0.0,0,0.0,,0,0,117.0631084083359,107.0631084083359,107.0631084083359,< ₹1 Cr
,2016,Christopher Morris,All-Rounder,Overseas,,700.0,DC,0,0,0,0,0,0,0,0.0,0,0,0.0,0,0,0,0,0,0.0,0,0,0,0,0,0,0,0.0,0,0.0,0,0,0,0.0,0,0.0,,0,0,246.04276635822015,-453.95723364177985,453.95723364177985,₹5–10 Cr
,2016,Deepak Hooda,All-Rounder,Indian,,420.0,SRH,0,0,0,0,0,0,0,0.0,0,0,0.0,0,0,0,0,0,0.0,0,0,0,0,0,0,0,0.0,0,0.0,0,0,0,0.0,0,0.0,,0,0,117.0631084083359,-302.9368915916641,302.9368915916641,₹2–5 Cr
,2016,Krunal Pandya,All-Rounder,Indian,,200.0,MI,0,0,0,0,0,0,0,0.0,0,0,0.0,0,0,0,0,0,0.0,0,0,0,0,0,0,0,0.0,0,0.0,0,0,0,0.0,0,0.0,,0,0,117.0631084083359,-82.9368915916641,82.9368915916641,₹2–5 Cr
,2016,Ankit Singh Rajpoot,Bowler,Indian,,150.0,KKR,0,0,0,0,0,0,0,0.0,0,0,0.0,0,0,0,0,0,0.0,0,0,0,0,0,0,0,0.0,0,0.0,0,0,0,0.0,0,0.0,,0,0,118.67426430406971,-31.32573569593029,31.32573569593029,₹1–2 Cr
,2016,Kishore Pramod Kamath,All-Rounder,Indian,,140.0,MI,0,0,0,0,0,0,0,0.0,0,0,0.0,0,0,0,0,0,0.0,0,0,0,0,0,0,0,0.0,0,0.0,0,0,0,0.0,0,0.0,,0,0,117.0631084083359,-22.936891591664093,22.936891591664093,₹1–2 Cr
,2016,Ashok Dinda,Bowler,Indian,,50.0,RPS,0,0,0,0,0,0,0,0.0,0,0,0.0,0,0,0,0,0,0.0,0,0,0,0,0,0,0,0.0,0,0.0,0,0,0,0.0,0,0.0,,0,0,118.67426430406971,68.67426430406971,68.67426430406971,< ₹1 Cr
,2016,Samuel Badree,Bowler,Overseas,,50.0,RCB,0,0,0,0,0,0,0,0.0,0,0,0.0,0,0,0,0,0,0.0,0,0,0,0,0,0,0,0.0,0,0.0,0,0,0,0.0,0,0.0,,0,0,196.19689931298905,146.19689931298905,146.19689931298905,< ₹1 Cr
,2016,Praveen Dubey,All-Rounder,Indian,,35.0,RCB,0,0,0,0,0,0,0,0.0,0,0,0.0,0,0,0,0,0,0.0,0,0,0,0,0,0,0,0.0,0,0.0,0,0,0,0.0,0,0.0,,0,0,117.0631084083359,82.0631084083359,82.0631084083359,< ₹1 Cr
,2016,Farhaan Behardien,All-Rounder,Overseas,,30.0,PBKS,0,0,0,0,0,0,0,0.0,0,0,0.0,0,0,0,0,0,0.0,0,0,0,0,0,0,0,0.0,0,0.0,0,0,0,0.0,0,0.0,,0,0,246.04276635822015,216.04276635822015,216.04276635822015,< ₹1 Cr
,2016,Joel Paris,Bowler,Overseas,,30.0,DC,0,0,0,0,0,0,0,0.0,0,0,0.0,0,0,0,0,0,0.0,0,0,0,0,0,0,0,0.0,0,0.0,0,0,0,0.0,0,0.0,,0,0,196.19689931298905,166.19689931298905,166.19689931298905,< ₹1 Cr
,2016,Rudra Pratap Singh,Bowler,Indian,,30.0,RPS,0,0,0,0,0,0,0,0.0,0,0,0.0,0,0,0,0,0,0.0,0,0,0,0,0,0,0,0.0,0,0.0,0,0,0,0.0,0,0.0,,0,0,118.67426430406971,88.67426430406971,88.67426430406971,< ₹1 Cr
,2016,Jaydev Shah,All-Rounder,Indian,,20.0,GL,0,0,0,0,0,0,0,0.0,0,0,0.0,0,0,0,0,0,0.0,0,0,0,0,0,0,0,0.0,0,0.0,0,0,0,0.0,0,0.0,,0,0,117.0631084083359,97.0631084083359,97.0631084083359,< ₹1 Cr
,2016,Pravin Tambe,Bowler,Indian,,20.0,GL,0,0,0,0,0,0,0,0.0,0,0,0.0,0,0,0,0,0,0.0,0,0,0,0,0,0,0,0.0,0,0.0,0,0,0,0.0,0,0.0,,0,0,118.67426430406971,98.67426430406971,98.67426430406971,< ₹1 Cr
,2016,Rajagopal Sathish,All-Rounder,Indian,,20.0,KKR,0,0,0,0,0,0,0,0.0,0,0,0.0,0,0,0,0,0,0.0,0,0,0,0,0,0,0,0.0,0,0.0,0,0,0,0.0,0,0.0,,0,0,117.0631084083359,97.0631084083359,97.0631084083359,< ₹1 Cr
,2016,Vikramjeet Malik,Bowler,Indian,,20.0,RCB,0,0,0,0,0,0,0,0.0,0,0,0.0,0,0,0,0,0,0.0,0,0,0,0,0,0,0,0.0,0,0.0,0,0,0,0.0,0,0.0,,0,0,118.67426430406971,98.67426430406971,98.67426430406971,< ₹1 Cr
,2016,Akhil Arvind Herwadkar,All-Rounder,Indian,,10.0,DC,0,0,0,0,0,0,0,0.0,0,0,0.0,0,0,0,0,0,0.0,0,0,0,0,0,0,0,0.0,0,0.0,0,0,0,0.0,0,0.0,,0,0,117.0631084083359,107.0631084083359,107.0631084083359,< ₹1 Cr
,2016,Akshay Karnewar,All-Rounder,Indian,,10.0,RCB,0,0,0,0,0,0,0,0.0,0,0,0.0,0,0,0,0,0,0.0,0,0,0,0,0,0,0,0.0,0,0.0,0,0,0,0.0,0,0.0,,0,0,117.0631084083359,107.0631084083359,107.0631084083359,< ₹1 Cr
,2016,Akshdeep Nath,All-Rounder,Indian,,10.0,GL,0,0,0,0,0,0,0,0.0,0,0,0.0,0,0,0,0,0,0.0,0,0,0,0,0,0,0,0.0,0,0.0,0,0,0,0.0,0,0.0,,0,0,117.0631084083359,107.0631084083359,107.0631084083359,< ₹1 Cr
,2016,Ankush Bains,Wicket-Keeper,Indian,,10.0,RPS,0,0,0,0,0,0,0,0.0,0,0,0.0,0,0,0,0,0,0.0,0,0,0,0,0,0,0,0.0,0,0.0,0,0,0,0.0,0,0.0,,0,0,91.45862118287081,81.45862118287081,81.45862118287081,< ₹1 Cr
,2016,Armaan Jaffer,Batsman,Indian,,10.0,PBKS,0,0,0,0,0,0,0,0.0,0,0,0.0,0,0,0,0,0,0.0,0,0,0,0,0,0,0,0.0,0,0.0,0,0,0,0.0,0,0.0,,0,0,110.08526455056162,100.08526455056162,100.08526455056162,< ₹1 Cr
,2016,Baba Aparajith,All-Rounder,Indian,,10.0,RPS,0,0,0,0,0,0,0,0.0,0,0,0.0,0,0,0,0,0,0.0,0,0,0,0,0,0,0,0.0,0,0.0,0,0,0,0.0,0,0.0,,0,0,117.0631084083359,107.0631084083359,107.0631084083359,< ₹1 Cr
,2016,Chama Milind,Bowler,Indian,,10.0,DC,0,0,0,0,0,0,0,0.0,0,0,0.0,0,0,0,0,0,0.0,0,0,0,0,0,0,0,0.0,0,0.0,0,0,0,0.0,0,0.0,,0,0,118.67426430406971,108.67426430406971,108.67426430406971,< ₹1 Cr
,2016,Deepak Chahar,All-Rounder,Indian,,10.0,RPS,0,0,0,0,0,0,0,0.0,0,0,0.0,0,0,0,0,0,0.0,0,0,0,0,0,0,0,0.0,0,0.0,0,0,0,0.0,0,0.0,,0,0,117.0631084083359,107.0631084083359,107.0631084083359,< ₹1 Cr
,2016,Deepak Punia,All-Rounder,Indian,,10.0,MI,0,0,0,0,0,0,0,0.0,0,0,0.0,0,0,0,0,0,0.0,0,0,0,0,0,0,0,0.0,0,0.0,0,0,0,0.0,0,0.0,,0,0,117.0631084083359,107.0631084083359,107.0631084083359,< ₹1 Cr
,2016,Iqbal Abdullah,All-Rounder,Indian,,10.0,RCB,0,0,0,0,0,0,0,0.0,0,0,0.0,0,0,0,0,0,0.0,0,0,0,0,0,0,0,0.0,0,0.0,0,0,0,0.0,0,0.0,,0,0,117.0631084083359,107.0631084083359,107.0631084083359,< ₹1 Cr
,2016,Jaskaran Singh,Bowler,Indian,,10.0,RPS,0,0,0,0,0,0,0,0.0,0,0,0.0,0,0,0,0,0,0.0,0,0,0,0,0,0,0,0.0,0,0.0,0,0,0,0.0,0,0.0,,0,0,118.67426430406971,108.67426430406971,108.67426430406971,< ₹1 Cr
,2016,Jitesh Sharma,Wicket-Keeper,Indian,,10.0,MI,0,0,0,0,0,0,0,0.0,0,0,0.0,0,0,0,0,0,0.0,0,0,0,0,0,0,0,0.0,0,0.0,0,0,0,0.0,0,0.0,,0,0,91.45862118287081,81.45862118287081,81.45862118287081,< ₹1 Cr
,2016,Mahipal Lomror,All-Rounder,Indian,,10.0,DC,0,0,0,0,0,0,0,0.0,0,0,0.0,0,0,0,0,0,0.0,0,0,0,0,0,0,0,0.0,0,0.0,0,0,0,0.0,0,0.0,,0,0,117.0631084083359,107.0631084083359,107.0631084083359,< ₹1 Cr
,2016,Manan Ajay Sharma,All-Rounder,Indian,,10.0,KKR,0,0,0,0,0,0,0,0.0,0,0,0.0,0,0,0,0,0,0.0,0,0,0,0,0,0,0,0.0,0,0.0,0,0,0,0.0,0,0.0,,0,0,117.0631084083359,107.0631084083359,107.0631084083359,< ₹1 Cr
,2016,Paras Dogra,Batsman,Indian,,10.0,GL,0,0,0,0,0,0,0,0.0,0,0,0.0,0,0,0,0,0,0.0,0,0,0,0,0,0,0,0.0,0,0.0,0,0,0,0.0,0,0.0,,0,0,110.08526455056162,100.08526455056162,100.08526455056162,< ₹1 Cr
,2016,Pardeep Sahu,All-Rounder,Indian,,10.0,PBKS,0,0,0,0,0,0,0,0.0,0,0,0.0,0,0,0,0,0,0.0,0,0,0,0,0,0,0,0.0,0,0.0,0,0,0,0.0,0,0.0,,0,0,117.0631084083359,107.0631084083359,107.0631084083359,< ₹1 Cr
,2016,Pratyush Singh,All-Rounder,Indian,,10.0,DC,0,0,0,0,0,0,0,0.0,0,0,0.0,0,0,0,0,0,0.0,0,0,0,0,0,0,0,0.0,0,0.0,0,0,0,0.0,0,0.0,,0,0,117.0631084083359,107.0631084083359,107.0631084083359,< ₹1 Cr
,2016,Swapnil Singh,All-Rounder,Indian,,10.0,PBKS,0,0,0,0,0,0,0,0.0,0,0,0.0,0,0,0,0,0,0.0,0,0,0,0,0,0,0,0.0,0,0.0,0,0,0,0.0,0,0.0,,0,0,117.0631084083359,107.0631084083359,107.0631084083359,< ₹1 Cr
,2016,Sarabjit Ladda,Bowler,Indian,,10.0,GL,0,0,0,0,0,0,0,0.0,0,0,0.0,0,0,0,0,0,0.0,0,0,0,0,0,0,0,0.0,0,0.0,0,0,0,0.0,0,0.0,,0,0,118.67426430406971,108.67426430406971,108.67426430406971,< ₹1 Cr
,2016,Shivil Kaushik,Bowler,Indian,,10.0,GL,0,0,0,0,0,0,0,0.0,0,0,0.0,0,0,0,0,0,0.0,0,0,0,0,0,0,0,0.0,0,0.0,0,0,0,0.0,0,0.0,,0,0,118.67426430406971,108.67426430406971,108.67426430406971,< ₹1 Cr
,2016,Syed Khaleel Ahmed,All-Rounder,Indian,,10.0,DC,0,0,0,0,0,0,0,0.0,0,0,0.0,0,0,0,0,0,0.0,0,0,0,0,0,0,0,0.0,0,0.0,0,0,0,0.0,0,0.0,,0,0,117.0631084083359,107.0631084083359,107.0631084083359,< ₹1 Cr
,2016,Tirumalasetti Suman,Batsman,Indian,,10.0,SRH,0,0,0,0,0,0,0,0.0,0,0,0.0,0,0,0,0,0,0.0,0,0,0,0,0,0,0,0.0,0,0.0,0,0,0,0.0,0,0.0,,0,0,110.08526455056162,100.08526455056162,100.08526455056162,< ₹1 Cr
,2016,Umang Sharma,Batsman,Indian,,10.0,GL,0,0,0,0,0,0,0,0.0,0,0,0.0,0,0,0,0,0,0.0,0,0,0,0,0,0,0,0.0,0,0.0,0,0,0,0.0,0,0.0,,0,0,110.08526455056162,100.08526455056162,100.08526455056162,< ₹1 Cr
,2016,Vikas Tokas,Bowler,Indian,,10.0,RCB,0,0,0,0,0,0,0,0.0,0,0,0.0,0,0,0,0,0,0.0,0,0,0,0,0,0,0,0.0,0,0.0,0,0,0,0.0,0,0.0,,0,0,118.67426430406971,108.67426430406971,108.67426430406971,< ₹1 Cr
,2017,Benjamin Stokes,All-Rounder,Overseas,,1450.0,RPS,0,0,0,0,0,0,0,0.0,0,0,0.0,0,0,0,0,0,0.0,0,0,0,0,0,0,0,0.0,0,0.0,0,0,0,0.0,0,0.0,,0,0,246.04276635822015,-1203.9572336417798,1203.9572336417798,₹10+ Cr
,2017,Pat Cummins,Bowler,Overseas,,450.0,DC,0,0,0,0,0,0,0,0.0,0,0,0.0,0,0,0,0,0,0.0,0,0,0,0,0,0,0,0.0,0,0.0,0,0,0,0.0,0,0.0,,0,0,196.19689931298905,-253.80310068701095,253.80310068701095,₹2–5 Cr
,2017,Rashid Khan Arman,Bowler,Overseas,,400.0,SRH,0,0,0,0,0,0,0,0.0,0,0,0.0,0,0,0,0,0,0.0,0,0,0,0,0,0,0,0.0,0,0.0,0,0,0,0.0,0,0.0,,0,0,196.19689931298905,-203.80310068701095,203.80310068701095,₹2–5 Cr
,2017,Karn Sharma,All-Rounder,Indian,,320.0,MI,0,0,0,0,0,0,0,0.0,0,0,0.0,0,0,0,0,0,0.0,0,0,0,0,0,0,0,0.0,0,0.0,0,0,0,0.0,0,0.0,,0,0,117.0631084083359,-202.9368915916641,202.9368915916641,₹2–5 Cr
,2017,T Natarajan,Bowler,Indian,,300.0,PBKS,0,0,0,0,0,0,0,0.0,0,0,0.0,0,0,0,0,0,0.0,0,0,0,0,0,0,0,0.0,0,0.0,0,0,0,0.0,0,0.0,,0,0,118.67426430406971,-181.3257356959303,181.3257356959303,₹2–5 Cr
,2017,Aniket Choudhary,Bowler,Indian,,200.0,RCB,0,0,0,0,0,0,0,0.0,0,0,0.0,0,0,0,0,0,0.0,0,0,0,0,0,0,0,0.0,0,0.0,0,0,0,0.0,0,0.0,,0,0,118.67426430406971,-81.32573569593029,81.32573569593029,₹2–5 Cr
,2017,Krishnappa Gowtham,All-Rounder,Indian,,200.0,MI,0,0,0,0,0,0,0,0.0,0,0,0.0,0,0,0,0,0,0.0,0,0,0,0,0,0,0,0.0,0,0.0,0,0,0,0.0,0,0.0,,0,0,117.0631084083359,-82.9368915916641,82.9368915916641,₹2–5 Cr
,2017,Manpreet Gony,Bowler,Indian,,60.0,GL,0,0,0,0,0,0,0,0.0,0,0,0.0,0,0,0,0,0,0.0,0,0,0,0,0,0,0,0.0,0,0.0,0,0,0,0.0,0,0.0,,0,0,118.67426430406971,58.67426430406971,58.67426430406971,< ₹1 Cr
,2017,Rishi Dhawan,All-Rounder,Indian,,55.0,KKR,0,0,0,0,0,0,0,0.0,0,0,0.0,0,0,0,0,0,0.0,0,0,0,0,0,0,0,0.0,0,0.0,0,0,0,0.0,0,0.0,,0,0,117.0631084083359,62.06310840833591,62.06310840833591,< ₹1 Cr
,2017,Matt Henry,Bowler,Overseas,,50.0,PBKS,0,0,0,0,0,0,0,0.0,0,0,0.0,0,0,0,0,0,0.0,0,0,0,0,0,0,0,0.0,0,0.0,0,0,0,0.0,0,0.0,,0,0,196.19689931298905,146.19689931298905,146.19689931298905,< ₹1 Cr
,2017,Asela Gunarathna,Batsman,Overseas,,30.0,MI,0,0,0,0,0,0,0,0.0,0,0,0.0,0,0,0,0,0,0.0,0,0,0,0,0,0,0,0.0,0,0.0,0,0,0,0.0,0,0.0,,0,0,187.70976138329343,157.70976138329343,157.70976138329343,< ₹1 Cr
,2017,Darren Sammy,All-Rounder,Overseas,,30.0,PBKS,0,0,0,0,0,0,0,0.0,0,0,0.0,0,0,0,0,0,0.0,0,0,0,0,0,0,0,0.0,0,0.0,0,0,0,0.0,0,0.0,,0,0,246.04276635822015,216.04276635822015,216.04276635822015,< ₹1 Cr
,2017,Mohammed Nabi,All-Rounder,Overseas,,30.0,SRH,0,0,0,0,0,0,0,0.0,0,0,0.0,0,0,0,0,0,0.0,0,0,0,0,0,0,0,0.0,0,0.0,0,0,0,0.0,0,0.0,,0,0,246.04276635822015,216.04276635822015,216.04276635822015,< ₹1 Cr
,2017,Nicolas Pooran,Wicket-Keeper,Overseas,,30.0,MI,0,0,0,0,0,0,0,0.0,0,0,0.0,0,0,0,0,0,0.0,0,0,0,0,0,0,0,0.0,0,0.0,0,0,0,0.0,0,0.0,,0,0,118.31141548890781,88.31141548890781,88.31141548890781,< ₹1 Cr
,2017,Rovman Powell,All-Rounder,Overseas,,30.0,KKR,0,0,0,0,0,0,0,0.0,0,0,0.0,0,0,0,0,0,0.0,0,0,0,0,0,0,0,0.0,0,0.0,0,0,0,0.0,0,0.0,,0,0,246.04276635822015,216.04276635822015,216.04276635822015,< ₹1 Cr
,2017,Rahul Tewatia,All-Rounder,Indian,,25.0,PBKS,0,0,0,0,0,0,0,0.0,0,0,0.0,0,0,0,0,0,0.0,0,0,0,0,0,0,0,0.0,0,0.0,0,0,0,0.0,0,0.0,,0,0,117.0631084083359,92.0631084083359,92.0631084083359,< ₹1 Cr
,2017,Akshdeep Nath,All-Rounder,Indian,,10.0,GL,0,0,0,0,0,0,0,0.0,0,0,0.0,0,0,0,0,0,0.0,0,0,0,0,0,0,0,0.0,0,0.0,0,0,0,0.0,0,0.0,,0,0,117.0631084083359,107.0631084083359,107.0631084083359,< ₹1 Cr
,2017,Ankeet Bawane,Batsman,Indian,,10.0,DC,0,0,0,0,0,0,0,0.0,0,0,0.0,0,0,0,0,0,0.0,0,0,0,0,0,0,0,0.0,0,0.0,0,0,0,0.0,0,0.0,,0,0,110.08526455056162,100.08526455056162,100.08526455056162,< ₹1 Cr
,2017,Chirag Suri,Batsman,Indian,,10.0,GL,0,0,0,0,0,0,0,0.0,0,0,0.0,0,0,0,0,0,0.0,0,0,0,0,0,0,0,0.0,0,0.0,0,0,0,0.0,0,0.0,,0,0,110.08526455056162,100.08526455056162,100.08526455056162,< ₹1 Cr
,2017,Ishank Jaggi,Batsman,Indian,,10.0,KKR,0,0,0,0,0,0,0,0.0,0,0,0.0,0,0,0,0,0,0.0,0,0,0,0,0,0,0,0.0,0,0.0,0,0,0,0.0,0,0.0,,0,0,110.08526455056162,100.08526455056162,100.08526455056162,< ₹1 Cr
,2017,Milind Tandon,All-Rounder,Indian,,10.0,RPS,0,0,0,0,0,0,0,0.0,0,0,0.0,0,0,0,0,0,0.0,0,0,0,0,0,0,0,0.0,0,0.0,0,0,0,0.0,0,0.0,,0,0,117.0631084083359,107.0631084083359,107.0631084083359,< ₹1 Cr
,2017,Pratham Singh,All-Rounder,Indian,,10.0,GL,0,0,0,0,0,0,0,0.0,0,0,0.0,0,0,0,0,0,0.0,0,0,0,0,0,0,0,0.0,0,0.0,0,0,0,0.0,0,0.0,,0,0,117.0631084083359,107.0631084083359,107.0631084083359,< ₹1 Cr
,2017,Praveen Dubey,All-Rounder,Indian,,10.0,RCB,0,0,0,0,0,0,0,0.0,0,0,0.0,0,0,0,0,0,0.0,0,0,0,0,0,0,0,0.0,0,0.0,0,0,0,0.0,0,0.0,,0,0,117.0631084083359,107.0631084083359,107.0631084083359,< ₹1 Cr
,2017,Pravin Tambe,Bowler,Indian,,10.0,SRH,0,0,0,0,0,0,0,0.0,0,0,0.0,0,0,0,0,0,0.0,0,0,0,0,0,0,0,0.0,0,0.0,0,0,0,0.0,0,0.0,,0,0,118.67426430406971,108.67426430406971,108.67426430406971,< ₹1 Cr
,2017,Rahul Ajay Tripathi,All-Rounder,Indian,,10.0,RPS,0,0,0,0,0,0,0,0.0,0,0,0.0,0,0,0,0,0,0.0,0,0,0,0,0,0,0,0.0,0,0.0,0,0,0,0.0,0,0.0,,0,0,117.0631084083359,107.0631084083359,107.0631084083359,< ₹1 Cr
,2017,Rahul Chahar,Bowler,Indian,,10.0,RPS,0,0,0,0,0,0,0,0.0,0,0,0.0,0,0,0,0,0,0.0,0,0,0,0,0,0,0,0.0,0,0.0,0,0,0,0.0,0,0.0,,0,0,118.67426430406971,108.67426430406971,108.67426430406971,< ₹1 Cr
,2017,Saurabh Kumar,Bowler,Indian,,10.0,RPS,0,0,0,0,0,0,0,0.0,0,0,0.0,0,0,0,0,0,0.0,0,0,0,0,0,0,0,0.0,0,0.0,0,0,0,0.0,0,0.0,,0,0,118.67426430406971,108.67426430406971,108.67426430406971,< ₹1 Cr
,2017,Sayan Ghosh,Bowler,Indian,,10.0,KKR,0,0,0,0,0,0,0,0.0,0,0,0.0,0,0,0,0,0,0.0,0,0,0,0,0,0,0,0.0,0,0.0,0,0,0,0.0,0,0.0,,0,0,118.67426430406971,108.67426430406971,108.67426430406971,< ₹1 Cr
,2017,Shelley Shaurya,Bowler,Indian,,10.0,GL,0,0,0,0,0,0,0,0.0,0,0,0.0,0,0,0,0,0,0.0,0,0,0,0,0,0,0,0.0,0,0.0,0,0,0,0.0,0,0.0,,0,0,118.67426430406971,108.67426430406971,108.67426430406971,< ₹1 Cr
,2017,Shubam Agrawal,All-Rounder,Indian,,10.0,GL,0,0,0,0,0,0,0,0.0,0,0,0.0,0,0,0,0,0,0.0,0,0,0,0,0,0,0,0.0,0,0.0,0,0,0,0.0,0,0.0,,0,0,117.0631084083359,107.0631084083359,107.0631084083359,< ₹1 Cr
,2017,Tanmay Agarwal,Batsman,Indian,,10.0,SRH,0,0,0,0,0,0,0,0.0,0,0,0.0,0,0,0,0,0,0.0,0,0,0,0,0,0,0,0.0,0,0.0,0,0,0,0.0,0,0.0,,0,0,110.08526455056162,100.08526455056162,100.08526455056162,< ₹1 Cr
,2017,Tejas Singh Baroka,Bowler,Indian,,10.0,GL,0,0,0,0,0,0,0,0.0,0,0,0.0,0,0,0,0,0,0.0,0,0,0,0,0,0,0,0.0,0,0.0,0,0,0,0.0,0,0.0,,0,0,118.67426430406971,108.67426430406971,108.67426430406971,< ₹1 Cr
,2018,Benjamin Stokes,All-Rounder,Overseas,,1250.0,RR,0,0,0,0,0,0,0,0.0,0,0,0.0,0,0,0,0,0,0.0,0,0,0,0,0,0,0,0.0,0,0.0,0,0,0,0.0,0,0.0,,0,0,246.04276635822015,-1003.9572336417798,1003.9572336417798,₹10+ Cr
,2018,KL Rahul,Batsman,Indian,,1100.0,PBKS,0,0,0,0,0,0,0,0.0,0,0,0.0,0,0,0,0,0,0.0,0,0,0,0,0,0,0,0.0,0,0.0,0,0,0,0.0,0,0.0,,0,0,110.08526455056162,-989.9147354494384,989.9147354494384,₹10+ Cr
,2018,Rashid Khan Arman,Bowler,Overseas,,900.0,SRH,0,0,0,0,0,0,0,0.0,0,0,0.0,0,0,0,0,0,0.0,0,0,0,0,0,0,0,0.0,0,0.0,0,0,0,0.0,0,0.0,,0,0,196.19689931298905,-703.803100687011,703.803100687011,₹5–10 Cr
,2018,Krunal Pandya,All-Rounder,Indian,,880.0,MI,0,0,0,0,0,0,0,0.0,0,0,0.0,0,0,0,0,0,0.0,0,0,0,0,0,0,0,0.0,0,0.0,0,0,0,0.0,0,0.0,,0,0,117.0631084083359,-762.9368915916641,762.9368915916641,₹5–10 Cr
,2018,Kedar Jadhav,All-Rounder,Indian,,780.0,CSK,0,0,0,0,0,0,0,0.0,0,0,0.0,0,0,0,0,0,0.0,0,0,0,0,0,0,0,0.0,0,0.0,0,0,0,0.0,0,0.0,,0,0,117.0631084083359,-662.9368915916641,662.9368915916641,₹5–10 Cr
,2018,Ravichandran Ashwin,All-Rounder,Overseas,,760.0,PBKS,0,0,0,0,0,0,0,0.0,0,0,0.0,0,0,0,0,0,0.0,0,0,0,0,0,0,0,0.0,0,0.0,0,0,0,0.0,0,0.0,,0,0,246.04276635822015,-513.9572336417798,513.9572336417798,₹5–10 Cr
,2018,Robin Uthappa,Batsman,Indian,,640.0,KKR,0,0,0,0,0,0,0,0.0,0,0,0.0,0,0,0,0,0,0.0,0,0,0,0,0,0,0,0.0,0,0.0,0,0,0,0.0,0,0.0,,0,0,110.08526455056162,-529.9147354494384,529.9147354494384,₹5–10 Cr
,2018,Krishnappa Gowtham,Bowler,Indian,,620.0,RR,0,0,0,0,0,0,0,0.0,0,0,0.0,0,0,0,0,0,0.0,0,0,0,0,0,0,0,0.0,0,0.0,0,0,0,0.0,0,0.0,,0,0,118.67426430406971,-501.3257356959303,501.3257356959303,₹5–10 Cr
,2018,Yuzvendra Singh Chahal,Bowler,Indian,,600.0,RCB,0,0,0,0,0,0,0,0.0,0,0,0.0,0,0,0,0,0,0.0,0,0,0,0,0,0,0,0.0,0,0.0,0,0,0,0.0,0,0.0,,0,0,118.67426430406971,-481.3257356959303,481.3257356959303,₹5–10 Cr
,2018,Kuldeep Yadav,Bowler,Indian,,580.0,KKR,0,0,0,0,0,0,0,0.0,0,0,0.0,0,0,0,0,0,0.0,0,0,0,0,0,0,0,0.0,0,0.0,0,0,0,0.0,0,0.0,,0,0,118.67426430406971,-461.3257356959303,461.3257356959303,₹5–10 Cr
,2018,Kieron Pollard,All-Rounder,Overseas,,540.0,MI,0,0,0,0,0,0,0,0.0,0,0,0.0,0,0,0,0,0,0.0,0,0,0,0,0,0,0,0.0,0,0.0,0,0,0,0.0,0,0.0,,0,0,246.04276635822015,-293.95723364177985,293.95723364177985,₹5–10 Cr
,2018,Pat Cummins,Bowler,Overseas,,540.0,MI,0,0,0,0,0,0,0,0.0,0,0,0.0,0,0,0,0,0,0.0,0,0,0,0,0,0,0,0.0,0,0.0,0,0,0,0.0,0,0.0,,0,0,196.19689931298905,-343.80310068701095,343.80310068701095,₹5–10 Cr
,2018,Mujeeb Zadran,Bowler,Overseas,,400.0,PBKS,0,0,0,0,0,0,0,0.0,0,0,0.0,0,0,0,0,0,0.0,0,0,0,0,0,0,0,0.0,0,0.0,0,0,0,0.0,0,0.0,,0,0,196.19689931298905,-203.80310068701095,203.80310068701095,₹2–5 Cr
,2018,Evin Lewis,Batsman,Overseas,,380.0,MI,0,0,0,0,0,0,0,0.0,0,0,0.0,0,0,0,0,0,0.0,0,0,0,0,0,0,0,0.0,0,0.0,0,0,0,0.0,0,0.0,,0,0,187.70976138329343,-192.29023861670657,192.29023861670657,₹2–5 Cr
,2018,Siddarth Kaul,Bowler,Indian,,380.0,SRH,0,0,0,0,0,0,0,0.0,0,0,0.0,0,0,0,0,0,0.0,0,0,0,0,0,0,0,0.0,0,0.0,0,0,0,0.0,0,0.0,,0,0,118.67426430406971,-261.3257356959303,261.3257356959303,₹2–5 Cr
,2018,Deepak Hooda,All-Rounder,Indian,,360.0,SRH,0,0,0,0,0,0,0,0.0,0,0,0.0,0,0,0,0,0,0.0,0,0,0,0,0,0,0,0.0,0,0.0,0,0,0,0.0,0,0.0,,0,0,117.0631084083359,-242.9368915916641,242.9368915916641,₹2–5 Cr
,2018,Rahul Tripathi,Batsman,Indian,,340.0,RR,0,0,0,0,0,0,0,0.0,0,0,0.0,0,0,0,0,0,0.0,0,0,0,0,0,0,0,0.0,0,0.0,0,0,0,0.0,0,0.0,,0,0,110.08526455056162,-229.91473544943838,229.91473544943838,₹2–5 Cr
,2018,Suryakumar Yadav,Batsman,Indian,,320.0,MI,0,0,0,0,0,0,0,0.0,0,0,0.0,0,0,0,0,0,0.0,0,0,0,0,0,0,0,0.0,0,0.0,0,0,0,0.0,0,0.0,,0,0,110.08526455056162,-209.91473544943838,209.91473544943838,₹2–5 Cr
,2018,Washington Sundar,All-Rounder,Indian,,320.0,RCB,0,0,0,0,0,0,0,0.0,0,0,0.0,0,0,0,0,0,0.0,0,0,0,0,0,0,0,0.0,0,0.0,0,0,0,0.0,0,0.0,,0,0,117.0631084083359,-202.9368915916641,202.9368915916641,₹2–5 Cr
,2018,Ankit Singh Rajpoot,Bowler,Indian,,300.0,PBKS,0,0,0,0,0,0,0,0.0,0,0,0.0,0,0,0,0,0,0.0,0,0,0,0,0,0,0,0.0,0,0.0,0,0,0,0.0,0,0.0,,0,0,118.67426430406971,-181.3257356959303,181.3257356959303,₹2–5 Cr
,2018,Rahul Tewatia,All-Rounder,Indian,,300.0,DC,0,0,0,0,0,0,0,0.0,0,0,0.0,0,0,0,0,0,0.0,0,0,0,0,0,0,0,0.0,0,0.0,0,0,0,0.0,0,0.0,,0,0,117.0631084083359,-182.9368915916641,182.9368915916641,₹2–5 Cr
,2018,Syed Khaleel Ahmed,Bowler,Indian,,300.0,SRH,0,0,0,0,0,0,0,0.0,0,0,0.0,0,0,0,0,0,0.0,0,0,0,0,0,0,0,0.0,0,0.0,0,0,0,0.0,0,0.0,,0,0,118.67426430406971,-181.3257356959303,181.3257356959303,₹2–5 Cr
,2018,Ambati Rayudu,Wicket-Keeper,Indian,,220.0,CSK,0,0,0,0,0,0,0,0.0,0,0,0.0,0,0,0,0,0,0.0,0,0,0,0,0,0,0,0.0,0,0.0,0,0,0,0.0,0,0.0,,0,0,91.45862118287081,-128.54137881712919,128.54137881712919,₹2–5 Cr
,2018,Christopher Gayle,Batsman,Overseas,,200.0,PBKS,0,0,0,0,0,0,0,0.0,0,0,0.0,0,0,0,0,0,0.0,0,0,0,0,0,0,0,0.0,0,0.0,0,0,0,0.0,0,0.0,,0,0,187.70976138329343,-12.290238616706574,12.290238616706574,₹2–5 Cr
,2018,Rahul Chahar,Bowler,Indian,,190.0,MI,0,0,0,0,0,0,0,0.0,0,0,0.0,0,0,0,0,0,0.0,0,0,0,0,0,0,0,0.0,0,0.0,0,0,0,0.0,0,0.0,,0,0,118.67426430406971,-71.32573569593029,71.32573569593029,₹1–2 Cr
,2018,Ben Dwarshuis,Bowler,Overseas,,140.0,PBKS,0,0,0,0,0,0,0,0.0,0,0,0.0,0,0,0,0,0,0.0,0,0,0,0,0,0,0,0.0,0,0.0,0,0,0,0.0,0,0.0,,0,0,196.19689931298905,56.196899312989046,56.196899312989046,₹1–2 Cr
,2018,Akshdeep Nath,All-Rounder,Indian,,100.0,PBKS,0,0,0,0,0,0,0,0.0,0,0,0.0,0,0,0,0,0,0.0,0,0,0,0,0,0,0,0.0,0,0.0,0,0,0,0.0,0,0.0,,0,0,117.0631084083359,17.063108408335907,17.063108408335907,₹1–2 Cr
,2018,Mohammed Nabi,All-Rounder,Overseas,,100.0,SRH,0,0,0,0,0,0,0,0.0,0,0,0.0,0,0,0,0,0,0.0,0,0,0,0,0,0,0,0.0,0,0.0,0,0,0,0.0,0,0.0,,0,0,246.04276635822015,146.04276635822015,146.04276635822015,₹1–2 Cr
,2018,Ranganath Vinay Kumar,Bowler,Indian,,100.0,KKR,0,0,0,0,0,0,0,0.0,0,0,0.0,0,0,0,0,0,0.0,0,0,0,0,0,0,0,0.0,0,0.0,0,0,0,0.0,0,0.0,,0,0,118.67426430406971,18.67426430406971,18.67426430406971,₹1–2 Cr
,2018,Deepak Chahar,All-Rounder,Indian,,80.0,CSK,0,0,0,0,0,0,0,0.0,0,0,0.0,0,0,0,0,0,0.0,0,0,0,0,0,0,0,0.0,0,0.0,0,0,0,0.0,0,0.0,,0,0,117.0631084083359,37.06310840833591,37.06310840833591,< ₹1 Cr
,2018,Gurkeerat Singh Mann,All-Rounder,Indian,,75.0,DC,0,0,0,0,0,0,0,0.0,0,0,0.0,0,0,0,0,0,0.0,0,0,0,0,0,0,0,0.0,0,0.0,0,0,0,0.0,0,0.0,,0,0,117.0631084083359,42.06310840833591,42.06310840833591,< ₹1 Cr
,2018,Avesh Khan,Bowler,Indian,,70.0,DC,0,0,0,0,0,0,0,0.0,0,0,0.0,0,0,0,0,0,0.0,0,0,0,0,0,0,0,0.0,0,0.0,0,0,0,0.0,0,0.0,,0,0,118.67426430406971,48.67426430406971,48.67426430406971,< ₹1 Cr
,2018,Zahir Khan Pakteen,Bowler,Indian,,60.0,RR,0,0,0,0,0,0,0,0.0,0,0,0.0,0,0,0,0,0,0.0,0,0,0,0,0,0,0,0.0,0,0.0,0,0,0,0.0,0,0.0,,0,0,118.67426430406971,58.67426430406971,58.67426430406971,< ₹1 Cr
,2018,Tajinder Dhillon,All-Rounder,Indian,,55.0,MI,0,0,0,0,0,0,0,0.0,0,0,0.0,0,0,0,0,0,0.0,0,0,0,0,0,0,0,0.0,0,0.0,0,0,0,0.0,0,0.0,,0,0,117.0631084083359,62.06310840833591,62.06310840833591,< ₹1 Cr
,2018,Akila Dhananjaya,Bowler,Overseas,,50.0,MI,0,0,0,0,0,0,0,0.0,0,0,0.0,0,0,0,0,0,0.0,0,0,0,0,0,0,0,0.0,0,0.0,0,0,0,0.0,0,0.0,,0,0,196.19689931298905,146.19689931298905,146.19689931298905,< ₹1 Cr
,2018,Lungisani Ngidi,Bowler,Overseas,,50.0,CSK,0,0,0,0,0,0,0,0.0,0,0,0.0,0,0,0,0,0,0.0,0,0,0,0,0,0,0,0.0,0,0.0,0,0,0,0.0,0,0.0,,0,0,196.19689931298905,146.19689931298905,146.19689931298905,< ₹1 Cr
,2018,T Natarajan,Bowler,Indian,,40.0,SRH,0,0,0,0,0,0,0,0.0,0,0,0.0,0,0,0,0,0,0.0,0,0,0,0,0,0,0,0.0,0,0.0,0,0,0,0.0,0,0.0,,0,0,118.67426430406971,78.67426430406971,78.67426430406971,< ₹1 Cr
,2018,Aniket Choudhary,Bowler,Indian,,30.0,RCB,0,0,0,0,0,0,0,0.0,0,0,0.0,0,0,0,0,0,0.0,0,0,0,0,0,0,0,0.0,0,0.0,0,0,0,0.0,0,0.0,,0,0,118.67426430406971,88.67426430406971,88.67426430406971,< ₹1 Cr
,2018,Aryaman Vikram Birla,All-Rounder,Indian,,30.0,RR,0,0,0,0,0,0,0,0.0,0,0,0.0,0,0,0,0,0,0.0,0,0,0,0,0,0,0,0.0,0,0.0,0,0,0,0.0,0,0.0,,0,0,117.0631084083359,87.0631084083359,87.0631084083359,< ₹1 Cr
,2018,Cameron Delport,All-Rounder,Overseas,,30.0,KKR,0,0,0,0,0,0,0,0.0,0,0,0.0,0,0,0,0,0,0.0,0,0,0,0,0,0,0,0.0,0,0.0,0,0,0,0.0,0,0.0,,0,0,246.04276635822015,216.04276635822015,216.04276635822015,< ₹1 Cr
,2018,Javon Searless,All-Rounder,Indian,,30.0,KKR,0,0,0,0,0,0,0,0.0,0,0,0.0,0,0,0,0,0,0.0,0,0,0,0,0,0,0,0.0,0,0.0,0,0,0,0.0,0,0.0,,0,0,117.0631084083359,87.0631084083359,87.0631084083359,< ₹1 Cr
,2018,Anirudha Ashok Joshi,All-Rounder,Indian,,20.0,RCB,0,0,0,0,0,0,0,0.0,0,0,0.0,0,0,0,0,0,0.0,0,0,0,0,0,0,0,0.0,0,0.0,0,0,0,0.0,0,0.0,,0,0,117.0631084083359,97.0631084083359,97.0631084083359,< ₹1 Cr
,2018,Apoorv Vijay Wankhade,Batsman,Indian,,20.0,KKR,0,0,0,0,0,0,0,0.0,0,0,0.0,0,0,0,0,0,0.0,0,0,0,0,0,0,0,0.0,0,0.0,0,0,0,0.0,0,0.0,,0,0,110.08526455056162,90.08526455056162,90.08526455056162,< ₹1 Cr
,2018,Chaitanya Bishnoi,All-Rounder,Indian,,20.0,CSK,0,0,0,0,0,0,0,0.0,0,0,0.0,0,0,0,0,0,0.0,0,0,0,0,0,0,0,0.0,0,0.0,0,0,0,0.0,0,0.0,,0,0,117.0631084083359,97.0631084083359,97.0631084083359,< ₹1 Cr
,2018,Harshal Patel,All-Rounder,Indian,,20.0,DC,0,0,0,0,0,0,0,0.0,0,0,0.0,0,0,0,0,0,0.0,0,0,0,0,0,0,0,0.0,0,0.0,0,0,0,0.0,0,0.0,,0,0,117.0631084083359,97.0631084083359,97.0631084083359,< ₹1 Cr
,2018,Ishank Jaggi,Batsman,Indian,,20.0,KKR,0,0,0,0,0,0,0,0.0,0,0,0.0,0,0,0,0,0,0.0,0,0,0,0,0,0,0,0.0,0,0.0,0,0,0,0.0,0,0.0,,0,0,110.08526455056162,90.08526455056162,90.08526455056162,< ₹1 Cr
,2018,Jatin Saxena,All-Rounder,Indian,,20.0,RR,0,0,0,0,0,0,0,0.0,0,0,0.0,0,0,0,0,0,0.0,0,0,0,0,0,0,0,0.0,0,0.0,0,0,0,0.0,0,0.0,,0,0,117.0631084083359,97.0631084083359,97.0631084083359,< ₹1 Cr
,2018,Kshitiz Sharma,All-Rounder,Indian,,20.0,CSK,0,0,0,0,0,0,0,0.0,0,0,0.0,0,0,0,0,0,0.0,0,0,0,0,0,0,0,0.0,0,0.0,0,0,0,0.0,0,0.0,,0,0,117.0631084083359,97.0631084083359,97.0631084083359,< ₹1 Cr
,2018,Kanishk Seth,All-Rounder,Indian,,20.0,CSK,0,0,0,0,0,0,0,0.0,0,0,0.0,0,0,0,0,0,0.0,0,0,0,0,0,0,0,0.0,0,0.0,0,0,0,0.0,0,0.0,,0,0,117.0631084083359,97.0631084083359,97.0631084083359,< ₹1 Cr
,2018,Mahipal Lomror,All-Rounder,Indian,,20.0,RR,0,0,0,0,0,0,0,0.0,0,0,0.0,0,0,0,0,0,0.0,0,0,0,0,0,0,0,0.0,0,0.0,0,0,0,0.0,0,0.0,,0,0,117.0631084083359,97.0631084083359,97.0631084083359,< ₹1 Cr
,2018,Manjot Kalra,Batsman,Indian,,20.0,DC,0,0,0,0,0,0,0,0.0,0,0,0.0,0,0,0,0,0,0.0,0,0,0,0,0,0,0,0.0,0,0.0,0,0,0,0.0,0,0.0,,0,0,110.08526455056162,90.08526455056162,90.08526455056162,< ₹1 Cr
,2018,Manzoor Dar,All-Rounder,Indian,,20.0,PBKS,0,0,0,0,0,0,0,0.0,0,0,0.0,0,0,0,0,0,0.0,0,0,0,0,0,0,0,0.0,0,0.0,0,0,0,0.0,0,0.0,,0,0,117.0631084083359,97.0631084083359,97.0631084083359,< ₹1 Cr
,2018,Monu Singh,Bowler,Indian,,20.0,CSK,0,0,0,0,0,0,0,0.0,0,0,0.0,0,0,0,0,0,0.0,0,0,0,0,0,0,0,0.0,0,0.0,0,0,0,0.0,0,0.0,,0,0,118.67426430406971,98.67426430406971,98.67426430406971,< ₹1 Cr
,2018,Nidheesh M D Dinesan,Bowler,Indian,,20.0,MI,0,0,0,0,0,0,0,0.0,0,0,0.0,0,0,0,0,0,0.0,0,0,0,0,0,0,0,0.0,0,0.0,0,0,0,0.0,0,0.0,,0,0,118.67426430406971,98.67426430406971,98.67426430406971,< ₹1 Cr
,2018,Pardeep Sahu,Bowler,Indian,,20.0,PBKS,0,0,0,0,0,0,0,0.0,0,0,0.0,0,0,0,0,0,0.0,0,0,0,0,0,0,0,0.0,0,0.0,0,0,0,0.0,0,0.0,,0,0,118.67426430406971,98.67426430406971,98.67426430406971,< ₹1 Cr
,2018,Pavan Deshpande,All-Rounder,Indian,,20.0,RCB,0,0,0,0,0,0,0,0.0,0,0,0.0,0,0,0,0,0,0.0,0,0,0,0,0,0,0,0.0,0,0.0,0,0,0,0.0,0,0.0,,0,0,117.0631084083359,97.0631084083359,97.0631084083359,< ₹1 Cr
,2018,Prashant Chopra,Wicket-Keeper,Indian,,20.0,RR,0,0,0,0,0,0,0,0.0,0,0,0.0,0,0,0,0,0,0.0,0,0,0,0,0,0,0,0.0,0,0.0,0,0,0,0.0,0,0.0,,0,0,91.45862118287081,71.45862118287081,71.45862118287081,< ₹1 Cr
,2018,Sayan Ghosh,Bowler,Indian,,20.0,DC,0,0,0,0,0,0,0,0.0,0,0,0.0,0,0,0,0,0,0.0,0,0,0,0,0,0,0,0.0,0,0.0,0,0,0,0.0,0,0.0,,0,0,118.67426430406971,98.67426430406971,98.67426430406971,< ₹1 Cr
,2018,Sharad Lumba,Batsman,Indian,,20.0,MI,0,0,0,0,0,0,0,0.0,0,0,0.0,0,0,0,0,0,0.0,0,0,0,0,0,0,0,0.0,0,0.0,0,0,0,0.0,0,0.0,,0,0,110.08526455056162,90.08526455056162,90.08526455056162,< ₹1 Cr
,2018,Shreyas Gopal,All-Rounder,Indian,,20.0,RR,0,0,0,0,0,0,0,0.0,0,0,0.0,0,0,0,0,0,0.0,0,0,0,0,0,0,0,0.0,0,0.0,0,0,0,0.0,0,0.0,,0,0,117.0631084083359,97.0631084083359,97.0631084083359,< ₹1 Cr
,2018,Siddhesh Dinesh Lad,Batsman,Indian,,20.0,MI,0,0,0,0,0,0,0,0.0,0,0,0.0,0,0,0,0,0,0.0,0,0,0,0,0,0,0,0.0,0,0.0,0,0,0,0.0,0,0.0,,0,0,110.08526455056162,90.08526455056162,90.08526455056162,< ₹1 Cr
,2018,Syed Mehdi Hasan,All-Rounder,Indian,,20.0,SRH,0,0,0,0,0,0,0,0.0,0,0,0.0,0,0,0,0,0,0.0,0,0,0,0,0,0,0,0.0,0,0.0,0,0,0,0.0,0,0.0,,0,0,117.0631084083359,97.0631084083359,97.0631084083359,< ₹1 Cr
,2019,Varun Chakaravarthy,All-Rounder,Indian,,840.0,PBKS,0,0,0,0,0,0,0,0.0,0,0,0.0,0,0,0,0,0,0.0,0,0,0,0,0,0,0,0.0,0,0.0,0,0,0,0.0,0,0.0,,0,0,117.0631084083359,-722.9368915916641,722.9368915916641,₹5–10 Cr
,2019,Axar Rajesh Patel,All-Rounder,Indian,,500.0,DC,0,0,0,0,0,0,0,0.0,0,0,0.0,0,0,0,0,0,0.0,0,0,0,0,0,0,0,0.0,0,0.0,0,0,0,0.0,0,0.0,,0,0,117.0631084083359,-382.9368915916641,382.9368915916641,₹5–10 Cr
,2019,Nicolas Pooran,Wicket-Keeper,Overseas,,420.0,PBKS,0,0,0,0,0,0,0,0.0,0,0,0.0,0,0,0,0,0,0.0,0,0,0,0,0,0,0,0.0,0,0.0,0,0,0,0.0,0,0.0,,0,0,118.31141548890781,-301.6885845110922,301.6885845110922,₹2–5 Cr
,2019,Shimron Hetmyer,Batsman,Overseas,,420.0,RCB,0,0,0,0,0,0,0,0.0,0,0,0.0,0,0,0,0,0,0.0,0,0,0,0,0,0,0,0.0,0,0.0,0,0,0,0.0,0,0.0,,0,0,187.70976138329343,-232.29023861670657,232.29023861670657,₹2–5 Cr
,2019,Akshdeep Nath,All-Rounder,Indian,,360.0,RCB,0,0,0,0,0,0,0,0.0,0,0,0.0,0,0,0,0,0,0.0,0,0,0,0,0,0,0,0.0,0,0.0,0,0,0,0.0,0,0.0,,0,0,117.0631084083359,-242.9368915916641,242.9368915916641,₹2–5 Cr
,2019,Oshane Thomas,Bowler,Overseas,,110.0,RR,0,0,0,0,0,0,0,0.0,0,0,0.0,0,0,0,0,0,0.0,0,0,0,0,0,0,0,0.0,0,0.0,0,0,0,0.0,0,0.0,,0,0,196.19689931298905,86.19689931298905,86.19689931298905,₹1–2 Cr
,2019,Harry Gurney,Bowler,Overseas,,75.0,KKR,0,0,0,0,0,0,0,0.0,0,0,0.0,0,0,0,0,0,0.0,0,0,0,0,0,0,0,0.0,0,0.0,0,0,0,0.0,0,0.0,,0,0,196.19689931298905,121.19689931298905,121.19689931298905,< ₹1 Cr
,2019,Gurkeerat Singh Mann,All-Rounder,Indian,,50.0,RCB,0,0,0,0,0,0,0,0.0,0,0,0.0,0,0,0,0,0,0.0,0,0,0,0,0,0,0,0.0,0,0.0,0,0,0,0.0,0,0.0,,0,0,117.0631084083359,67.0631084083359,67.0631084083359,< ₹1 Cr
,2019,Darshan Nalkande,All-Rounder,Indian,,30.0,PBKS,0,0,0,0,0,0,0,0.0,0,0,0.0,0,0,0,0,0,0.0,0,0,0,0,0,0,0,0.0,0,0.0,0,0,0,0.0,0,0.0,,0,0,117.0631084083359,87.0631084083359,87.0631084083359,< ₹1 Cr
,2019,Sarfaraz Naushad Khan,All-Rounder,Indian,,25.0,PBKS,0,0,0,0,0,0,0,0.0,0,0,0.0,0,0,0,0,0,0.0,0,0,0,0,0,0,0,0.0,0,0.0,0,0,0,0.0,0,0.0,,0,0,117.0631084083359,92.0631084083359,92.0631084083359,< ₹1 Cr
,2019,Agnivesh Ayachi,All-Rounder,Indian,,20.0,PBKS,0,0,0,0,0,0,0,0.0,0,0,0.0,0,0,0,0,0,0.0,0,0,0,0,0,0,0,0.0,0,0.0,0,0,0,0.0,0,0.0,,0,0,117.0631084083359,97.0631084083359,97.0631084083359,< ₹1 Cr
,2019,Ankush Bains,Wicket-Keeper,Indian,,20.0,DC,0,0,0,0,0,0,0,0.0,0,0,0.0,0,0,0,0,0,0.0,0,0,0,0,0,0,0,0.0,0,0.0,0,0,0,0.0,0,0.0,,0,0,91.45862118287081,71.45862118287081,71.45862118287081,< ₹1 Cr
,2019,Bandaru Ayyappa,Bowler,Indian,,20.0,DC,0,0,0,0,0,0,0,0.0,0,0,0.0,0,0,0,0,0,0.0,0,0,0,0,0,0,0,0.0,0,0.0,0,0,0,0.0,0,0.0,,0,0,118.67426430406971,98.67426430406971,98.67426430406971,< ₹1 Cr
,2019,Jalaj Saxena,All-Rounder,Indian,,20.0,DC,0,0,0,0,0,0,0,0.0,0,0,0.0,0,0,0,0,0,0.0,0,0,0,0,0,0,0,0.0,0,0.0,0,0,0,0.0,0,0.0,,0,0,117.0631084083359,97.0631084083359,97.0631084083359,< ₹1 Cr
,2019,Milind Kumar,All-Rounder,Indian,,20.0,RCB,0,0,0,0,0,0,0,0.0,0,0,0.0,0,0,0,0,0,0.0,0,0,0,0,0,0,0,0.0,0,0.0,0,0,0,0.0,0,0.0,,0,0,117.0631084083359,97.0631084083359,97.0631084083359,< ₹1 Cr
,2019,Nikhil Shankar Naik,Wicket-Keeper,Indian,,20.0,KKR,0,0,0,0,0,0,0,0.0,0,0,0.0,0,0,0,0,0,0.0,0,0,0,0,0,0,0,0.0,0,0.0,0,0,0,0.0,0,0.0,,0,0,91.45862118287081,71.45862118287081,71.45862118287081,< ₹1 Cr
,2019,Pankaj Jaswal,All-Rounder,Overseas,,20.0,MI,0,0,0,0,0,0,0,0.0,0,0,0.0,0,0,0,0,0,0.0,0,0,0,0,0,0,0,0.0,0,0.0,0,0,0,0.0,0,0.0,,0,0,246.04276635822015,226.04276635822015,226.04276635822015,< ₹1 Cr
,2019,Ruturaj Gaikwad,Batsman,Indian,,20.0,CSK,0,0,0,0,0,0,0,0.0,0,0,0.0,0,0,0,0,0,0.0,0,0,0,0,0,0,0,0.0,0,0.0,0,0,0,0.0,0,0.0,,0,0,110.08526455056162,90.08526455056162,90.08526455056162,< ₹1 Cr
,2019,Rasikh Dar,Bowler,Indian,,20.0,MI,0,0,0,0,0,0,0,0.0,0,0,0.0,0,0,0,0,0,0.0,0,0,0,0,0,0,0,0.0,0,0.0,0,0,0,0.0,0,0.0,,0,0,118.67426430406971,98.67426430406971,98.67426430406971,< ₹1 Cr
,2019,Shrikant Mundhe,All-Rounder,Indian,,20.0,KKR,0,0,0,0,0,0,0,0.0,0,0,0.0,0,0,0,0,0,0.0,0,0,0,0,0,0,0,0.0,0,0.0,0,0,0,0.0,0,0.0,,0,0,117.0631084083359,97.0631084083359,97.0631084083359,< ₹1 Cr
,2019,Shubham Ranjane,All-Rounder,Indian,,20.0,RR,0,0,0,0,0,0,0,0.0,0,0,0.0,0,0,0,0,0,0.0,0,0,0,0,0,0,0,0.0,0,0.0,0,0,0,0.0,0,0.0,,0,0,117.0631084083359,97.0631084083359,97.0631084083359,< ₹1 Cr
,2020,Pat Cummins,All-Rounder,Overseas,,1550.0,KKR,0,0,0,0,0,0,0,0.0,0,0,0.0,0,0,0,0,0,0.0,0,0,0,0,0,0,0,0.0,0,0.0,0,0,0,0.0,0,0.0,,0,0,246.04276635822015,-1303.9572336417798,1303.9572336417798,₹10+ Cr
,2020,Christopher Morris,All-Rounder,Overseas,,1000.0,RCB,0,0,0,0,0,0,0,0.0,0,0,0.0,0,0,0,0,0,0.0,0,0,0,0,0,0,0,0.0,0,0.0,0,0,0,0.0,0,0.0,,0,0,246.04276635822015,-753.9572336417798,753.9572336417798,₹10+ Cr
,2020,Shimron Hetmyer,Batsman,Overseas,,775.0,DC,0,0,0,0,0,0,0,0.0,0,0,0.0,0,0,0,0,0,0.0,0,0,0,0,0,0,0,0.0,0,0.0,0,0,0,0.0,0,0.0,,0,0,187.70976138329343,-587.2902386167066,587.2902386167066,₹5–10 Cr
,2020,Varun Chakaravarthy,All-Rounder,Indian,,400.0,KKR,0,0,0,0,0,0,0,0.0,0,0,0.0,0,0,0,0,0,0.0,0,0,0,0,0,0,0,0.0,0,0.0,0,0,0,0.0,0,0.0,,0,0,117.0631084083359,-282.9368915916641,282.9368915916641,₹2–5 Cr
,2020,Robin Uthappa,Batsman,Indian,,300.0,RR,0,0,0,0,0,0,0,0.0,0,0,0.0,0,0,0,0,0,0.0,0,0,0,0,0,0,0,0.0,0,0.0,0,0,0,0.0,0,0.0,,0,0,110.08526455056162,-189.91473544943838,189.91473544943838,₹2–5 Cr
,2020,Yashasvi Jaiswal,All-Rounder,Indian,,240.0,RR,0,0,0,0,0,0,0,0.0,0,0,0.0,0,0,0,0,0,0.0,0,0,0,0,0,0,0,0.0,0,0.0,0,0,0,0.0,0,0.0,,0,0,117.0631084083359,-122.9368915916641,122.9368915916641,₹2–5 Cr
,2020,Rahul Tripathi,Batsman,Indian,,60.0,KKR,0,0,0,0,0,0,0,0.0,0,0,0.0,0,0,0,0,0,0.0,0,0,0,0,0,0,0,0.0,0,0.0,0,0,0,0.0,0,0.0,,0,0,110.08526455056162,50.08526455056162,50.08526455056162,< ₹1 Cr
,2020,Deepak Hooda,All-Rounder,Indian,,50.0,PBKS,0,0,0,0,0,0,0,0.0,0,0,0.0,0,0,0,0,0,0.0,0,0,0,0,0,0,0,0.0,0,0.0,0,0,0,0.0,0,0.0,,0,0,117.0631084083359,67.0631084083359,67.0631084083359,< ₹1 Cr
,2020,Isuru Udana,All-Rounder,Overseas,,50.0,RCB,0,0,0,0,0,0,0,0.0,0,0,0.0,0,0,0,0,0,0.0,0,0,0,0,0,0,0,0.0,0,0.0,0,0,0,0.0,0,0.0,,0,0,246.04276635822015,196.04276635822015,196.04276635822015,< ₹1 Cr
,2020,Oshane Thomas,Bowler,Overseas,,50.0,RR,0,0,0,0,0,0,0,0.0,0,0,0.0,0,0,0,0,0,0.0,0,0,0,0,0,0,0,0.0,0,0.0,0,0,0,0.0,0,0.0,,0,0,196.19689931298905,146.19689931298905,146.19689931298905,< ₹1 Cr
,2020,Anirudha Ashok Joshi,All-Rounder,Indian,,20.0,RR,0,0,0,0,0,0,0,0.0,0,0,0.0,0,0,0,0,0,0.0,0,0,0,0,0,0,0,0.0,0,0.0,0,0,0,0.0,0,0.0,,0,0,117.0631084083359,97.0631084083359,97.0631084083359,< ₹1 Cr
,2020,Digvijay Deshmukh,All-Rounder,Indian,,20.0,MI,0,0,0,0,0,0,0,0.0,0,0,0.0,0,0,0,0,0,0.0,0,0,0,0,0,0,0,0.0,0,0.0,0,0,0,0.0,0,0.0,,0,0,117.0631084083359,97.0631084083359,97.0631084083359,< ₹1 Cr
,2020,Joshua Philippe,Wicket-Keeper,Overseas,,20.0,RCB,0,0,0,0,0,0,0,0.0,0,0,0.0,0,0,0,0,0,0.0,0,0,0,0,0,0,0,0.0,0,0.0,0,0,0,0.0,0,0.0,,0,0,118.31141548890781,98.31141548890781,98.31141548890781,< ₹1 Cr
,2020,Nikhil Shankar Naik,Wicket-Keeper,Indian,,20.0,KKR,0,0,0,0,0,0,0,0.0,0,0,0.0,0,0,0,0,0,0.0,0,0,0,0,0,0,0,0.0,0,0.0,0,0,0,0.0,0,0.0,,0,0,91.45862118287081,71.45862118287081,71.45862118287081,< ₹1 Cr
,2020,Pavan Deshpande,All-Rounder,Indian,,20.0,RCB,0,0,0,0,0,0,0,0.0,0,0,0.0,0,0,0,0,0,0.0,0,0,0,0,0,0,0,0.0,0,0.0,0,0,0,0.0,0,0.0,,0,0,117.0631084083359,97.0631084083359,97.0631084083359,< ₹1 Cr
,2020,Pravin Tambe,Bowler,Indian,,20.0,KKR,0,0,0,0,0,0,0,0.0,0,0,0.0,0,0,0,0,0,0.0,0,0,0,0,0,0,0,0.0,0,0.0,0,0,0,0.0,0,0.0,,0,0,118.67426430406971,98.67426430406971,98.67426430406971,< ₹1 Cr
,2020,Prince Balwant Rai Singh,All-Rounder,Indian,,20.0,MI,0,0,0,0,0,0,0,0.0,0,0,0.0,0,0,0,0,0,0.0,0,0,0,0,0,0,0,0.0,0,0.0,0,0,0,0.0,0,0.0,,0,0,117.0631084083359,97.0631084083359,97.0631084083359,< ₹1 Cr
,2020,Sandeep Bavanaka,All-Rounder,Overseas,,20.0,SRH,0,0,0,0,0,0,0,0.0,0,0,0.0,0,0,0,0,0,0.0,0,0,0,0,0,0,0,0.0,0,0.0,0,0,0,0.0,0,0.0,,0,0,246.04276635822015,226.04276635822015,226.04276635822015,< ₹1 Cr
,2020,Sanjay Yadav,All-Rounder,Indian,,20.0,SRH,0,0,0,0,0,0,0,0.0,0,0,0.0,0,0,0,0,0,0.0,0,0,0,0,0,0,0,0.0,0,0.0,0,0,0,0.0,0,0.0,,0,0,117.0631084083359,97.0631084083359,97.0631084083359,< ₹1 Cr
,2020,Shahbaz Ahamad,Wicket-Keeper,Indian,,20.0,RCB,0,0,0,0,0,0,0,0.0,0,0,0.0,0,0,0,0,0,0.0,0,0,0,0,0,0,0,0.0,0,0.0,0,0,0,0.0,0,0.0,,0,0,91.45862118287081,71.45862118287081,71.45862118287081,< ₹1 Cr
,2020,Tajinder Dhillon,All-Rounder,Indian,,20.0,PBKS,0,0,0,0,0,0,0,0.0,0,0,0.0,0,0,0,0,0,0.0,0,0,0,0,0,0,0,0.0,0,0.0,0,0,0,0.0,0,0.0,,0,0,117.0631084083359,97.0631084083359,97.0631084083359,< ₹1 Cr
,2020,Tushar Deshpande,Bowler,Indian,,20.0,DC,0,0,0,0,0,0,0,0.0,0,0,0.0,0,0,0,0,0,0.0,0,0,0,0,0,0,0,0.0,0,0.0,0,0,0,0.0,0,0.0,,0,0,118.67426430406971,98.67426430406971,98.67426430406971,< ₹1 Cr
,2021,Krishnappa Gowtham,All-Rounder,Indian,20.0,900.0,CSK,0,0,0,0,0,0,0,0.0,0,0,0.0,0,0,0,0,0,0.0,0,0,0,0,0,0,0,0.0,0,0.0,0,0,0,0.0,0,0.0,,0,0,117.0631084083359,-782.9368915916641,782.9368915916641,₹5–10 Cr
,2021,Shahrukh Khan,All-Rounder,Indian,20.0,500.0,PBKS,0,0,0,0,0,0,0,0.0,0,0,0.0,0,0,0,0,0,0.0,0,0,0,0,0,0,0,0.0,0,0.0,0,0,0,0.0,0,0.0,,0,0,117.0631084083359,-382.9368915916641,382.9368915916641,₹5–10 Cr
,2021,Kedar Jadhav,All-Rounder,Indian,200.0,200.0,SRH,0,0,0,0,0,0,0,0.0,0,0,0.0,0,0,0,0,0,0.0,0,0,0,0,0,0,0,0.0,0,0.0,0,0,0,0.0,0,0.0,,0,0,117.0631084083359,-82.9368915916641,82.9368915916641,₹2–5 Cr
,2021,Mujeeb Zadran,Bowler,Overseas,,150.0,SRH,0,0,0,0,0,0,0,0.0,0,0,0.0,0,0,0,0,0,0.0,0,0,0,0,0,0,0,0.0,0,0.0,0,0,0,0.0,0,0.0,,0,0,196.19689931298905,46.196899312989046,46.196899312989046,₹1–2 Cr
,2021,J Suchith,Bowler,Indian,,30.0,SRH,0,0,0,0,0,0,0,0.0,0,0,0.0,0,0,0,0,0,0.0,0,0,0,0,0,0,0,0.0,0,0.0,0,0,0,0.0,0,0.0,,0,0,118.67426430406971,88.67426430406971,88.67426430406971,< ₹1 Cr
,2021,Jagadeesha Suchith,Bowler,Indian,20.0,30.0,SRH,0,0,0,0,0,0,0,0.0,0,0,0.0,0,0,0,0,0,0.0,0,0,0,0,0,0,0,0.0,0,0.0,0,0,0,0.0,0,0.0,,0,0,118.67426430406971,88.67426430406971,88.67426430406971,< ₹1 Cr
,2021,Jalaj Saxena,All-Rounder,Indian,30.0,30.0,PBKS,0,0,0,0,0,0,0,0.0,0,0,0.0,0,0,0,0,0,0.0,0,0,0,0,0,0,0,0.0,0,0.0,0,0,0,0.0,0,0.0,,0,0,117.0631084083359,87.0631084083359,87.0631084083359,< ₹1 Cr
,2021,Bhagath Verma,All-Rounder,Indian,20.0,20.0,CSK,0,0,0,0,0,0,0,0.0,0,0,0.0,0,0,0,0,0,0.0,0,0,0,0,0,0,0,0.0,0,0.0,0,0,0,0.0,0,0.0,,0,0,117.0631084083359,97.0631084083359,97.0631084083359,< ₹1 Cr
,2021,Hari Nishanth,Batsman,Indian,20.0,20.0,CSK,0,0,0,0,0,0,0,0.0,0,0,0.0,0,0,0,0,0,0.0,0,0,0,0,0,0,0,0.0,0,0.0,0,0,0,0.0,0,0.0,,0,0,110.08526455056162,90.08526455056162,90.08526455056162,< ₹1 Cr
,2021,Harishankar Reddy,Bowler,Indian,20.0,20.0,CSK,0,0,0,0,0,0,0,0.0,0,0,0.0,0,0,0,0,0,0.0,0,0,0,0,0,0,0,0.0,0,0.0,0,0,0,0.0,0,0.0,,0,0,118.67426430406971,98.67426430406971,98.67426430406971,< ₹1 Cr
,2021,K Bhagath Varma,All-Rounder,Indian,,20.0,CSK,0,0,0,0,0,0,0,0.0,0,0,0.0,0,0,0,0,0,0.0,0,0,0,0,0,0,0,0.0,0,0.0,0,0,0,0.0,0,0.0,,0,0,117.0631084083359,97.0631084083359,97.0631084083359,< ₹1 Cr
,2021,KC Cariappa,Bowler,Indian,20.0,20.0,RR,0,0,0,0,0,0,0,0.0,0,0,0.0,0,0,0,0,0,0.0,0,0,0,0,0,0,0,0.0,0,0.0,0,0,0,0.0,0,0.0,,0,0,118.67426430406971,98.67426430406971,98.67426430406971,< ₹1 Cr
,2021,Kona Srikar Bharat,Wicket-Keeper,Indian,,20.0,RCB,0,0,0,0,0,0,0,0.0,0,0,0.0,0,0,0,0,0,0.0,0,0,0,0,0,0,0,0.0,0,0.0,0,0,0,0.0,0,0.0,,0,0,91.45862118287081,71.45862118287081,71.45862118287081,< ₹1 Cr
,2021,Kuldip Yadav,Bowler,Indian,20.0,20.0,RR,0,0,0,0,0,0,0,0.0,0,0,0.0,0,0,0,0,0,0.0,0,0,0,0,0,0,0,0.0,0,0.0,0,0,0,0.0,0,0.0,,0,0,118.67426430406971,98.67426430406971,98.67426430406971,< ₹1 Cr
,2021,Lukman Meriwala,Bowler,Indian,20.0,20.0,DC,0,0,0,0,0,0,0,0.0,0,0,0.0,0,0,0,0,0,0.0,0,0,0,0,0,0,0,0.0,0,0.0,0,0,0,0.0,0,0.0,,0,0,118.67426430406971,98.67426430406971,98.67426430406971,< ₹1 Cr
,2021,Manimaran Siddharth,Bowler,Indian,20.0,20.0,DC,0,0,0,0,0,0,0,0.0,0,0,0.0,0,0,0,0,0,0.0,0,0,0,0,0,0,0,0.0,0,0.0,0,0,0,0.0,0,0.0,,0,0,118.67426430406971,98.67426430406971,98.67426430406971,< ₹1 Cr
,2021,Mohammed Azharuddeen,Wicket-Keeper,Indian,20.0,20.0,RCB,0,0,0,0,0,0,0,0.0,0,0,0.0,0,0,0,0,0,0.0,0,0,0,0,0,0,0,0.0,0,0.0,0,0,0,0.0,0,0.0,,0,0,91.45862118287081,71.45862118287081,71.45862118287081,< ₹1 Cr
,2021,Saurabh Kumar,All-Rounder,Indian,20.0,20.0,PBKS,0,0,0,0,0,0,0,0.0,0,0,0.0,0,0,0,0,0,0.0,0,0,0,0,0,0,0,0.0,0,0.0,0,0,0,0.0,0,0.0,,0,0,117.0631084083359,97.0631084083359,97.0631084083359,< ₹1 Cr
,2021,Srikar Bharat,Wicket-Keeper,Indian,20.0,20.0,RCB,0,0,0,0,0,0,0,0.0,0,0,0.0,0,0,0,0,0,0.0,0,0,0,0,0,0,0,0.0,0,0.0,0,0,0,0.0,0,0.0,,0,0,91.45862118287081,71.45862118287081,71.45862118287081,< ₹1 Cr
,2021,Suyash Prabhudessai,Batsman,Indian,20.0,20.0,RCB,0,0,0,0,0,0,0,0.0,0,0,0.0,0,0,0,0,0,0.0,0,0,0,0,0,0,0,0.0,0,0.0,0,0,0,0.0,0,0.0,,0,0,110.08526455056162,90.08526455056162,90.08526455056162,< ₹1 Cr
,2021,Utkarsh Singh,Bowler,Indian,20.0,20.0,PBKS,0,0,0,0,0,0,0,0.0,0,0,0.0,0,0,0,0,0,0.0,0,0,0,0,0,0,0,0.0,0,0.0,0,0,0,0.0,0,0.0,,0,0,118.67426430406971,98.67426430406971,98.67426430406971,< ₹1 Cr
,2021,Vaibhav Arora,Bowler,Indian,20.0,20.0,KKR,0,0,0,0,0,0,0,0.0,0,0,0.0,0,0,0,0,0,0.0,0,0,0,0,0,0,0,0.0,0,0.0,0,0,0,0.0,0,0.0,,0,0,118.67426430406971,98.67426430406971,98.67426430406971,< ₹1 Cr
,2021,Yudhvir Charak,All-Rounder,Indian,,20.0,MI,0,0,0,0,0,0,0,0.0,0,0,0.0,0,0,0,0,0,0.0,0,0,0,0,0,0,0,0.0,0,0.0,0,0,0,0.0,0,0.0,,0,0,117.0631084083359,97.0631084083359,97.0631084083359,< ₹1 Cr
,2022,Deepak Chahar,Bowler,Indian,,1400.0,CSK,0,0,0,0,0,0,0,0.0,0,0,0.0,0,0,0,0,0,0.0,0,0,0,0,0,0,0,0.0,0,0.0,0,0,0,0.0,0,0.0,,0,0,118.67426430406971,-1281.3257356959302,1281.3257356959302,₹10+ Cr
,2022,Harshal Patel,All-Rounder,Indian,,1075.0,RCB,0,0,0,0,0,0,0,0.0,0,0,0.0,0,0,0,0,0,0.0,0,0,0,0,0,0,0,0.0,0,0.0,0,0,0,0.0,0,0.0,,0,0,117.0631084083359,-957.9368915916641,957.9368915916641,₹10+ Cr
,2022,Avesh Khan,Bowler,Indian,,1000.0,LSG,0,0,0,0,0,0,0,0.0,0,0,0.0,0,0,0,0,0,0.0,0,0,0,0,0,0,0,0.0,0,0.0,0,0,0,0.0,0,0.0,,0,0,118.67426430406971,-881.3257356959302,881.3257356959302,₹10+ Cr
,2022,Prasidh Krishna,Bowler,Indian,,1000.0,RR,0,0,0,0,0,0,0,0.0,0,0,0.0,0,0,0,0,0,0.0,0,0,0,0,0,0,0,0.0,0,0.0,0,0,0,0.0,0,0.0,,0,0,118.67426430406971,-881.3257356959302,881.3257356959302,₹10+ Cr
,2022,Rahul Tewatia,All-Rounder,Indian,,900.0,GT,0,0,0,0,0,0,0,0.0,0,0,0.0,0,0,0,0,0,0.0,0,0,0,0,0,0,0,0.0,0,0.0,0,0,0,0.0,0,0.0,,0,0,117.0631084083359,-782.9368915916641,782.9368915916641,₹5–10 Cr
,2022,Shahrukh Khan,All-Rounder,Indian,,900.0,PBKS,0,0,0,0,0,0,0,0.0,0,0,0.0,0,0,0,0,0,0.0,0,0,0,0,0,0,0,0.0,0,0.0,0,0,0,0.0,0,0.0,,0,0,117.0631084083359,-782.9368915916641,782.9368915916641,₹5–10 Cr
,2022,Washington Sundar,All-Rounder,Indian,,875.0,SRH,0,0,0,0,0,0,0,0.0,0,0,0.0,0,0,0,0,0,0.0,0,0,0,0,0,0,0,0.0,0,0.0,0,0,0,0.0,0,0.0,,0,0,117.0631084083359,-757.9368915916641,757.9368915916641,₹5–10 Cr
,2022,Rahul Tripathi,Batsman,Indian,,850.0,SRH,0,0,0,0,0,0,0,0.0,0,0,0.0,0,0,0,0,0,0.0,0,0,0,0,0,0,0,0.0,0,0.0,0,0,0,0.0,0,0.0,,0,0,110.08526455056162,-739.9147354494384,739.9147354494384,₹5–10 Cr
,2022,Shimron Hetmyer,Batsman,Overseas,,850.0,RR,0,0,0,0,0,0,0,0.0,0,0,0.0,0,0,0,0,0,0.0,0,0,0,0,0,0,0,0.0,0,0.0,0,0,0,0.0,0,0.0,,0,0,187.70976138329343,-662.2902386167066,662.2902386167066,₹5–10 Cr
,2022,Krunal Pandya,All-Rounder,Indian,,825.0,LSG,0,0,0,0,0,0,0,0.0,0,0,0.0,0,0,0,0,0,0.0,0,0,0,0,0,0,0,0.0,0,0.0,0,0,0,0.0,0,0.0,,0,0,117.0631084083359,-707.9368915916641,707.9368915916641,₹5–10 Cr
,2022,Romario Shepherd,All-Rounder,Overseas,,775.0,SRH,0,0,0,0,0,0,0,0.0,0,0,0.0,0,0,0,0,0,0.0,0,0,0,0,0,0,0,0.0,0,0.0,0,0,0,0.0,0,0.0,,0,0,246.04276635822015,-528.9572336417798,528.9572336417798,₹5–10 Cr
,2022,Pat Cummins,All-Rounder,Overseas,,725.0,KKR,0,0,0,0,0,0,0,0.0,0,0,0.0,0,0,0,0,0,0.0,0,0,0,0,0,0,0,0.0,0,0.0,0,0,0,0.0,0,0.0,,0,0,246.04276635822015,-478.95723364177985,478.95723364177985,₹5–10 Cr
,2022,Ambati Rayudu,Wicket-Keeper,Indian,,675.0,CSK,0,0,0,0,0,0,0,0.0,0,0,0.0,0,0,0,0,0,0.0,0,0,0,0,0,0,0,0.0,0,0.0,0,0,0,0.0,0,0.0,,0,0,91.45862118287081,-583.5413788171292,583.5413788171292,₹5–10 Cr
,2022,Odean Smith,All-Rounder,Overseas,,600.0,PBKS,0,0,0,0,0,0,0,0.0,0,0,0.0,0,0,0,0,0,0.0,0,0,0,0,0,0,0,0.0,0,0.0,0,0,0,0.0,0,0.0,,0,0,246.04276635822015,-353.95723364177985,353.95723364177985,₹5–10 Cr
,2022,Deepak Hooda,All-Rounder,Indian,,575.0,LSG,0,0,0,0,0,0,0,0.0,0,0,0.0,0,0,0,0,0,0.0,0,0,0,0,0,0,0,0.0,0,0.0,0,0,0,0.0,0,0.0,,0,0,117.0631084083359,-457.9368915916641,457.9368915916641,₹5–10 Cr
,2022,Rahul Chahar,Bowler,Indian,,525.0,PBKS,0,0,0,0,0,0,0,0.0,0,0,0.0,0,0,0,0,0,0.0,0,0,0,0,0,0,0,0.0,0,0.0,0,0,0,0.0,0,0.0,,0,0,118.67426430406971,-406.3257356959303,406.3257356959303,₹5–10 Cr
,2022,Syed Khaleel Ahmed,Bowler,Indian,,525.0,DC,0,0,0,0,0,0,0,0.0,0,0,0.0,0,0,0,0,0,0.0,0,0,0,0,0,0,0,0.0,0,0.0,0,0,0,0.0,0,0.0,,0,0,118.67426430406971,-406.3257356959303,406.3257356959303,₹5–10 Cr
,2022,R Ashwin,All-Rounder,Indian,,500.0,RR,0,0,0,0,0,0,0,0.0,0,0,0.0,0,0,0,0,0,0.0,0,0,0,0,0,0,0,0.0,0,0.0,0,0,0,0.0,0,0.0,,0,0,117.0631084083359,-382.9368915916641,382.9368915916641,₹5–10 Cr
,2022,T Natarajan,Bowler,Indian,,400.0,SRH,0,0,0,0,0,0,0,0.0,0,0,0.0,0,0,0,0,0,0.0,0,0,0,0,0,0,0,0.0,0,0.0,0,0,0,0.0,0,0.0,,0,0,118.67426430406971,-281.3257356959303,281.3257356959303,₹2–5 Cr
,2022,Rovman Powell,Batsman,Overseas,,280.0,DC,0,0,0,0,0,0,0,0.0,0,0,0.0,0,0,0,0,0,0.0,0,0,0,0,0,0,0,0.0,0,0.0,0,0,0,0.0,0,0.0,,0,0,187.70976138329343,-92.29023861670657,92.29023861670657,₹2–5 Cr
,2022,Abhinav Sadarangani,Batsman,Indian,,260.0,GT,0,0,0,0,0,0,0,0.0,0,0,0.0,0,0,0,0,0,0.0,0,0,0,0,0,0,0,0.0,0,0.0,0,0,0,0.0,0,0.0,,0,0,110.08526455056162,-149.91473544943838,149.91473544943838,₹2–5 Cr
,2022,Shahbaz Ahamad,All-Rounder,Indian,,240.0,RCB,0,0,0,0,0,0,0,0.0,0,0,0.0,0,0,0,0,0,0.0,0,0,0,0,0,0,0,0.0,0,0.0,0,0,0,0.0,0,0.0,,0,0,117.0631084083359,-122.9368915916641,122.9368915916641,₹2–5 Cr
,2022,David Willey,All-Rounder,Overseas,,200.0,RCB,0,0,0,0,0,0,0,0.0,0,0,0.0,0,0,0,0,0,0.0,0,0,0,0,0,0,0,0.0,0,0.0,0,0,0,0.0,0,0.0,,0,0,246.04276635822015,46.04276635822015,46.04276635822015,₹2–5 Cr
,2022,Dushmanta Chameera,Bowler,Overseas,,200.0,LSG,0,0,0,0,0,0,0,0.0,0,0,0.0,0,0,0,0,0,0.0,0,0,0,0,0,0,0,0.0,0,0.0,0,0,0,0.0,0,0.0,,0,0,196.19689931298905,-3.8031006870109536,3.8031006870109536,₹2–5 Cr
,2022,Evin Lewis,Batsman,Overseas,,200.0,LSG,0,0,0,0,0,0,0,0.0,0,0,0.0,0,0,0,0,0,0.0,0,0,0,0,0,0,0,0.0,0,0.0,0,0,0,0.0,0,0.0,,0,0,187.70976138329343,-12.290238616706574,12.290238616706574,₹2–5 Cr
,2022,Kuldeep Yadav,Bowler,Indian,,200.0,DC,0,0,0,0,0,0,0,0.0,0,0,0.0,0,0,0,0,0,0.0,0,0,0,0,0,0,0,0.0,0,0.0,0,0,0,0.0,0,0.0,,0,0,118.67426430406971,-81.32573569593029,81.32573569593029,₹2–5 Cr
,2022,Robin Uthappa,Batsman,Indian,,200.0,CSK,0,0,0,0,0,0,0,0.0,0,0,0.0,0,0,0,0,0,0.0,0,0,0,0,0,0,0,0.0,0,0.0,0,0,0,0.0,0,0.0,,0,0,110.08526455056162,-89.91473544943838,89.91473544943838,₹2–5 Cr
,2022,Raj Angad Bawa,All-Rounder,Indian,,200.0,PBKS,0,0,0,0,0,0,0,0.0,0,0,0.0,0,0,0,0,0,0.0,0,0,0,0,0,0,0,0.0,0,0.0,0,0,0,0.0,0,0.0,,0,0,117.0631084083359,-82.9368915916641,82.9368915916641,₹2–5 Cr
,2022,Vaibhav Arora,Bowler,Indian,,200.0,PBKS,0,0,0,0,0,0,0,0.0,0,0,0.0,0,0,0,0,0,0.0,0,0,0,0,0,0,0,0.0,0,0.0,0,0,0,0.0,0,0.0,,0,0,118.67426430406971,-81.32573569593029,81.32573569593029,₹2–5 Cr
,2022,N Tilak Varma,All-Rounder,Indian,,170.0,MI,0,0,0,0,0,0,0,0.0,0,0,0.0,0,0,0,0,0,0.0,0,0,0,0,0,0,0,0.0,0,0.0,0,0,0,0.0,0,0.0,,0,0,117.0631084083359,-52.93689159166409,52.93689159166409,₹1–2 Cr
,2022,Murugan Ashwin,Bowler,Indian,,160.0,MI,0,0,0,0,0,0,0,0.0,0,0,0.0,0,0,0,0,0,0.0,0,0,0,0,0,0,0,0.0,0,0.0,0,0,0,0.0,0,0.0,,0,0,118.67426430406971,-41.32573569593029,41.32573569593029,₹1–2 Cr
,2022,Prashant Solanki,Bowler,Indian,,120.0,CSK,0,0,0,0,0,0,0,0.0,0,0,0.0,0,0,0,0,0,0.0,0,0,0,0,0,0,0,0.0,0,0.0,0,0,0,0.0,0,0.0,,0,0,118.67426430406971,-1.325735695930291,1.325735695930291,₹1–2 Cr
,2022,Dominic Drakes,All-Rounder,Overseas,,110.0,GT,0,0,0,0,0,0,0,0.0,0,0,0.0,0,0,0,0,0,0.0,0,0,0,0,0,0,0,0.0,0,0.0,0,0,0,0.0,0,0.0,,0,0,246.04276635822015,136.04276635822015,136.04276635822015,₹1–2 Cr
,2022,Mohammed Nabi,All-Rounder,Overseas,,100.0,KKR,0,0,0,0,0,0,0,0.0,0,0,0.0,0,0,0,0,0,0.0,0,0,0,0,0,0,0,0.0,0,0.0,0,0,0,0.0,0,0.0,,0,0,246.04276635822015,146.04276635822015,146.04276635822015,₹1–2 Cr
,2022,Mahipal Lomror,All-Rounder,Indian,,95.0,RCB,0,0,0,0,0,0,0,0.0,0,0,0.0,0,0,0,0,0,0.0,0,0,0,0,0,0,0,0.0,0,0.0,0,0,0,0.0,0,0.0,,0,0,117.0631084083359,22.063108408335907,22.063108408335907,< ₹1 Cr
,2022,K Gowtham,All-Rounder,Indian,,90.0,LSG,0,0,0,0,0,0,0,0.0,0,0,0.0,0,0,0,0,0,0.0,0,0,0,0,0,0,0,0.0,0,0.0,0,0,0,0.0,0,0.0,,0,0,117.0631084083359,27.063108408335907,27.063108408335907,< ₹1 Cr
,2022,Krishnappa Gowtham,All-Rounder,Indian,,90.0,LSG,0,0,0,0,0,0,0,0.0,0,0,0.0,0,0,0,0,0,0.0,0,0,0,0,0,0,0,0.0,0,0.0,0,0,0,0.0,0,0.0,,0,0,117.0631084083359,27.063108408335907,27.063108408335907,< ₹1 Cr
,2022,Finn Allen,Batsman,Overseas,,80.0,RCB,0,0,0,0,0,0,0,0.0,0,0,0.0,0,0,0,0,0,0.0,0,0,0,0,0,0,0,0.0,0,0.0,0,0,0,0.0,0,0.0,,0,0,187.70976138329343,107.70976138329343,107.70976138329343,< ₹1 Cr
,2022,Obed Mccoy,Bowler,Overseas,,75.0,RR,0,0,0,0,0,0,0,0.0,0,0,0.0,0,0,0,0,0,0.0,0,0,0,0,0,0,0,0.0,0,0.0,0,0,0,0.0,0,0.0,,0,0,196.19689931298905,121.19689931298905,121.19689931298905,< ₹1 Cr
,2022,Shreyas Gopal,Bowler,Indian,,75.0,SRH,0,0,0,0,0,0,0,0.0,0,0,0.0,0,0,0,0,0,0.0,0,0,0,0,0,0,0,0.0,0,0.0,0,0,0,0.0,0,0.0,,0,0,118.67426430406971,43.67426430406971,43.67426430406971,< ₹1 Cr
,2022,Maheesh Theekshana,Bowler,Overseas,,70.0,CSK,0,0,0,0,0,0,0,0.0,0,0,0.0,0,0,0,0,0,0.0,0,0,0,0,0,0,0,0.0,0,0.0,0,0,0,0.0,0,0.0,,0,0,196.19689931298905,126.19689931298905,126.19689931298905,< ₹1 Cr
,2022,Ashok Sharma,Bowler,Indian,,55.0,KKR,0,0,0,0,0,0,0,0.0,0,0,0.0,0,0,0,0,0,0.0,0,0,0,0,0,0,0,0.0,0,0.0,0,0,0,0.0,0,0.0,,0,0,118.67426430406971,63.67426430406971,63.67426430406971,< ₹1 Cr
,2022,Rishi Dhawan,All-Rounder,Indian,,55.0,PBKS,0,0,0,0,0,0,0,0.0,0,0,0.0,0,0,0,0,0,0.0,0,0,0,0,0,0,0,0.0,0,0.0,0,0,0,0.0,0,0.0,,0,0,117.0631084083359,62.06310840833591,62.06310840833591,< ₹1 Cr
,2022,Ankit Singh Rajpoot,Bowler,Indian,,50.0,LSG,0,0,0,0,0,0,0,0.0,0,0,0.0,0,0,0,0,0,0.0,0,0,0,0,0,0,0,0.0,0,0.0,0,0,0,0.0,0,0.0,,0,0,118.67426430406971,68.67426430406971,68.67426430406971,< ₹1 Cr
,2022,Bhanuka Rajapaksa,Batsman,Overseas,,50.0,PBKS,0,0,0,0,0,0,0,0.0,0,0,0.0,0,0,0,0,0,0.0,0,0,0,0,0,0,0,0.0,0,0.0,0,0,0,0.0,0,0.0,,0,0,187.70976138329343,137.70976138329343,137.70976138329343,< ₹1 Cr
,2022,Chamika Karunaratne,All-Rounder,Overseas,,50.0,KKR,0,0,0,0,0,0,0,0.0,0,0,0.0,0,0,0,0,0,0.0,0,0,0,0,0,0,0,0.0,0,0.0,0,0,0,0.0,0,0.0,,0,0,246.04276635822015,196.04276635822015,196.04276635822015,< ₹1 Cr
,2022,Gurkeerat Singh Mann,All-Rounder,Indian,,50.0,GT,0,0,0,0,0,0,0,0.0,0,0,0.0,0,0,0,0,0,0.0,0,0,0,0,0,0,0,0.0,0,0.0,0,0,0,0.0,0,0.0,,0,0,117.0631084083359,67.0631084083359,67.0631084083359,< ₹1 Cr
,2022,Lungisani Ngidi,Bowler,Overseas,,50.0,DC,0,0,0,0,0,0,0,0.0,0,0,0.0,0,0,0,0,0,0.0,0,0,0,0,0,0,0,0.0,0,0.0,0,0,0,0.0,0,0.0,,0,0,196.19689931298905,146.19689931298905,146.19689931298905,< ₹1 Cr
,2022,Tim Seifert,Wicket-Keeper,Overseas,,50.0,DC,0,0,0,0,0,0,0,0.0,0,0,0.0,0,0,0,0,0,0.0,0,0,0,0,0,0,0,0.0,0,0.0,0,0,0,0.0,0,0.0,,0,0,118.31141548890781,68.31141548890781,68.31141548890781,< ₹1 Cr
,2022,Yash Dhull,All-Rounder,Indian,,50.0,DC,0,0,0,0,0,0,0,0.0,0,0,0.0,0,0,0,0,0,0.0,0,0,0,0,0,0,0,0.0,0,0.0,0,0,0,0.0,0,0.0,,0,0,117.0631084083359,67.0631084083359,67.0631084083359,< ₹1 Cr
,2022,Benny Howell,All-Rounder,Overseas,,40.0,PBKS,0,0,0,0,0,0,0,0.0,0,0,0.0,0,0,0,0,0,0.0,0,0,0,0,0,0,0,0.0,0,0.0,0,0,0,0.0,0,0.0,,0,0,246.04276635822015,206.04276635822015,206.04276635822015,< ₹1 Cr
,2022,Suyash Prabhudessai,All-Rounder,Indian,,30.0,RCB,0,0,0,0,0,0,0,0.0,0,0,0.0,0,0,0,0,0,0.0,0,0,0,0,0,0,0,0.0,0,0.0,0,0,0,0.0,0,0.0,,0,0,117.0631084083359,87.0631084083359,87.0631084083359,< ₹1 Cr
,2022,Chama Milind,Bowler,Indian,,25.0,RCB,0,0,0,0,0,0,0,0.0,0,0,0.0,0,0,0,0,0,0.0,0,0,0,0,0,0,0,0.0,0,0.0,0,0,0,0.0,0,0.0,,0,0,118.67426430406971,93.67426430406971,93.67426430406971,< ₹1 Cr
,2022,Ansh Patel,All-Rounder,Indian,,20.0,PBKS,0,0,0,0,0,0,0,0.0,0,0,0.0,0,0,0,0,0,0.0,0,0,0,0,0,0,0,0.0,0,0.0,0,0,0,0.0,0,0.0,,0,0,117.0631084083359,97.0631084083359,97.0631084083359,< ₹1 Cr
,2022,Aman Khan,All-Rounder,Indian,,20.0,KKR,0,0,0,0,0,0,0,0.0,0,0,0.0,0,0,0,0,0,0.0,0,0,0,0,0,0,0,0.0,0,0.0,0,0,0,0.0,0,0.0,,0,0,117.0631084083359,97.0631084083359,97.0631084083359,< ₹1 Cr
,2022,Aneeshwar Gautam,All-Rounder,Indian,,20.0,RCB,0,0,0,0,0,0,0,0.0,0,0,0.0,0,0,0,0,0,0.0,0,0,0,0,0,0,0,0.0,0,0.0,0,0,0,0.0,0,0.0,,0,0,117.0631084083359,97.0631084083359,97.0631084083359,< ₹1 Cr
,2022,Anunay Singh,All-Rounder,Indian,,20.0,RR,0,0,0,0,0,0,0,0.0,0,0,0.0,0,0,0,0,0,0.0,0,0,0,0,0,0,0,0.0,0,0.0,0,0,0,0.0,0,0.0,,0,0,117.0631084083359,97.0631084083359,97.0631084083359,< ₹1 Cr
,2022,Aryan Juyal,Wicket-Keeper,Indian,,20.0,MI,0,0,0,0,0,0,0,0.0,0,0,0.0,0,0,0,0,0,0.0,0,0,0,0,0,0,0,0.0,0,0.0,0,0,0,0.0,0,0.0,,0,0,91.45862118287081,71.45862118287081,71.45862118287081,< ₹1 Cr
,2022,Ashwin Hebbar,Batsman,Indian,,20.0,DC,0,0,0,0,0,0,0,0.0,0,0,0.0,0,0,0,0,0,0.0,0,0,0,0,0,0,0,0.0,0,0.0,0,0,0,0.0,0,0.0,,0,0,110.08526455056162,90.08526455056162,90.08526455056162,< ₹1 Cr
,2022,Baba Indrajith,Wicket-Keeper,Indian,,20.0,KKR,0,0,0,0,0,0,0,0.0,0,0,0.0,0,0,0,0,0,0.0,0,0,0,0,0,0,0,0.0,0,0.0,0,0,0,0.0,0,0.0,,0,0,91.45862118287081,71.45862118287081,71.45862118287081,< ₹1 Cr
,2022,Baltej Dhanda,Bowler,Indian,,20.0,PBKS,0,0,0,0,0,0,0,0.0,0,0,0.0,0,0,0,0,0,0.0,0,0,0,0,0,0,0,0.0,0,0.0,0,0,0,0.0,0,0.0,,0,0,118.67426430406971,98.67426430406971,98.67426430406971,< ₹1 Cr
,2022,C Hari Nishaanth,Batsman,Indian,,20.0,CSK,0,0,0,0,0,0,0,0.0,0,0,0.0,0,0,0,0,0,0.0,0,0,0,0,0,0,0,0.0,0,0.0,0,0,0,0.0,0,0.0,,0,0,110.08526455056162,90.08526455056162,90.08526455056162,< ₹1 Cr
,2022,Darshan Nalkande,All-Rounder,Indian,,20.0,GT,0,0,0,0,0,0,0,0.0,0,0,0.0,0,0,0,0,0,0.0,0,0,0,0,0,0,0,0.0,0,0.0,0,0,0,0.0,0,0.0,,0,0,117.0631084083359,97.0631084083359,97.0631084083359,< ₹1 Cr
,2022,Dhruv Jurel,Wicket-Keeper,Indian,,20.0,RR,0,0,0,0,0,0,0,0.0,0,0,0.0,0,0,0,0,0,0.0,0,0,0,0,0,0,0,0.0,0,0.0,0,0,0,0.0,0,0.0,,0,0,91.45862118287081,71.45862118287081,71.45862118287081,< ₹1 Cr
,2022,Hrithik Shokeen,All-Rounder,Indian,,20.0,MI,0,0,0,0,0,0,0,0.0,0,0,0.0,0,0,0,0,0,0.0,0,0,0,0,0,0,0,0.0,0,0.0,0,0,0,0.0,0,0.0,,0,0,117.0631084083359,97.0631084083359,97.0631084083359,< ₹1 Cr
,2022,Jagadeesha Suchith,Bowler,Indian,,20.0,SRH,0,0,0,0,0,0,0,0.0,0,0,0.0,0,0,0,0,0,0.0,0,0,0,0,0,0,0,0.0,0,0.0,0,0,0,0.0,0,0.0,,0,0,118.67426430406971,98.67426430406971,98.67426430406971,< ₹1 Cr
,2022,Jitesh Sharma,Wicket-Keeper,Indian,,20.0,PBKS,0,0,0,0,0,0,0,0.0,0,0,0.0,0,0,0,0,0,0.0,0,0,0,0,0,0,0,0.0,0,0.0,0,0,0,0.0,0,0.0,,0,0,91.45862118287081,71.45862118287081,71.45862118287081,< ₹1 Cr
,2022,K Bhagath Varma,All-Rounder,Indian,,20.0,CSK,0,0,0,0,0,0,0,0.0,0,0,0.0,0,0,0,0,0,0.0,0,0,0,0,0,0,0,0.0,0,0.0,0,0,0,0.0,0,0.0,,0,0,117.0631084083359,97.0631084083359,97.0631084083359,< ₹1 Cr
,2022,K M Asif,Bowler,Indian,,20.0,CSK,0,0,0,0,0,0,0,0.0,0,0,0.0,0,0,0,0,0,0.0,0,0,0,0,0,0,0,0.0,0,0.0,0,0,0,0.0,0,0.0,,0,0,118.67426430406971,98.67426430406971,98.67426430406971,< ₹1 Cr
,2022,Luvnith Sisodia,Wicket-Keeper,Indian,,20.0,RCB,0,0,0,0,0,0,0,0.0,0,0,0.0,0,0,0,0,0,0.0,0,0,0,0,0,0,0,0.0,0,0.0,0,0,0,0.0,0,0.0,,0,0,91.45862118287081,71.45862118287081,71.45862118287081,< ₹1 Cr
,2022,Mohammed Arshad Khan,All-Rounder,Indian,,20.0,MI,0,0,0,0,0,0,0,0.0,0,0,0.0,0,0,0,0,0,0.0,0,0,0,0,0,0,0,0.0,0,0.0,0,0,0,0.0,0,0.0,,0,0,117.0631084083359,97.0631084083359,97.0631084083359,< ₹1 Cr
,2022,Pratham Singh,Batsman,Indian,,20.0,KKR,0,0,0,0,0,0,0,0.0,0,0,0.0,0,0,0,0,0,0.0,0,0,0,0,0,0,0,0.0,0,0.0,0,0,0,0.0,0,0.0,,0,0,110.08526455056162,90.08526455056162,90.08526455056162,< ₹1 Cr
,2022,R Samarth,Batsman,Indian,,20.0,SRH,0,0,0,0,0,0,0,0.0,0,0,0.0,0,0,0,0,0,0.0,0,0,0,0,0,0,0,0.0,0,0.0,0,0,0,0.0,0,0.0,,0,0,110.08526455056162,90.08526455056162,90.08526455056162,< ₹1 Cr
,2022,Rahul Buddhi,Batsman,Indian,,20.0,MI,0,0,0,0,0,0,0,0.0,0,0,0.0,0,0,0,0,0,0.0,0,0,0,0,0,0,0,0.0,0,0.0,0,0,0,0.0,0,0.0,,0,0,110.08526455056162,90.08526455056162,90.08526455056162,< ₹1 Cr
,2022,Ramesh Kumar,Batsman,Indian,,20.0,KKR,0,0,0,0,0,0,0,0.0,0,0,0.0,0,0,0,0,0,0.0,0,0,0,0,0,0,0,0.0,0,0.0,0,0,0,0.0,0,0.0,,0,0,110.08526455056162,90.08526455056162,90.08526455056162,< ₹1 Cr
,2022,Rasikh Dar,Bowler,Indian,,20.0,KKR,0,0,0,0,0,0,0,0.0,0,0,0.0,0,0,0,0,0,0.0,0,0,0,0,0,0,0,0.0,0,0.0,0,0,0,0.0,0,0.0,,0,0,118.67426430406971,98.67426430406971,98.67426430406971,< ₹1 Cr
,2022,Sarfaraz Khan,All-Rounder,Indian,,20.0,DC,0,0,0,0,0,0,0,0.0,0,0,0.0,0,0,0,0,0,0.0,0,0,0,0,0,0,0,0.0,0,0.0,0,0,0,0.0,0,0.0,,0,0,117.0631084083359,97.0631084083359,97.0631084083359,< ₹1 Cr
,2022,Saurabh Dubey,Bowler,Indian,,20.0,SRH,0,0,0,0,0,0,0,0.0,0,0,0.0,0,0,0,0,0,0.0,0,0,0,0,0,0,0,0.0,0,0.0,0,0,0,0.0,0,0.0,,0,0,118.67426430406971,98.67426430406971,98.67426430406971,< ₹1 Cr
,2022,Shubham Garhwal,All-Rounder,Indian,,20.0,RR,0,0,0,0,0,0,0,0.0,0,0,0.0,0,0,0,0,0,0.0,0,0,0,0,0,0,0,0.0,0,0.0,0,0,0,0.0,0,0.0,,0,0,117.0631084083359,97.0631084083359,97.0631084083359,< ₹1 Cr
,2022,Subhranshu Senapati,Batsman,Indian,,20.0,CSK,0,0,0,0,0,0,0,0.0,0,0,0.0,0,0,0,0,0,0.0,0,0,0,0,0,0,0,0.0,0,0.0,0,0,0,0.0,0,0.0,,0,0,110.08526455056162,90.08526455056162,90.08526455056162,< ₹1 Cr
,2022,Tushar Deshpande,Bowler,Indian,,20.0,CSK,0,0,0,0,0,0,0,0.0,0,0,0.0,0,0,0,0,0,0.0,0,0,0,0,0,0,0,0.0,0,0.0,0,0,0,0.0,0,0.0,,0,0,118.67426430406971,98.67426430406971,98.67426430406971,< ₹1 Cr
,2022,Vicky Ostwal,All-Rounder,Indian,,20.0,DC,0,0,0,0,0,0,0,0.0,0,0,0.0,0,0,0,0,0,0.0,0,0,0,0,0,0,0,0.0,0,0.0,0,0,0,0.0,0,0.0,,0,0,117.0631084083359,97.0631084083359,97.0631084083359,< ₹1 Cr
,2022,Writtick Chatterjee,All-Rounder,Indian,,20.0,PBKS,0,0,0,0,0,0,0,0.0,0,0,0.0,0,0,0,0,0,0.0,0,0,0,0,0,0,0,0.0,0,0.0,0,0,0,0.0,0,0.0,,0,0,117.0631084083359,97.0631084083359,97.0631084083359,< ₹1 Cr
,2023,Harry Brook,Batsman,Overseas,150.0,1325.0,SRH,0,0,0,0,0,0,0,0.0,0,0,0.0,0,0,0,0,0,0.0,0,0,0,0,0,0,0,0.0,0,0.0,0,0,0,0.0,0,0.0,,0,0,187.70976138329343,-1137.2902386167066,1137.2902386167066,₹10+ Cr
,2023,Joshua Little,Bowler,Overseas,50.0,440.00000000000006,GT,0,0,0,0,0,0,0,0.0,0,0,0.0,0,0,0,0,0,0.0,0,0,0,0,0,0,0,0.0,0,0.0,0,0,0,0.0,0,0.0,,0,0,196.19689931298905,-243.803100687011,243.803100687011,₹2–5 Cr
,2023,Phil Salt,Wicket-Keeper,Overseas,200.0,200.0,DC,0,0,0,0,0,0,0,0.0,0,0,0.0,0,0,0,0,0,0.0,0,0,0,0,0,0,0,0.0,0,0.0,0,0,0,0.0,0,0.0,,0,0,118.31141548890781,-81.68858451109219,81.68858451109219,₹2–5 Cr
,2023,Reece Topley,Bowler,Overseas,75.0,190.0,RCB,0,0,0,0,0,0,0,0.0,0,0,0.0,0,0,0,0,0,0.0,0,0,0,0,0,0,0,0.0,0,0.0,0,0,0,0.0,0,0.0,,0,0,196.19689931298905,6.196899312989046,6.196899312989046,₹1–2 Cr
,2023,Rajan Kumar,Bowler,Indian,20.0,70.0,RCB,0,0,0,0,0,0,0,0.0,0,0,0.0,0,0,0,0,0,0.0,0,0,0,0,0,0,0,0.0,0,0.0,0,0,0,0.0,0,0.0,,0,0,118.67426430406971,48.67426430406971,48.67426430406971,< ₹1 Cr
,2023,Avinash Singh,Bowler,Indian,20.0,60.0,RCB,0,0,0,0,0,0,0,0.0,0,0,0.0,0,0,0,0,0,0.0,0,0,0,0,0,0,0,0.0,0,0.0,0,0,0,0.0,0,0.0,,0,0,118.67426430406971,58.67426430406971,58.67426430406971,< ₹1 Cr
,2023,Nishant Sindhu,All-Rounder,Indian,20.0,60.0,CSK,0,0,0,0,0,0,0,0.0,0,0,0.0,0,0,0,0,0,0.0,0,0,0,0,0,0,0,0.0,0,0.0,0,0,0,0.0,0,0.0,,0,0,117.0631084083359,57.06310840833591,57.06310840833591,< ₹1 Cr
,2023,Vaibhav Arora,Bowler,Indian,20.0,60.0,KKR,0,0,0,0,0,0,0,0.0,0,0,0.0,0,0,0,0,0,0.0,0,0,0,0,0,0,0,0.0,0,0.0,0,0,0,0.0,0,0.0,,0,0,118.67426430406971,58.67426430406971,58.67426430406971,< ₹1 Cr
,2023,Litton Das,Wicket-Keeper,Overseas,50.0,50.0,KKR,0,0,0,0,0,0,0,0.0,0,0,0.0,0,0,0,0,0,0.0,0,0,0,0,0,0,0,0.0,0,0.0,0,0,0,0.0,0,0.0,,0,0,118.31141548890781,68.31141548890781,68.31141548890781,< ₹1 Cr
,2023,Odean Smith,All-Rounder,Overseas,50.0,50.0,GT,0,0,0,0,0,0,0,0.0,0,0,0.0,0,0,0,0,0,0.0,0,0,0,0,0,0,0,0.0,0,0.0,0,0,0,0.0,0,0.0,,0,0,246.04276635822015,196.04276635822015,196.04276635822015,< ₹1 Cr
,2023,Romario Shepherd,All-Rounder,Overseas,50.0,50.0,LSG,0,0,0,0,0,0,0,0.0,0,0,0.0,0,0,0,0,0,0.0,0,0,0,0,0,0,0,0.0,0,0.0,0,0,0,0.0,0,0.0,,0,0,246.04276635822015,196.04276635822015,196.04276635822015,< ₹1 Cr
,2023,Harpreet Bhatia,Batsman,Indian,20.0,40.0,PBKS,0,0,0,0,0,0,0,0.0,0,0,0.0,0,0,0,0,0,0.0,0,0,0,0,0,0,0,0.0,0,0.0,0,0,0,0.0,0,0.0,,0,0,110.08526455056162,70.08526455056162,70.08526455056162,< ₹1 Cr
,2023,Ajay Mandal,All-Rounder,Indian,20.0,20.0,CSK,0,0,0,0,0,0,0,0.0,0,0,0.0,0,0,0,0,0,0.0,0,0,0,0,0,0,0,0.0,0,0.0,0,0,0,0.0,0,0.0,,0,0,117.0631084083359,97.0631084083359,97.0631084083359,< ₹1 Cr
,2023,Akash Vashisht,All-Rounder,Indian,20.0,20.0,RR,0,0,0,0,0,0,0,0.0,0,0,0.0,0,0,0,0,0,0.0,0,0,0,0,0,0,0,0.0,0,0.0,0,0,0,0.0,0,0.0,,0,0,117.0631084083359,97.0631084083359,97.0631084083359,< ₹1 Cr
,2023,Bhagath Varma,All-Rounder,Indian,20.0,20.0,CSK,0,0,0,0,0,0,0,0.0,0,0,0.0,0,0,0,0,0,0.0,0,0,0,0,0,0,0,0.0,0,0.0,0,0,0,0.0,0,0.0,,0,0,117.0631084083359,97.0631084083359,97.0631084083359,< ₹1 Cr
,2023,Duan Jansen,All-Rounder,Overseas,20.0,20.0,MI,0,0,0,0,0,0,0,0.0,0,0,0.0,0,0,0,0,0,0.0,0,0,0,0,0,0,0,0.0,0,0.0,0,0,0,0.0,0,0.0,,0,0,246.04276635822015,226.04276635822015,226.04276635822015,< ₹1 Cr
,2023,Himanshu Sharma,Bowler,Indian,20.0,20.0,RCB,0,0,0,0,0,0,0,0.0,0,0,0.0,0,0,0,0,0,0.0,0,0,0,0,0,0,0,0.0,0,0.0,0,0,0,0.0,0,0.0,,0,0,118.67426430406971,98.67426430406971,98.67426430406971,< ₹1 Cr
,2023,Kunal Rathore,Wicket-Keeper,Indian,20.0,20.0,RR,0,0,0,0,0,0,0,0.0,0,0,0.0,0,0,0,0,0,0.0,0,0,0,0,0,0,0,0.0,0,0.0,0,0,0,0.0,0,0.0,,0,0,91.45862118287081,71.45862118287081,71.45862118287081,< ₹1 Cr
,2023,Murugan Ashwin,Bowler,Indian,20.0,20.0,RR,0,0,0,0,0,0,0,0.0,0,0,0.0,0,0,0,0,0,0.0,0,0,0,0,0,0,0,0.0,0,0.0,0,0,0,0.0,0,0.0,,0,0,118.67426430406971,98.67426430406971,98.67426430406971,< ₹1 Cr
,2023,Nehal Wadhera,All-Rounder,Indian,20.0,20.0,MI,0,0,0,0,0,0,0,0.0,0,0,0.0,0,0,0,0,0,0.0,0,0,0,0,0,0,0,0.0,0,0.0,0,0,0,0.0,0,0.0,,0,0,117.0631084083359,97.0631084083359,97.0631084083359,< ₹1 Cr
,2023,Nitish Kumar Reddy,Wicket-Keeper,Indian,20.0,20.0,SRH,0,0,0,0,0,0,0,0.0,0,0,0.0,0,0,0,0,0,0.0,0,0,0,0,0,0,0,0.0,0,0.0,0,0,0,0.0,0,0.0,,0,0,91.45862118287081,71.45862118287081,71.45862118287081,< ₹1 Cr
,2023,Raghav Goyal,Bowler,Indian,20.0,20.0,MI,0,0,0,0,0,0,0,0.0,0,0,0.0,0,0,0,0,0,0.0,0,0,0,0,0,0,0,0.0,0,0.0,0,0,0,0.0,0,0.0,,0,0,118.67426430406971,98.67426430406971,98.67426430406971,< ₹1 Cr
,2023,Sonu Yadav,All-Rounder,Indian,20.0,20.0,RCB,0,0,0,0,0,0,0,0.0,0,0,0.0,0,0,0,0,0,0.0,0,0,0,0,0,0,0,0.0,0,0.0,0,0,0,0.0,0,0.0,,0,0,117.0631084083359,97.0631084083359,97.0631084083359,< ₹1 Cr
,2023,Samarth Vyas,All-Rounder,Indian,20.0,20.0,SRH,0,0,0,0,0,0,0,0.0,0,0,0.0,0,0,0,0,0,0.0,0,0,0,0,0,0,0,0.0,0,0.0,0,0,0,0.0,0,0.0,,0,0,117.0631084083359,97.0631084083359,97.0631084083359,< ₹1 Cr
,2023,Shaik Rasheed,Batsman,Indian,20.0,20.0,CSK,0,0,0,0,0,0,0,0.0,0,0,0.0,0,0,0,0,0,0.0,0,0,0,0,0,0,0,0.0,0,0.0,0,0,0,0.0,0,0.0,,0,0,110.08526455056162,90.08526455056162,90.08526455056162,< ₹1 Cr
,2023,Vidwath Kaverappa,Bowler,Indian,20.0,20.0,PBKS,0,0,0,0,0,0,0,0.0,0,0,0.0,0,0,0,0,0,0.0,0,0,0,0,0,0,0,0.0,0,0.0,0,0,0,0.0,0,0.0,,0,0,118.67426430406971,98.67426430406971,98.67426430406971,< ₹1 Cr
,2023,Yudhvir Charak,All-Rounder,Indian,20.0,20.0,LSG,0,0,0,0,0,0,0,0.0,0,0,0.0,0,0,0,0,0,0.0,0,0,0,0,0,0,0,0.0,0,0.0,0,0,0,0.0,0,0.0,,0,0,117.0631084083359,97.0631084083359,97.0631084083359,< ₹1 Cr
,2026,Matheesha Pathirana,Unknown,Overseas,,1800.0,KKR,0,0,0,0,0,0,0,0.0,0,0,0.0,0,0,0,0,0,0.0,0,0,0,0,0,0,0,0.0,0,0.0,0,0,0,0.0,0,0.0,,0,0,107.1465173168393,-1692.8534826831608,1692.8534826831608,₹10+ Cr
,2026,Kartik Sharma,Unknown,Indian,,1420.0,CSK,0,0,0,0,0,0,0,0.0,0,0,0.0,0,0,0,0,0,0.0,0,0,0,0,0,0,0,0.0,0,0.0,0,0,0,0.0,0,0.0,,0,0,325.7406307628375,-1094.2593692371624,1094.2593692371624,₹10+ Cr
,2026,Prashant Veer,Unknown,Indian,,1420.0,CSK,0,0,0,0,0,0,0,0.0,0,0,0.0,0,0,0,0,0,0.0,0,0,0,0,0,0,0,0.0,0,0.0,0,0,0,0.0,0,0.0,,0,0,325.7406307628375,-1094.2593692371624,1094.2593692371624,₹10+ Cr
,2026,Auqib Nabi,Unknown,Indian,,840.0,DC,0,0,0,0,0,0,0,0.0,0,0,0.0,0,0,0,0,0,0.0,0,0,0,0,0,0,0,0.0,0,0.0,0,0,0,0.0,0,0.0,,0,0,325.7406307628375,-514.2593692371624,514.2593692371624,₹5–10 Cr
,2026,Mangesh Yadav,All-Rounder,Indian,,520.0,RCB,0,0,0,0,0,0,0,0.0,0,0,0.0,0,0,0,0,0,0.0,0,0,0,0,0,0,0,0.0,0,0.0,0,0,0,0.0,0,0.0,,0,0,117.0631084083359,-402.9368915916641,402.9368915916641,₹5–10 Cr
,2026,Rahul Chahar,Unknown,Indian,,520.0,CSK,0,0,0,0,0,0,0,0.0,0,0,0.0,0,0,0,0,0,0.0,0,0,0,0,0,0,0,0.0,0,0.0,0,0,0,0.0,0,0.0,,0,0,325.7406307628375,-194.2593692371625,194.2593692371625,₹5–10 Cr
,2026,Ben Dwarshuis,All-Rounder,Overseas,,440.0,PBKS,0,0,0,0,0,0,0,0.0,0,0,0.0,0,0,0,0,0,0.0,0,0,0,0,0,0,0,0.0,0,0.0,0,0,0,0.0,0,0.0,,0,0,246.04276635822015,-193.95723364177985,193.95723364177985,₹2–5 Cr
,2026,Pathum Nissanka,Batsman,Overseas,,400.0,DC,0,0,0,0,0,0,0,0.0,0,0,0.0,0,0,0,0,0,0.0,0,0,0,0,0,0,0,0.0,0,0.0,0,0,0,0.0,0,0.0,,0,0,187.70976138329343,-212.29023861670657,212.29023861670657,₹2–5 Cr
,2026,Cooper Connolly,All-Rounder,Overseas,,300.0,PBKS,0,0,0,0,0,0,0,0.0,0,0,0.0,0,0,0,0,0,0.0,0,0,0,0,0,0,0,0.0,0,0.0,0,0,0,0.0,0,0.0,,0,0,246.04276635822015,-53.95723364177985,53.95723364177985,₹2–5 Cr
,2026,Jack Edwards,All-Rounder,Overseas,,300.0,SRH,0,0,0,0,0,0,0,0.0,0,0,0.0,0,0,0,0,0,0.0,0,0,0,0,0,0,0,0.0,0,0.0,0,0,0,0.0,0,0.0,,0,0,246.04276635822015,-53.95723364177985,53.95723364177985,₹2–5 Cr
,2026,Tejasvi Singh,Unknown,Indian,,300.0,KKR,0,0,0,0,0,0,0,0.0,0,0,0.0,0,0,0,0,0,0.0,0,0,0,0,0,0,0,0.0,0,0.0,0,0,0,0.0,0,0.0,,0,0,325.7406307628375,25.740630762837498,25.740630762837498,₹2–5 Cr
,2026,Mukul Choudhary,Unknown,Indian,,260.0,LSG,0,0,0,0,0,0,0,0.0,0,0,0.0,0,0,0,0,0,0.0,0,0,0,0,0,0,0,0.0,0,0.0,0,0,0,0.0,0,0.0,,0,0,325.7406307628375,65.7406307628375,65.7406307628375,₹2–5 Cr
,2026,Akshat Raghuwanshi,Batsman,Indian,,220.0,LSG,0,0,0,0,0,0,0,0.0,0,0,0.0,0,0,0,0,0,0.0,0,0,0,0,0,0,0,0.0,0,0.0,0,0,0,0.0,0,0.0,,0,0,110.08526455056162,-109.91473544943838,109.91473544943838,₹2–5 Cr
,2026,Ben Duckett,Unknown,Overseas,,200.0,DC,0,0,0,0,0,0,0,0.0,0,0,0.0,0,0,0,0,0,0.0,0,0,0,0,0,0,0,0.0,0,0.0,0,0,0,0.0,0,0.0,,0,0,107.1465173168393,-92.8534826831607,92.8534826831607,₹2–5 Cr
,2026,Finn Allen,Unknown,Overseas,,200.0,KKR,0,0,0,0,0,0,0,0.0,0,0,0.0,0,0,0,0,0,0.0,0,0,0,0,0,0,0,0.0,0,0.0,0,0,0,0.0,0,0.0,,0,0,107.1465173168393,-92.8534826831607,92.8534826831607,₹2–5 Cr
,2026,Jacob Duffy,Unknown,Overseas,,200.0,RCB,0,0,0,0,0,0,0,0.0,0,0,0.0,0,0,0,0,0,0.0,0,0,0,0,0,0,0,0.0,0,0.0,0,0,0,0.0,0,0.0,,0,0,107.1465173168393,-92.8534826831607,92.8534826831607,₹2–5 Cr
,2026,Matt Henry,Unknown,Overseas,,200.0,CSK,0,0,0,0,0,0,0,0.0,0,0,0.0,0,0,0,0,0,0.0,0,0,0,0,0,0,0,0.0,0,0.0,0,0,0,0.0,0,0.0,,0,0,107.1465173168393,-92.8534826831607,92.8534826831607,₹2–5 Cr
,2026,Matthew Short,All-Rounder,Overseas,,150.0,CSK,0,0,0,0,0,0,0,0.0,0,0,0.0,0,0,0,0,0,0.0,0,0,0,0,0,0,0,0.0,0,0.0,0,0,0,0.0,0,0.0,,0,0,246.04276635822015,96.04276635822015,96.04276635822015,₹1–2 Cr
,2026,Salil Arora,Wicket-Keeper,Indian,,150.0,SRH,0,0,0,0,0,0,0,0.0,0,0,0.0,0,0,0,0,0,0.0,0,0,0,0,0,0,0,0.0,0,0.0,0,0,0,0.0,0,0.0,,0,0,91.45862118287081,-58.541378817129186,58.541378817129186,₹1–2 Cr
,2026,Tim Seifert,Wicket-Keeper,Overseas,,150.0,KKR,0,0,0,0,0,0,0,0.0,0,0,0.0,0,0,0,0,0,0.0,0,0,0,0,0,0,0,0.0,0,0.0,0,0,0,0.0,0,0.0,,0,0,118.31141548890781,-31.688584511092188,31.688584511092188,₹1–2 Cr
,2026,Naman Tiwari,Unknown,Indian,,100.0,LSG,0,0,0,0,0,0,0,0.0,0,0,0.0,0,0,0,0,0,0.0,0,0,0,0,0,0,0,0.0,0,0.0,0,0,0,0.0,0,0.0,,0,0,325.7406307628375,225.7406307628375,225.7406307628375,₹1–2 Cr
,2026,Ravi Singh,Wicket-Keeper,Indian,,95.0,RR,0,0,0,0,0,0,0,0.0,0,0,0.0,0,0,0,0,0,0.0,0,0,0,0,0,0,0,0.0,0,0.0,0,0,0,0.0,0,0.0,,0,0,91.45862118287081,-3.5413788171291856,3.5413788171291856,< ₹1 Cr
,2026,Ashok Sharma,Unknown,Indian,,90.0,GT,0,0,0,0,0,0,0,0.0,0,0,0.0,0,0,0,0,0,0.0,0,0,0,0,0,0,0,0.0,0,0.0,0,0,0,0.0,0,0.0,,0,0,325.7406307628375,235.7406307628375,235.7406307628375,< ₹1 Cr
,2026,Sushant Mishra,Unknown,Indian,,90.0,RR,0,0,0,0,0,0,0,0.0,0,0,0.0,0,0,0,0,0,0.0,0,0,0,0,0,0,0,0.0,0,0.0,0,0,0,0.0,0,0.0,,0,0,325.7406307628375,235.7406307628375,235.7406307628375,< ₹1 Cr
,2026,Jordan Cox,Wicket-Keeper,Overseas,,75.0,RCB,0,0,0,0,0,0,0,0.0,0,0,0.0,0,0,0,0,0,0.0,0,0,0,0,0,0,0,0.0,0,0.0,0,0,0,0.0,0,0.0,,0,0,118.31141548890781,43.31141548890781,43.31141548890781,< ₹1 Cr
,2026,Luke Wood,Bowler,Overseas,,75.0,GT,0,0,0,0,0,0,0,0.0,0,0,0.0,0,0,0,0,0,0.0,0,0,0,0,0,0,0,0.0,0,0.0,0,0,0,0.0,0,0.0,,0,0,196.19689931298905,121.19689931298905,121.19689931298905,< ₹1 Cr
,2026,Rahul Tripathi,Batsman,Indian,,75.0,KKR,0,0,0,0,0,0,0,0.0,0,0,0.0,0,0,0,0,0,0.0,0,0,0,0,0,0,0,0.0,0,0.0,0,0,0,0.0,0,0.0,,0,0,110.08526455056162,35.08526455056162,35.08526455056162,< ₹1 Cr
,2026,Sarfaraz Khan,Unknown,Indian,,75.0,CSK,0,0,0,0,0,0,0,0.0,0,0,0.0,0,0,0,0,0,0.0,0,0,0,0,0,0,0,0.0,0,0.0,0,0,0,0.0,0,0.0,,0,0,325.7406307628375,250.7406307628375,250.7406307628375,< ₹1 Cr
,2026,Zak Foulkes,All-Rounder,Overseas,,75.0,CSK,0,0,0,0,0,0,0,0.0,0,0,0.0,0,0,0,0,0,0.0,0,0,0,0,0,0,0,0.0,0,0.0,0,0,0,0.0,0,0.0,,0,0,246.04276635822015,171.04276635822015,171.04276635822015,< ₹1 Cr
,2026,Aman Khan,All-Rounder,Indian,,40.0,CSK,0,0,0,0,0,0,0,0.0,0,0,0.0,0,0,0,0,0,0.0,0,0,0,0,0,0,0,0.0,0,0.0,0,0,0,0.0,0,0.0,,0,0,117.0631084083359,77.0631084083359,77.0631084083359,< ₹1 Cr
,2026,Aman Rao,Batsman,Indian,,30.0,RR,0,0,0,0,0,0,0,0.0,0,0,0.0,0,0,0,0,0,0.0,0,0,0,0,0,0,0,0.0,0,0.0,0,0,0,0.0,0,0.0,,0,0,110.08526455056162,80.08526455056162,80.08526455056162,< ₹1 Cr
,2026,Amit Kumar,Bowler,Indian,,30.0,SRH,0,0,0,0,0,0,0,0.0,0,0,0.0,0,0,0,0,0,0.0,0,0,0,0,0,0,0,0.0,0,0.0,0,0,0,0.0,0,0.0,,0,0,118.67426430406971,88.67426430406971,88.67426430406971,< ₹1 Cr
,2026,Atharva Ankolekar,All-Rounder,Indian,,30.0,MI,0,0,0,0,0,0,0,0.0,0,0,0.0,0,0,0,0,0,0.0,0,0,0,0,0,0,0,0.0,0,0.0,0,0,0,0.0,0,0.0,,0,0,117.0631084083359,87.0631084083359,87.0631084083359,< ₹1 Cr
,2026,Brijesh Sharma,Bowler,Indian,,30.0,RR,0,0,0,0,0,0,0,0.0,0,0,0.0,0,0,0,0,0,0.0,0,0,0,0,0,0,0,0.0,0,0.0,0,0,0,0.0,0,0.0,,0,0,118.67426430406971,88.67426430406971,88.67426430406971,< ₹1 Cr
,2026,Daksh Kamra,All-Rounder,Indian,,30.0,KKR,0,0,0,0,0,0,0,0.0,0,0,0.0,0,0,0,0,0,0.0,0,0,0,0,0,0,0,0.0,0,0.0,0,0,0,0.0,0,0.0,,0,0,117.0631084083359,87.0631084083359,87.0631084083359,< ₹1 Cr
,2026,Danish Malewar,Batsman,Indian,,30.0,MI,0,0,0,0,0,0,0,0.0,0,0,0.0,0,0,0,0,0,0.0,0,0,0,0,0,0,0,0.0,0,0.0,0,0,0,0.0,0,0.0,,0,0,110.08526455056162,80.08526455056162,80.08526455056162,< ₹1 Cr
,2026,Kanishk Chouhan,All-Rounder,Indian,,30.0,RCB,0,0,0,0,0,0,0,0.0,0,0,0.0,0,0,0,0,0,0.0,0,0,0,0,0,0,0,0.0,0,0.0,0,0,0,0.0,0,0.0,,0,0,117.0631084083359,87.0631084083359,87.0631084083359,< ₹1 Cr
,2026,Krains Fuletra,All-Rounder,Indian,,30.0,SRH,0,0,0,0,0,0,0,0.0,0,0,0.0,0,0,0,0,0,0.0,0,0,0,0,0,0,0,0.0,0,0.0,0,0,0,0.0,0,0.0,,0,0,117.0631084083359,87.0631084083359,87.0631084083359,< ₹1 Cr
,2026,Mayank Rawat,All-Rounder,Indian,,30.0,MI,0,0,0,0,0,0,0,0.0,0,0,0.0,0,0,0,0,0,0.0,0,0,0,0,0,0,0,0.0,0,0.0,0,0,0,0.0,0,0.0,,0,0,117.0631084083359,87.0631084083359,87.0631084083359,< ₹1 Cr
,2026,Mohammed Izhar,Bowler,Indian,,30.0,MI,0,0,0,0,0,0,0,0.0,0,0,0.0,0,0,0,0,0,0.0,0,0,0,0,0,0,0,0.0,0,0.0,0,0,0,0.0,0,0.0,,0,0,118.67426430406971,88.67426430406971,88.67426430406971,< ₹1 Cr
,2026,Onkar Tarmale,Bowler,Indian,,30.0,SRH,0,0,0,0,0,0,0,0.0,0,0,0.0,0,0,0,0,0,0.0,0,0,0,0,0,0,0,0.0,0,0.0,0,0,0,0.0,0,0.0,,0,0,118.67426430406971,88.67426430406971,88.67426430406971,< ₹1 Cr
,2026,Praful Hinge,Bowler,Indian,,30.0,SRH,0,0,0,0,0,0,0,0.0,0,0,0.0,0,0,0,0,0,0.0,0,0,0,0,0,0,0,0.0,0,0.0,0,0,0,0.0,0,0.0,,0,0,118.67426430406971,88.67426430406971,88.67426430406971,< ₹1 Cr
,2026,Prashant Solanki,Unknown,Indian,,30.0,KKR,0,0,0,0,0,0,0,0.0,0,0,0.0,0,0,0,0,0,0.0,0,0,0,0,0,0,0,0.0,0,0.0,0,0,0,0.0,0,0.0,,0,0,325.7406307628375,295.7406307628375,295.7406307628375,< ₹1 Cr
,2026,Praveen Dubey,Bowler,Indian,,30.0,PBKS,0,0,0,0,0,0,0,0.0,0,0,0.0,0,0,0,0,0,0.0,0,0,0,0,0,0,0,0.0,0,0.0,0,0,0,0.0,0,0.0,,0,0,118.67426430406971,88.67426430406971,88.67426430406971,< ₹1 Cr
,2026,Prithvi Raj,Bowler,Indian,,30.0,GT,0,0,0,0,0,0,0,0.0,0,0,0.0,0,0,0,0,0,0.0,0,0,0,0,0,0,0,0.0,0,0.0,0,0,0,0.0,0,0.0,,0,0,118.67426430406971,88.67426430406971,88.67426430406971,< ₹1 Cr
,2026,Sahil Parekh,Batsman,Indian,,30.0,DC,0,0,0,0,0,0,0,0.0,0,0,0.0,0,0,0,0,0,0.0,0,0,0,0,0,0,0,0.0,0,0.0,0,0,0,0.0,0,0.0,,0,0,110.08526455056162,80.08526455056162,80.08526455056162,< ₹1 Cr
,2026,Sakib Hussain,Bowler,Indian,,30.0,SRH,0,0,0,0,0,0,0,0.0,0,0,0.0,0,0,0,0,0,0.0,0,0,0,0,0,0,0,0.0,0,0.0,0,0,0,0.0,0,0.0,,0,0,118.67426430406971,88.67426430406971,88.67426430406971,< ₹1 Cr
,2026,Sarthak Ranjan,All-Rounder,Indian,,30.0,KKR,0,0,0,0,0,0,0,0.0,0,0,0.0,0,0,0,0,0,0.0,0,0,0,0,0,0,0,0.0,0,0.0,0,0,0,0.0,0,0.0,,0,0,117.0631084083359,87.0631084083359,87.0631084083359,< ₹1 Cr
,2026,Satvik Deswal,All-Rounder,Indian,,30.0,RCB,0,0,0,0,0,0,0,0.0,0,0,0.0,0,0,0,0,0,0.0,0,0,0,0,0,0,0,0.0,0,0.0,0,0,0,0.0,0,0.0,,0,0,117.0631084083359,87.0631084083359,87.0631084083359,< ₹1 Cr
,2026,Shivang Kumar,Unknown,Indian,,30.0,SRH,0,0,0,0,0,0,0,0.0,0,0,0.0,0,0,0,0,0,0.0,0,0,0,0,0,0,0,0.0,0,0.0,0,0,0,0.0,0,0.0,,0,0,325.7406307628375,295.7406307628375,295.7406307628375,< ₹1 Cr
,2026,Vicky Ostwal,All-Rounder,Indian,,30.0,RCB,0,0,0,0,0,0,0,0.0,0,0,0.0,0,0,0,0,0,0.0,0,0,0,0,0,0,0,0.0,0,0.0,0,0,0,0.0,0,0.0,,0,0,117.0631084083359,87.0631084083359,87.0631084083359,< ₹1 Cr
,2026,Vignesh Puthur,Unknown,Indian,,30.0,RR,0,0,0,0,0,0,0,0.0,0,0,0.0,0,0,0,0,0,0.0,0,0,0,0,0,0,0,0.0,0,0.0,0,0,0,0.0,0,0.0,,0,0,325.7406307628375,295.7406307628375,295.7406307628375,< ₹1 Cr
,2026,Vihaan Malhotra,All-Rounder,Indian,,30.0,RCB,0,0,0,0,0,0,0,0.0,0,0,0.0,0,0,0,0,0,0.0,0,0,0,0,0,0,0,0.0,0,0.0,0,0,0,0.0,0,0.0,,0,0,117.0631084083359,87.0631084083359,87.0631084083359,< ₹1 Cr
,2026,Vishal Nishad,All-Rounder,Indian,,30.0,PBKS,0,0,0,0,0,0,0,0.0,0,0,0.0,0,0,0,0,0,0.0,0,0,0,0,0,0,0,0.0,0,0.0,0,0,0,0.0,0,0.0,,0,0,117.0631084083359,87.0631084083359,87.0631084083359,< ₹1 Cr
,2026,Yash Raj Punja,Unknown,Indian,,30.0,RR,0,0,0,0,0,0,0,0.0,0,0,0.0,0,0,0,0,0,0.0,0,0,0,0,0,0,0,0.0,0,0.0,0,0,0,0.0,0,0.0,,0,0,325.7406307628375,295.7406307628375,295.7406307628375,< ₹1 Cr
